FISHID,Year,Month,Heatwave,SL_mm,OtoRadius_Avg,Fil21d,increment21_edge,increment20,increment19,increment18,increment17,increment16,increment15,increment14,increment13,increment12,increment11,increment10,increment9,increment8,increment7,increment6,increment5,increment4,increment3,increment2,increment1_closertocore
BL0251,2006,8,Before,69,546.99,88.438,3.598,4.215,4.216,3.173,4.307,4.286,3.739,4.316,4.841,4.585,3.409,4.302,4.486,3.775,3.862,4.907,3.903,4.459,4.328,5.339,4.395
BL0252,2006,8,Before,60,445.82,71.221,2.781,3.485,3.552,3.921,3.024,2.793,2.398,2.159,3.026,3.836,2.529,2.553,2.7,2.787,4.294,3.094,3.431,4.527,4.393,4.953,4.991
BL0266,2006,8,Before,70,527.21,67.074,3.563,3.139,3.193,3.654,2.69,3.304,3.142,3.482,3.973,3.287,4.893,3.134,2.469,2.916,3.336,3.618,2.175,2.81,2.793,2.925,2.583
BL0267,2006,8,Before,66,570.04,116.7,4.101,5.596,3.947,6.505,4.849,4.799,5.404,7.238,5.557,5.001,5.237,5.305,5.954,6.283,6.042,5.235,5.723,4.954,5.529,7.717,5.73
BL0291,2006,8,Before,70,499.36,159.039,8.014,8.33,7.423,8.757,8.045,7.036,7.868,9.073,9.975,8.534,7.176,8.429,7.028,5.347,6.223,7.63,5.184,6.294,7.727,8.541,6.41
BL0292,2006,8,Before,71,499.88,125.077,6.201,4.961,5.541,5.134,5.559,4.922,4.12,6.868,5.849,5.434,5.664,7.411,4.747,6.041,6.262,7.017,6.63,6.357,7.376,7.006,5.981
BL0303,2006,8,Before,84,648.01,96.363,3.891,4.067,3.399,4.173,4.154,3.933,3.468,4.021,4.899,6.143,4.832,5.296,6.875,5.289,5.338,4.237,4.561,4.574,4.457,3.894,4.866
BL0304,2006,8,Before,68,479.39,75.156,3.891,4.055,4.444,3.832,3.02,3.541,4.037,3.258,4.068,4.365,3.225,3.667,2.752,2.792,4.148,3.249,4.114,3.834,3.227,2.771,2.871
BL0316,2006,8,Before,68,605.16,97.897,5.372,5.136,4.741,3.541,3.83,4.601,5.691,4.548,4.635,3.566,4.491,4.007,4.421,4.492,4.749,5.216,5.287,5.128,4.926,5.144,4.381
BL0317,2006,8,Before,65,477.3,58.892,3.397,3.203,3.224,3.228,4.032,2.842,2.927,2.702,2.323,1.736,2.268,2.147,2.307,2.156,2.373,2.727,2.919,2.7,3.138,3.262,3.288
BL0364,2006,8,Before,70,603.03,134.18,5.106,4.523,4.649,5.077,6.489,6.402,5.474,5.73,7.702,6.999,6.96,7.372,7.262,6.83,7.841,6.474,7.261,8.434,5.935,6.17,5.494
BL0365,2006,8,Before,72,615.04,129.702,6.14,6.068,4.785,6.412,5.29,6.523,5.584,5.154,6.072,5.72,6.421,5.33,5.677,6.848,4.912,5.415,7.053,6.321,4.194,9.455,10.333
BL0431,2006,8,Before,67,557.6,121.45,5.734,5.249,4.324,5.335,4.873,4.469,4.246,4.727,5.262,5.431,5.788,5.424,6.185,4.6,5.305,6.246,8.042,7.645,7.151,7.995,7.425
BL0432,2006,8,Before,50,414.59,105.848,5.517,4.1,5.369,4.119,4.404,4.727,3.954,4.595,4.783,5.379,4.881,5.244,6.246,6.133,4.445,4.791,5.189,5.759,4.663,5.785,5.772
BL0446,2006,8,Before,74,568.96,88.073,4.634,4.798,4.168,4.166,3.219,3.654,3.327,3.582,4.302,3.881,3.703,4.434,4.284,4.577,3.993,3.254,4.64,4.603,4.607,5.41,4.842
BL0447,2006,8,Before,67,461.84,114.355,7.654,6.021,5.891,5.608,5.992,5.947,5.784,4.678,4.486,6.107,4.892,5.205,3.765,4.755,5.128,6.544,4.609,4.989,4.512,6.839,4.953
BL0476,2006,8,Before,58,447.37,127.554,6.677,6.311,5.59,5.85,4.941,4.987,6.217,4.148,6.819,7.159,4.524,8.125,6.883,7.966,7.385,4.754,5.861,5.458,6.007,6.102,5.795
BL0477,2006,8,Before,57,385.86,94.914,3.188,4.34,3.606,3.964,2.999,4.53,3.949,4.403,4.091,3.64,4.374,3.797,3.703,5.149,4.928,5.249,6.365,5.135,5.832,5.639,6.037
BL0491,2006,8,Before,73,544.66,112.054,5.109,5.191,4.512,4.787,4.48,5.426,5.513,5.426,4.425,5.948,3.433,3.65,4.766,5.85,4.771,6.237,4.788,6.517,7.201,6.913,7.116
BL0492,2006,8,Before,72,599.75,114.053,7.472,5.771,4.445,5.629,5.703,5.322,3.26,4.618,5.83,4.374,5.225,5.294,4.779,6.069,5.878,5.662,5.722,6.53,6.294,5.522,4.659
BL0507,2006,8,Before,65,520.3,99.183,3.713,3.68,4.207,3.46,3.38,3.27,2.716,3.312,4.638,6.201,5.644,4.84,5.815,4.801,4.887,4.988,4.512,5.743,5.708,6.207,7.465
BL0521,2006,8,Before,73,541.2,110.227,5.217,4.763,6.117,5.389,4.468,5.285,4.731,5.23,5.016,3.535,4.862,4.785,4.997,3.654,5.294,5.833,6.192,6.734,6.493,5.908,5.728
BL0522,2006,8,Before,73,556.8,98.172,4.969,4.76,4.389,4.004,3.288,3.638,3.469,4.027,3.755,4.123,5,4.547,4.574,4.164,4.828,5.221,4.925,7.074,5.24,6.159,6.025
BL0745,2007,7,Before,49,366,99.582,5.111,3.466,4.044,4.664,5.145,4.994,5.294,4.47,6.479,5.445,4.365,5.271,4.424,4.575,5.271,3.761,5.596,3.39,4.726,3.692,5.399
BL0746,2007,7,Before,46,360,95.384,5.996,5.523,4.36,5.827,4.134,5.149,5.33,3.952,4.778,4.45,4.462,4.209,3.909,4.537,3.375,3.792,4.325,7.325,3.508,2.917,3.526
BL0747,2007,7,Before,48,360,89.731,5.116,5.151,4.801,4.273,4.685,4.861,4.118,4.499,3.372,3.691,3.059,3.338,3.875,4.467,4.326,3.994,4.566,4.348,3.756,4.62,4.815
BL0748,2007,7,Before,44,337,71.793,2.028,2.083,2.448,2.735,2.477,3.131,3.313,3.267,3.273,2.198,3.547,3.323,4.638,4.76,5,4.236,4.238,4.125,3.973,2.55,4.45
BL0750,2007,7,Before,47,333,90.261,4.871,4.033,3.611,5.265,3.696,4.286,4.32,4.438,4.59,4.472,4.556,3.544,4.387,3.797,3.611,4.556,3.071,2.797,4.281,5.004,7.075
BL0751,2007,7,Before,40,256,52.659,3.121,3.139,2.687,2.208,2.355,2.433,2.545,2.651,2.006,2.33,3.227,2.922,2.549,3.55,2.578,2.417,2.452,1.662,1.73,1.924,2.173
BL0752,2007,7,Before,48,315,64.991,3.16,3.159,2.897,3.429,3.359,3.218,3.028,3.757,3.581,2.305,2.357,3.233,2.222,2.233,3.859,2.882,3.561,3.005,2.655,2.779,4.312
BL0753,2007,7,Before,43,310,76.161,2.091,2.789,3.46,4.123,3.981,4.645,4.342,2.888,4.786,4.17,3.585,4.437,3.374,4.338,3.37,4.523,2.302,2.617,3.46,4.08,2.8
BL0756,2007,7,Before,43,295,79.647,3.246,3.405,3.132,3.949,4.222,4.222,4.494,3.677,5.039,3.677,4.63,4.086,3.677,3.813,3.541,3.405,3.813,2.86,3.541,3.541,3.677
BL0757,2007,7,Before,46,287,73.136,2.612,3.23,3.693,3.903,3.409,3.566,3.708,3.126,4.904,4.381,3.558,2.961,3.439,3.609,2.963,4.159,3.267,3.219,3.16,3.172,3.097
BL0758,2007,7,Before,44,272,66.266,3.281,3.206,2.451,2.785,1.98,3.508,2.934,3.309,3.541,3.076,3.481,4,3.304,3.298,2.721,3.747,3.041,2.592,3.391,2.852,3.768
BL0759,2007,7,Before,42,271,75.603,4.686,4.239,3.443,2.707,3.914,4.112,3.935,2.529,3.95,3.001,4.077,3.128,3.665,3.066,3.571,3.318,4.204,3.253,4.235,2.56,4.01
BL0760,2007,7,Before,41,265,81.093,3.122,2.896,4.007,4.118,3.007,3.672,3.891,4.122,4.531,3.475,3.984,2.986,4.474,3.479,3.732,4.79,2.871,5.255,4.739,4.07,3.872
BL0761,2007,7,Before,44,265,85.231,4.741,4.397,4.907,3.479,3.653,4.733,3.487,4.214,2.902,3.836,3.666,3.483,4.019,4.011,3.471,3.857,3.467,4.116,3.478,6.426,4.888
BL0762,2007,7,Before,41,280,81.062,3.649,3.752,3.314,3.499,3.769,5.282,2.787,5.185,3.672,5.061,3.557,4.318,3.221,4.318,3.69,4.433,3.672,3.159,4.229,2.991,3.504
BL0763,2007,7,Before,40,299,94.212,4.049,3.462,4.215,4.035,4.985,5.532,4.912,4.853,4.171,6.317,3.911,3.16,3.713,2.671,3.167,5.352,5.437,5.434,5.617,4.541,4.678
BL0764,2007,7,Before,40,282,87.05,4.072,4.572,4.058,4.233,4.588,3.78,4.484,4.746,3.91,4.082,4.07,4.058,4.058,3.726,4.782,3.506,3.322,3.874,4.23,4.254,4.645
BL0765,2007,7,Before,41,280,84.166,5.593,5.184,3.684,4.811,3.598,4.213,3.74,3.451,4.538,4.427,3.069,3.863,3.582,3.791,3.425,3.294,4.82,5.025,3.517,3.685,2.856
BL0766,2007,7,Before,47,350,90.731,4.587,4.452,4.817,4.063,5.012,4.637,4.443,5.729,4.531,3.989,5.007,3.702,4.258,4.641,4.072,3.702,3.698,3.517,3.906,5.169,2.799
BL0767,2007,7,Before,40,265,82.682,3.429,4.391,3.752,3.346,3.866,4.16,4.228,4.047,4.454,3.979,3.685,3.866,4.431,5.027,3.974,3.051,4.193,3.561,4.162,3.857,3.223
BL0768,2007,7,Before,45,310,85.1,4.139,4.584,3.676,4.688,4.343,3.595,4.227,4.368,4.498,4.976,3.929,4.053,4.119,3.516,4.151,3.202,3.798,3.614,4.211,3.582,3.831
BL0769,2007,7,Before,45,310,82.5,4.023,3.677,4.118,4.219,4.081,3.82,3.433,5.193,3.343,5.319,4.294,3.073,4.066,4.086,3.733,3.673,3.225,4.967,3.21,4.037,2.91
BL0770,2007,7,Before,42,253,54.082,2.101,2.228,1.792,2.26,2.142,2.3,2.851,2.703,2.649,3.14,2.286,3.374,2.371,3.45,2.382,2.332,2.944,2.826,2.478,2.933,2.54
BL0771,2007,7,Before,48,338,105.563,3.896,4.621,4.177,5.329,5.006,4.628,6.29,5.568,5.901,5.189,5.385,5.659,5.305,5.087,5.396,5.087,5.213,3.895,4.617,5.178,4.136
BL0772,2007,7,Before,44,297,86.782,3.131,2.973,3.299,4.769,3.949,4.587,4.985,4.112,4.935,5.384,4.667,4.112,4.427,3.71,5.069,4.217,2.888,4.591,3.873,4.064,3.04
BL0773,2007,7,Before,44,295,54.649,2.794,2.904,2.712,2.966,1.904,2.504,2.777,2.701,2.337,2.519,2.868,2.94,2.417,2.823,2.307,2.519,3.172,1.518,3.172,2.261,2.534
BL0774,2007,7,Before,41,264,83.96,3.833,3.897,3.483,3.528,3.266,4.661,4.365,4.355,4.409,4.67,4.311,3.68,3.266,3.941,4.257,3.789,3.734,3.887,3.956,4.394,4.278
BL0775,2007,7,Before,43,292,82.228,2.829,4.279,3.962,3.846,4.437,3.387,4.284,4.342,4.157,4.036,5.049,3.667,4.405,2.865,4.959,3.45,3.202,3.202,3.225,4.249,4.396
BL0707,2007,8,Before,68,494.72,159.929,9.179,6.884,5.607,6.263,5.897,6.633,7.037,6.31,6.979,7.557,7.155,7.488,8.028,7.385,8.529,6.429,9.961,10.049,9.641,8.087,8.837
BL0708,2007,8,Before,63,433.94,130.363,6.583,5.27,5.843,5.411,6.111,5.937,5.642,4.312,5.208,7.644,5.445,5.719,8.024,6.222,8.108,4.989,5.999,6.006,6.322,8.076,7.497
BL0709,2007,8,Before,64,455.21,185.434,10.703,10.551,10.582,7.926,10.961,10.394,9.23,10.528,7.015,5.864,9.699,10.426,7.28,7.238,8.047,7.418,6.702,6.585,8.181,11.074,9.036
BL0710,2007,8,Before,56,397.67,134.029,8.955,6.853,6.455,5.931,6.386,6.191,6.564,6.055,5.337,5.543,5.715,9.307,6.048,6.219,6.23,5.646,6.068,5.966,5.085,6.259,7.222
BL0711,2007,8,Before,65,419.82,121.389,5.784,6.766,6.519,6.157,5.209,4.915,6.169,5.139,5.336,5.974,5.716,5.667,4.23,5.396,4.305,4.868,6.499,7.972,5.901,5.958,6.913
BL0712,2007,8,Before,66,488.44,125.003,6.497,4.855,5.339,4.892,5.354,5.736,6.342,5.887,6.247,6.366,6.406,5.892,7.129,6.173,5.053,5.915,5.845,6.492,6.288,5.619,6.683
BL0713,2007,8,Before,58,393.77,102.319,5.508,3.985,3.739,4.893,4.391,4.04,4.228,4.411,4.673,4.205,5.011,5.35,4.561,5.256,5.453,5.075,6.42,4.189,5.891,5.03,6.01
BL0714,2007,8,Before,56,370.37,139.215,5.112,4.598,6.666,8.384,6.475,6.48,5.615,7.068,6.752,7.748,8.027,7.195,7.954,8.62,8.691,7.834,6.552,7.458,4.015,3.886,4.091
BL0716,2007,8,Before,48,380.02,111.877,4.373,6.004,4.167,5.697,5.774,4.961,6.558,6.324,4.206,5.018,4.272,4.89,4.744,5.174,4.479,6.768,6.062,5.699,6.43,4.208,6.074
BL0717,2007,8,Before,50,402.96,144.654,8.446,9.131,6.254,6.242,7.032,6.815,6.911,7.243,7.626,6.932,7.279,7.105,7.205,5.996,7.8,6.09,7.374,6.843,4.815,6.142,5.373
BL0718,2007,8,Before,58,369.47,152.167,8.302,8.706,7.44,8.837,7.761,7.33,7.059,5.894,5.974,4.095,3.879,7.157,6.714,8.79,6.365,5.97,10.372,8.529,7.007,8.48,7.51
BL0719,2007,8,Before,57,367.48,97.234,5.616,6.241,3.978,4.442,4.05,4.679,3.961,3.849,4.956,4.657,4.351,4.968,4.678,3.6,4.164,4.973,3.935,3.333,4.95,5.282,6.575
BL0721,2007,8,Before,59,410.42,111.807,4.68,6.534,7.504,4.625,4.097,6.508,6.684,4.397,5.627,3.949,5.925,5.395,5.27,4.142,6.333,5.813,6.628,4.829,4.865,4.087,3.921
BL0722,2007,8,Before,52,395.75,136.065,5.675,4.446,4.715,5.681,6.454,7.255,6.721,7.939,6.435,5.751,5.748,6.501,6.93,6.403,6.127,6.284,6.563,7.764,7.486,7.332,7.854
BL0724,2007,8,Before,48,387.77,165.894,6.958,7.974,8.392,6.176,6.853,7.199,7.645,9.738,12.493,10.686,7.718,7.714,6.152,6.962,8.538,11.169,7.099,7.325,5.541,7.304,6.265
BL0726,2007,8,Before,49,336.39,122.937,7.418,6.553,6.315,6.438,6.725,6.641,4.991,5.391,3.551,4.883,6.955,6.403,6.863,6.007,5.216,5.194,5.367,5.239,5.743,5.089,5.96
BL0727,2007,8,Before,58,379.14,159.245,6.124,7.329,8.002,6.071,5.227,5.758,6.32,7.671,7.79,6.712,7.757,9.903,11.202,7.275,8.189,7.367,10.379,7.323,6.398,8.091,8.359
BL0728,2007,8,Before,65,447.67,112.176,6.147,7.037,5.98,6.928,4.709,5.526,5.691,4.251,6.14,5.386,4.443,4.851,5.116,5.954,6.729,4.429,4.533,4,3.362,4.787,6.182
BL0729,2007,8,Before,50,437.44,115.582,5.05,6.423,4.738,5.629,5.628,3.862,4.416,5.496,5.339,5.083,5.538,4.724,4.148,4.336,5.736,5.891,6.69,5.843,5.74,7.177,8.1
BL0730,2007,8,Before,58,376.75,133.763,6.709,6.782,5.724,5.822,7.518,7.284,7.844,5.455,6.089,5.641,6.865,7.207,8.593,6.287,5.555,5.157,6.235,5.712,6.749,5.585,4.955
BL0731,2007,8,Before,49,376.75,113.169,3.708,4.536,4.135,3.236,3.318,4.495,5.219,6.886,5.913,5.691,4.064,7.014,6.439,4.823,5.231,6.347,5.847,8.649,7.382,6.564,3.676
BL0736,2007,8,Before,42,312.9,145.883,5.87,8.507,7.756,7.393,7.462,8.001,8.165,6.738,6.2,6.221,7.458,8.42,6.719,8.141,5.555,5.843,7.481,5.915,6.47,5.942,5.63
BL0737,2007,8,Before,55,400.84,155.578,7.515,7.999,8.036,6.463,8.412,7.036,8.024,7.262,6.805,7.774,6.117,9.811,7.243,9.231,7.267,7.356,7.647,6.11,5.562,7.569,6.344
BL0741,2007,8,Before,46,354.1,156.116,5.929,5.926,6.528,6.085,6.774,6.356,8.107,8.351,8.745,6.377,8.412,9.024,6.854,7.397,6.775,8.107,7.904,7.166,9.24,8.579,7.486
BL0742,2007,8,Before,49,351.75,98.732,4.704,3.852,3.767,2.676,3.326,3.994,5.64,5.826,5.711,4.599,4.75,5.166,4.909,5.169,4.515,5.412,4.323,4.487,6.303,4.783,4.824
BL0542,2008,8,Before,85,673.55,112.526,6.478,4.893,4.621,4.176,4.689,4.84,5.437,5.622,5.864,4.684,4.55,3.585,4.7,5.669,7.203,6.187,6.675,4.943,5.527,5.619,6.565
BL0543,2008,8,Before,81,541.22,137.324,4.216,6.34,5.002,5.315,5.494,6.597,5.326,7.727,5.648,8.211,5.648,6.838,8.745,6.115,7.068,5.554,7.028,8.52,6.23,7.41,8.29
BL0544,2008,8,Before,71,488.91,133.421,4.525,3.841,4.613,4.081,5.313,6.456,6.856,8.913,6.722,5.634,6.083,6.892,5.598,6.983,7.121,7.282,5.572,7.741,7.599,7.68,7.917
BL0545,2008,8,Before,80,590.93,115.363,3.603,4.033,4.404,4.893,4.306,4.611,5.055,5.074,5.189,5.449,5.255,5.876,5.87,6.707,6.761,5.891,6.524,6.955,7.185,6.555,5.172
BL0546,2008,8,Before,81,660.26,170.01,5.814,8.961,6.893,8.591,7.901,5.659,7.245,6.816,6.277,9.468,8.265,8.586,8.868,7.064,9.267,9.249,10.401,9.092,7.089,9.907,8.602
BL0548,2008,8,Before,62,394.86,175.177,8.366,7.868,9.201,6.783,8.187,10.38,7.706,8.813,10.59,8.309,7.096,8.84,8.384,5.357,10.106,10.393,8.619,7.219,8.027,6.351,8.581
BL0549,2008,8,Before,72,594.27,171.892,6.594,6.95,6.059,8.634,8.326,7.902,6.553,5.753,7.711,6.889,8.597,8.558,7.694,8.922,7.317,10.642,9.755,9.296,10.569,9.348,9.827
BL0550,2008,8,Before,60,398.49,129.323,7.287,7.47,5.865,6.859,6.436,6.486,7.026,7.4,6.642,5.894,7.359,7.649,7.742,8.646,6.691,4.753,4.557,5.014,3.062,3.184,3.3
BL0551,2008,8,Before,65,450.2,124.907,5.375,3.696,4.656,5.815,5.968,4.967,7.019,6.856,6.918,6.372,7.14,6.177,6.879,3.93,4.246,7.252,6.822,6.821,5.536,6.699,5.765
BL0552,2008,8,Before,61,513.81,170.447,6.937,4.747,4.233,5.689,6.419,5.645,7.798,10.233,9.391,9.467,8.527,10.724,9.986,11.544,10.1,7.981,5.53,6.699,8.455,10.4,9.942
BL0553,2008,8,Before,54,415.27,118.106,4.634,3.772,5.26,4.119,5.41,4.763,6.041,5.705,6.98,5.483,4.721,6.61,5.911,5.959,6.338,6.713,5.775,6.523,6.707,6.134,4.548
BL0554,2008,8,Before,67,488.91,162.67,8.144,7.903,6.136,5.888,7.647,7.422,7.229,7.719,8.51,8.64,8.088,7.852,8.648,8.915,6.917,8.977,7.944,7.053,7.769,8.299,6.974
BL0555,2008,8,Before,60,495.43,117.419,6.363,5.486,4.907,5.099,5.326,5.618,6.869,6.803,6.466,7.601,6.32,6.287,3.959,5.097,4.597,4.473,4.941,4.715,5.255,6.188,5.049
BL0556,2008,8,Before,61,494.37,167.138,10.074,6.999,5.916,5.444,5.897,6.029,7.043,7.153,6.258,6.456,8.13,7.791,8.246,11.807,8.743,9.61,11.452,9.61,9.006,7.25,8.228
BL0557,2008,8,Before,56,340.87,116.751,4.644,4.784,5.472,5.216,5.421,5.515,5.37,6.285,5.656,5.553,5.756,5.645,6.58,4.974,4.393,6.16,6.412,5.499,5.778,5.776,5.866
BL0558,2008,8,Before,57,388.73,139.835,5.352,6.996,7.134,7.377,7.006,7.621,7.311,9.583,6.463,5.757,5.453,5.574,5.312,7.651,7.482,5.201,7.35,6.262,6.527,5.406,7.021
BL0559,2008,8,Before,61,408.35,149.089,7.813,5.961,6.141,6.392,6.241,6.113,6.747,7.305,6.499,6.548,5.938,7.598,8.061,8.063,7.219,8.018,6.984,6.193,7.465,10.033,7.759
BL0560,2008,8,Before,45,345.38,106.495,9.396,4.818,3.257,5.442,5.068,5.023,4.647,3.831,3.711,3.888,3.64,4.474,4.104,4.554,3.665,5.474,5.501,6.12,5.648,8.597,5.642
BL0561,2008,8,Before,52,381.52,123.948,5.85,6.574,6.955,5.673,6.239,5.98,6.201,5.011,5.448,6.149,5.338,5.657,6.614,4.285,5.637,4.387,6.769,6.656,6.163,6.068,6.3
BL0562,2008,8,Before,65,466.72,140.359,6.351,5.47,6.456,5.73,6.891,6.081,6.5,7.071,5.84,7.688,4.319,6.392,7.641,7.353,6.583,6.786,6.545,6.629,6.344,9.18,8.514
BL0054,2009,7,Before,43,321,91.288,4.09,4.021,4.029,3.192,3.628,4.305,4.566,5.132,5.234,4.534,4.759,4.919,4.728,4.843,4.788,4.433,4.022,3.419,5.09,3.858,3.698
BL0057,2009,7,Before,45,310,80.825,3.642,3.456,4.577,4.203,3.736,4.39,3.989,3.754,4.578,4.743,4.102,3.333,3.974,4.295,3.456,3.821,3.162,3.642,3.509,3.358,3.105
BL0058,2009,7,Before,43,276,82.27,3.663,3.986,3.917,3.237,4.232,3.99,4.394,3.091,4.513,5.73,3.215,4.195,3.319,4.504,4.061,3.339,3.329,4.564,3.882,3.322,3.787
BL0059,2009,7,Before,42,287,73.115,2.741,2.749,2.478,3.173,4.229,4.347,4.052,4.279,3.378,4.164,4.055,3.785,2.247,3.247,3.163,4.078,3.496,4.309,2.779,3.496,2.87
BL0060,2009,7,Before,43,301,90.443,4.74,5.45,5.044,4.66,3.789,4.424,4.56,4.617,4.463,4.99,4.321,5.04,3.621,5.188,3.113,4.193,3.833,3.833,3.206,4.227,3.131
BL0061,2009,7,Before,37,227,60.4,3.196,2.778,2.389,3.582,2.314,2.957,2.443,3.471,3.215,3.215,2.956,3.086,2.85,2.326,3.611,2.49,2.18,2.618,2.471,2.471,3.781
BL0062,2009,7,Before,42,294,93.866,4.221,4.022,3.869,3.452,4.134,4.173,5.164,4.784,4.585,5.242,5.506,4.735,4.567,4.274,4.743,4.063,3.343,4.942,5.371,4.675,4.001
BL0063,2009,7,Before,40,255,77.983,3.483,2.798,3.633,3.925,3.563,4.141,3.687,3.724,3.772,4.711,3.778,3.425,4.036,3.698,3.515,2.912,3.911,3.636,3.84,3.697,4.098
BL0064,2009,7,Before,40,247,67.477,2.155,2.507,3.26,3.454,3.298,3.574,3.006,4.055,3.201,2.923,4.375,3.035,3.979,2.41,3.695,3.068,3.378,2.69,3.658,2.797,2.959
BL0065,2009,7,Before,45,304,94.609,4.5,5.185,4.854,5.278,4.826,3.613,4.948,4.743,4.437,5.466,4.079,4.585,4.542,4.97,3.798,4.415,3.761,4.736,3.946,3.861,4.066
BL0066,2009,7,Before,39,219,47.575,1.798,1.693,2.245,1.716,2.195,2.371,1.82,2.081,2.095,2.494,2.125,2.602,2.4,2.642,2.515,2.403,2.786,2.36,2.428,2.292,2.514
BL0067,2009,7,Before,42,288,93.825,4.236,3.527,2.962,4.258,3.52,3.627,4.171,4.464,3.597,5.089,3.847,3.489,4.115,3.321,4.621,4.771,4.057,6.137,6.829,6.362,6.825
BL0069,2009,7,Before,33,211,47.893,1.856,1.752,2.294,2.101,2.209,2.658,2.596,2.529,2.188,2.921,2.362,2.188,2.414,2.315,1.837,2.307,2.264,1.919,2.15,1.813,3.22
BL0070,2009,7,Before,41,273,75.518,3.154,3.759,4.724,3.151,3.745,3.21,3.533,4.037,3.684,4.368,3.661,3.844,3.055,4.06,2.9,4.122,3.052,3.257,3.689,3.162,3.351
BL0071,2009,7,Before,41,281,94.236,4.181,3.763,5.358,6.22,3.265,3.677,3.995,4.32,5.181,3.812,3.619,3.29,4.099,3.88,5.397,5.83,5.376,2.978,4.129,5.83,6.036
BL0073,2009,7,Before,40,279,75.665,1.642,2.842,2.906,3.498,3.856,3.363,4.003,3.725,3.744,3.76,4.828,4.082,3.872,3.411,3.74,3.949,3.447,4.007,3.355,3.829,3.806
BL0074,2009,7,Before,32,222,73.985,2.742,3.151,4.384,3.861,4.124,3.986,3.6,3.626,2.989,3.958,3.186,3.844,2.574,3.356,3.903,3.574,3.443,3.471,3.514,3.614,3.085
BL0076,2009,7,Before,39,269,73.846,3.481,3.162,4.602,4.476,3.204,4.055,3.619,3.39,3.82,3.847,4.191,3.744,3.651,4.022,3.559,4.038,2.888,2.136,2.926,2.634,2.401
BL0077,2009,7,Before,41,301,91.039,5.161,4.721,3.668,3.988,4.064,4.415,4.195,4.135,4.195,4.499,4.106,4.594,4.4,4.067,3.685,4.067,4.05,4.017,4.466,3.493,7.053
BL0229,2009,7,Before,35,241,59.078,2.513,2.401,2.864,1.835,2.104,1.825,2.14,2.589,2.993,4.519,3.643,3.223,2.49,2.205,2.393,2.535,4.1,2.342,2.874,2.872,4.618
BL0236,2009,7,Before,34,223,71.65,3.716,2.834,3.811,2.81,4.53,5.034,4.166,4.123,3.777,3.515,3.776,3.646,2.78,3.512,2.691,2.514,2.922,2.549,2.585,3.228,3.131
BL0237,2009,7,Before,33,200,75.885,2.636,2.91,4.195,3.056,5.696,4.006,4.121,3.864,3.426,3.426,3.331,3.323,3.036,2.58,4.34,3.623,3.453,2.02,4.039,4.465,4.339
BL0238,2009,7,Before,31,221,84.003,3.58,3.919,4.08,5.081,3.308,4.033,4.516,4.626,3.339,4.518,3.208,4.502,3.211,3.715,3.658,4.766,5.063,3.562,3.445,4.361,3.512
BL0239,2009,7,Before,40,287,92.652,4.041,3.364,5.169,5.23,4.766,5.385,5.416,4.982,4.225,6.865,4.3,3.277,4.069,4.884,3.824,3.892,3.986,3.873,3.794,3.753,3.557
BL0240,2009,7,Before,47,279,64.67,1.878,2.638,2.732,2.895,3.087,3.372,3.38,3.551,3.476,3.28,3.66,3.376,3.857,2.886,2.995,3.56,3.242,2.808,2.535,2.946,2.516
BL0242,2009,7,Before,41,270,88.385,3.554,4.106,4.238,4.38,3.899,4.618,3.493,4.516,4.409,4.741,5.203,4.732,4.505,4.78,4.369,4.353,4.087,3.324,3.54,3.095,4.443
BL0243,2009,7,Before,40,266,91.297,4.37,5.439,5.246,5.155,4.35,5.08,4.59,4.992,4.382,4.293,4.466,4.2,4.094,4.143,3.893,4.283,3.02,3.691,2.478,3.759,5.373
BL0244,2009,7,Before,42,286,75.257,3.527,3.796,3.527,3.016,4.109,4.253,4.526,3.738,4.229,4.006,3.342,3.641,3.924,3.152,3.061,3.099,2.643,3.521,3.799,3.95,2.398
BL0245,2009,7,Before,40,220,67.675,2.86,2.962,3.126,2.829,3.502,2.61,3.814,3.255,3.789,3.541,3.055,3.901,3.581,3.768,3.322,3.009,2.915,3.045,2.16,3.859,2.772
BL0246,2009,7,Before,44,270,87.332,3.606,3.49,3.92,4.025,4.796,3.93,4.314,4.717,4.689,3.897,4.513,4.368,4.755,3.804,4.218,4.399,4.073,3.86,4.169,3.39,4.399
BL0247,2009,7,Before,39,254,86.729,3.152,3.152,3.198,4.582,4.168,4.897,4.355,5.108,4.184,4.742,4.415,4.626,3.606,4.626,3.933,4.179,3.974,4.164,3.855,4.386,3.427
BL0248,2009,7,Before,39,242,85.767,4.35,5.044,4.41,4.945,3.666,4.84,4.158,4.364,3.679,4.253,4.838,5.04,3.977,3.574,3.201,3.798,3.561,3.558,2.425,3.179,4.907
BL0250,2009,7,Before,36,269,84.832,4.417,4.406,5.195,5.317,4.389,4.442,3.927,4.274,5.54,4.485,3.878,4.722,3.008,4.722,3.614,3.641,3.329,3.392,2.692,3.074,2.368
BL0009,2009,8,Before,52,458.13,165.699,5.869,6.52,7.774,7.129,8.584,9.14,7.383,9.985,8.412,8.179,8.882,7.439,6.854,7.366,7.753,8.781,9.938,7.61,6.951,6.871,8.29
BL0010,2009,8,Before,48,362.25,107.919,5.295,4.217,5.067,4.626,5.208,4.862,3.837,5.864,5.455,4.811,3.786,4.692,4.588,6.441,5.482,4.499,5.767,4.584,5.478,6.093,7.269
BL0012,2009,8,Before,76,566.18,140.76,5.808,5.244,5.177,5.912,6.231,6.798,6.091,6.386,6.861,6.216,5.822,5.604,7.223,8.723,6.096,9.028,5.856,7.524,7.851,8.701,7.616
BL0015,2009,8,Before,68,438.02,125.972,8.088,6.723,5.764,5.321,6.031,7.072,5.017,4.917,6.022,5.937,6.355,5.624,5.731,5.633,6.414,6.458,5.62,5.906,6.582,6.154,4.608
BL0020,2009,8,Before,70,503.65,138.767,5.629,5.476,4.158,8.541,6.013,5.472,7.695,6.992,8.27,8.881,8.143,4.026,5.334,5.579,6.776,6.716,7.039,7.018,6.116,7.03,7.867
BL0027,2009,8,Before,67,438.41,167.323,9.051,7.78,7.193,7.306,6.767,7.735,7.772,7.362,7.901,8.046,8.107,7.828,7.982,9.167,7.96,9.246,7.337,8.958,7.842,7.229,8.757
BL0030,2009,8,Before,65,503.72,182.246,7.726,9.085,9.685,8.121,8.236,7.155,10.247,10.736,9.068,6.773,8.228,8.153,9.752,8.277,9.888,7.912,9.157,9.029,9.738,8.513,6.773
BL0032,2009,8,Before,68,537.45,106.439,4.703,3.407,4.491,4.022,4.604,4.846,4.8,4.395,5.625,6.03,6.042,4.465,4.836,5.996,4.765,4.789,6.239,6.392,5.018,5.991,4.99
BL0038,2009,8,Before,67,481.77,177.022,6.757,6.36,8.178,8.332,7.73,8.492,9.135,8.222,9.654,7.521,8.438,7.985,10.751,8.786,8.399,9.54,8.645,7.903,8.849,7.227,10.124
BL0041,2009,8,Before,74,578.78,139.923,7.288,5.53,6.393,6.34,6.229,6.857,6.335,5.649,6.715,6.304,5.056,6.169,7.881,8.031,6.291,6.948,7.727,7.439,6.426,6.853,7.466
BL0080,2009,8,Before,65,426.93,154.617,6.727,4.842,6.907,6.496,6.122,6.689,6.717,5.661,5.94,6.664,7.176,6.976,6.102,10.684,6.132,10.372,9.624,9.705,6.843,9.762,8.483
BL0081,2009,8,Before,63,429.28,185.237,8.079,8.227,9.041,6.559,6.688,5.914,7.996,11.051,7.644,8.452,9.644,12.836,9.827,10.121,7.797,8.092,8.999,11.06,11.563,8.91,6.742
BL0091,2009,8,Before,62,405.62,159.988,7.815,8.484,7.687,7.584,6.555,6.926,6.595,6.598,7.885,6.046,8.877,8.821,8.175,6.984,6.819,6.555,7.235,7.822,9.572,10.175,6.784
BL0094,2009,8,Before,69,315.51,113.929,6.101,6.162,4.829,5.438,4.305,5.512,5.246,7.968,6.911,5.444,4.977,3.975,6.354,5.007,5.949,4.564,5.648,4.142,5.928,4.796,4.678
BL0097,2009,8,Before,61,495.37,173.297,12.048,9.929,8.048,8.212,8.685,7.864,7.798,8.449,10.193,6.797,7.198,6.841,7.781,6.778,7.875,7.463,7.692,8.915,10.19,7.5,7.046
BL0098,2009,8,Before,63,426.12,186.563,7.916,8.892,8.764,11.511,8.668,9.064,8.103,8.853,7.314,8.217,7.853,7.44,8.415,7.749,8.618,9.528,9.328,7.402,8.817,9.517,14.6
BL0099,2009,8,Before,68,482.97,114.844,5.182,5.771,4.545,4.994,5.623,5.372,5.374,6.781,7.036,5.057,5.002,4.87,4.393,4.964,4.874,6.158,6.036,5.816,6.237,4.618,6.144
BL0106,2009,8,Before,72,542.77,134.845,5.93,6.535,8.417,6.789,5.425,6.422,6.18,5.984,6.1,5.414,6.034,5.693,6.348,5.656,7.247,6.435,7.577,6.526,7.926,5.946,6.266
BL0114,2009,8,Before,64,466.74,137.131,5.671,5.749,6.345,5.312,5.303,6.808,6.809,6.061,5.609,6.595,6.014,5.457,5.686,5.778,7.265,6.174,8.111,7.636,7.873,8.361,8.52
BL0115,2009,8,Before,69,534.96,116.726,4.874,3.946,5.008,4.766,5.025,5.351,6.683,6.047,6.234,5.489,5.739,5.111,4.57,5.804,5.532,5.879,5.609,5.747,6.841,5.62,6.855
BL0117,2009,8,Before,70,491.6,138.957,5.541,5.466,6.275,8.181,6.39,5.524,5.226,5.516,5.657,6.558,5.101,6.643,7.972,7.287,5.82,7.159,8.028,9.77,7.615,6.579,6.655
BL0122,2009,8,Before,69,534.94,157.212,6.937,6.711,4.873,7.011,5.624,7.292,6.002,8.135,7.379,8.417,6.132,6.178,7.829,8.957,7.755,8.552,9.231,8.964,8.62,8.324,8.292
BL0123,2009,8,Before,79,651.33,123.091,5.609,5.841,4.855,5.776,4.771,6.179,5.808,5.763,5.482,4.855,5.79,6.211,6.047,5.205,6.261,5.535,6.801,6.005,5.872,7.775,6.656
BL0124,2009,8,Before,61,494.85,130.299,5.009,3.74,3.354,5.022,5.474,4.922,8.261,8.025,6.776,6.861,5.436,6.162,5.549,7.503,5.941,8.175,6.294,6.465,7.037,6.437,7.862
BL0145,2009,8,Before,74,503.13,130.976,7.805,5.108,6.232,5.426,6.908,5.537,6.004,7.182,5.766,5.347,6.291,5.935,6.415,5.791,4.762,8.038,5.414,6.483,6.451,7.199,6.886
BL0831,2010,7,Before,48,316.26,62.354,2.814,3.291,3.825,3.941,3.721,1.729,2.877,3.387,2.309,3.512,2.396,2.483,2.619,3.231,2.997,3.139,3.199,2.63,2.902,2.711,2.646
BL0832,2010,7,Before,48,264.66,100.737,4.55,4.983,3.781,3.655,4.924,4.857,5.146,5.532,4.516,5.025,5.731,4.221,6.332,7.352,5.165,4.952,5.487,4.39,3.08,3.844,3.22
BL0833,2010,7,Before,47,317.89,94.223,5.128,4.309,4.966,3.381,3.133,5.216,5.039,6.047,4.956,4.49,3.993,4.775,3.686,5.118,4.665,4.731,4.194,4.496,4.301,4.143,3.46
BL0838,2010,7,Before,48,344.94,63.922,3.355,2.493,2.565,2.766,2.668,3.17,2.855,2.715,4.048,2.885,3.166,3.987,2.69,2.241,2.861,2.758,2.837,3.492,3.601,3.309,3.46
BL0839,2010,7,Before,45,276.56,89.604,4.082,3.495,5.782,6.059,4.213,5.445,5.201,5.07,5.115,5.465,5.608,5.259,2.98,2.94,2.566,2.895,3.578,4.777,3.568,2.372,3.139
BL0840,2010,7,Before,45,340.09,74.304,3.792,3.845,3.34,4.393,4.371,5.288,3.296,3.409,3.087,2.931,3.228,2.122,3.95,3.175,4.084,3.423,3.552,2.906,4.102,3.039,2.977
BL0841,2010,7,Before,52,335.05,87.197,3.008,3.203,3.839,4.035,4.47,4.667,4.412,3.526,4.457,4.612,4.464,4.695,4,5.103,4.542,5.102,3.624,3.546,4.041,3.627,4.23
BL0843,2010,7,Before,45,289.2,88.472,5.058,5.136,5.267,5.396,6.366,4.203,2.678,3.147,3.366,5.14,3.891,4.449,3.344,4.598,2.267,4.709,3.03,5.151,2.953,3.508,4.821
BL0844,2010,7,Before,44,329.06,98.392,6.081,5.968,4.179,4.539,5.066,4.105,5.233,4.907,5.138,4.609,4.66,4.742,4.452,5.597,3.571,4.943,3.675,4.045,4.008,3.882,4.998
BL0847,2010,7,Before,43,257.33,70.08,3.695,4.532,4.039,3.755,4.091,3.79,3.181,3.278,2.891,2.965,2.846,2.528,3.642,2.876,3.756,4.201,3.042,2.542,2.488,3.373,2.571
BL0848,2010,7,Before,44,262.71,86.433,3.244,3.566,4.402,4.255,4.218,4.051,4.092,4.044,4.31,3.302,4.333,4.003,3.828,3.74,4.301,4.581,4.694,4.686,4.475,3.767,4.544
BL0852,2010,7,Before,42,259.82,79.746,3.77,4.972,3.283,3.89,2.947,3.843,3.946,4.295,3.269,4.614,4.218,3.13,4.162,3.408,3.113,3.027,3.527,4.334,3.451,3.665,4.885
BL0854,2010,7,Before,41,250.64,76.555,4.348,3.574,4.3,4.094,3.835,3.032,3.599,3.335,3.725,3.156,2.952,3.026,2.713,2.791,3.862,2.784,4.365,3.665,4.175,4.265,4.962
BL0855,2010,7,Before,36,242.14,75.438,5.068,4.116,4.15,2.361,3.78,4.481,3.922,2.89,3.33,3.086,3.586,2.759,3.976,3.16,3.392,4.614,4.064,3.452,2.597,3.865,2.793
BL0861,2010,7,Before,38,162.37,66.057,2.288,3.674,2.426,2.305,3.336,2.825,3.59,2.664,2.027,3.081,2.313,3.634,3.615,3.256,3.749,4.493,2.711,3.819,3.641,2.943,3.673
BL0864,2010,7,Before,49,341.24,79.716,3.039,3.395,4.039,5.088,3.365,3.244,4.077,3.651,3.223,3.6,4.247,3.695,4.556,4.98,4.173,4.613,4.813,3.139,2.769,2.604,3.411
BL0868,2010,7,Before,43,327.68,95.205,3.557,3.597,3.498,2.98,3.711,4.29,5.777,4.612,5.715,4.697,5.821,5.111,4.702,4.518,4.896,4.299,4.626,4.958,3.502,5.971,4.374
BL0869,2010,7,Before,44,290.62,112.728,3.98,4.363,4.598,5.657,5.818,6.641,4.616,4.389,4.403,6.534,5.368,5.491,5.221,5.402,6.987,7.138,6.187,6.492,4.568,5.458,3.423
BL0871,2010,7,Before,46,322.21,82.643,4.936,3.92,3.064,3.691,3.899,3.787,4.477,3.759,2.586,3.011,4.117,3.137,3.08,4.227,2.5,4.613,4.432,4.497,5.204,4.681,5.03
BL0872,2010,7,Before,46,297.09,96.276,4.785,5.338,4.95,4.725,3.71,3.779,3.61,3.239,3.671,4.543,4.774,4.143,4.214,5.331,4.122,5.593,5.388,4.677,5.385,5.694,4.61
BL0873,2010,7,Before,47,274.88,81.781,4.043,4.588,4.119,5.712,4.25,3.375,3.486,2.408,3.851,4.994,3.685,2.668,3.063,2.804,2.734,4.687,4.777,3.609,3.433,4.457,5.042
BL0876,2010,7,Before,52,355.4,88.741,3.23,3.51,3.265,3.438,3.684,4.01,4.685,4.144,4.121,5.034,4.278,4.854,4.397,4.325,4.221,4.091,4.8,4.24,3.906,4.037,6.474
BL0879,2010,7,Before,50,331.07,85.223,3.401,4.288,3.651,3.382,3.495,4.368,5.772,5.4,3.958,4.757,4.57,4.702,3.965,3.595,3.701,3.274,3.65,3.822,3.297,3.954,4.227
BL0880,2010,8,Before,64,486.95,103.065,2.693,2.746,2.51,2.314,4.732,3.917,5.027,3.887,3.782,5.969,5.577,4.778,4.942,5.894,6.249,6.216,6.022,5.494,6.858,7.347,6.117
BL0881,2010,8,Before,77,581.61,98.028,4.442,4.404,3.489,2.95,3.034,4.666,5.749,5.385,5.482,4.715,4.18,3.927,4.909,5.031,4.486,5.327,5.749,5.39,4.89,3.545,6.283
BL0882,2010,8,Before,57,305.6,62.112,3.123,2.35,2.65,2.561,3.625,3.676,2.927,2.866,3.25,3.718,3.125,2.988,2.808,2.613,3.038,3.164,2.52,2.651,2.79,2.272,3.402
BL0883,2010,8,Before,75,509.9,71.051,3.881,5.114,4.45,4.023,3.332,4.422,2.748,2.598,2.756,2.844,2.947,2.745,4.013,2.983,3.143,3.841,2.783,3.491,3.468,2.923,2.552
BL0884,2010,8,Before,59,499.61,109.042,3.75,4.226,3.928,3.595,3.576,4.338,3.772,4.935,7.83,4.765,3.826,5.103,5.441,5.086,5.366,6.039,6.344,6.761,6.073,6.666,7.627
BL0885,2010,8,Before,65,537.7,129.53,6.8,6.237,5.919,6.15,5.116,4.991,4.702,4.455,5.665,5.115,4.841,5.584,5.903,5.434,7.068,7.092,6.898,7.697,8.349,7.725,7.795
BL0886,2010,8,Before,61,439.55,77.434,3.749,4.035,4.381,3.867,3.979,4.531,4.686,5.915,2.474,3.189,2.74,2.199,3.622,4.268,2.172,3.607,2.83,3.505,2.505,4.501,4.684
BL0887,2010,8,Before,70,520.53,110.012,5.413,3.884,4.666,5.885,7.47,6.151,5.327,4.676,4.624,7.434,4.894,4.788,4.467,4.928,4.937,5.141,4.535,4.86,4.229,5.962,5.738
BL0888,2010,8,Before,74,562.31,72.858,3.569,4.173,2.707,3.027,2.465,3.177,2.701,3.37,4.262,5.214,3.618,3.33,2.869,3.096,3.84,4.165,3.525,3.348,2.93,3.338,4.137
BL0889,2010,8,Before,76,600.31,120.266,5.487,4.967,7.009,6.042,5.815,6.637,6.448,5.813,5.779,5.722,5.388,6.158,5.668,4.315,4.639,5.297,5.596,6.716,5.798,5.778,5.197
BL0890,2010,8,Before,79,592.56,82.243,4.257,3.89,4.968,3.697,3.659,4.095,4.137,3.572,3.553,4.118,2.21,2.749,3.889,4.752,3.689,4.034,5.5,4.983,2.914,4.153,3.428
BL0891,2010,8,Before,89,639.89,111.233,4.433,4.807,4.911,4.379,4.529,4.48,4.13,5.827,6.141,7.346,6.018,6.235,6.098,5.955,6.374,5.52,5.76,4.397,4.554,4.683,4.659
BL0959,2012,7,Before,38.37,275.03,84.808,5.654,5.572,4.597,4.345,3.724,3.217,5.444,3.591,3.974,3.887,3.304,3.682,4.362,3.838,4.481,3.593,3.866,3.451,3.376,3.181,3.674
BL0971,2012,7,Before,37,240,61.957,2.181,3.27,4.255,3.952,3.89,2.105,2.731,2.731,2.15,2.105,1.694,2.101,2.159,2.551,3.059,3.563,3.815,3.215,3.649,2.967,3.814
BL0972,2012,7,Before,43.97,285,72.433,3.542,3.234,3.666,3.48,3.487,2.534,2.754,4.408,3.481,3.571,3.613,4.03,2.606,3.255,3.977,4.086,2.439,2.572,4.685,3.452,3.561
BL0973,2012,7,Before,39.91,255,58.293,2.465,2.168,2.316,2.838,3.03,2.261,2.845,3.549,3.069,2.317,2.592,2.831,2.862,2.928,2.607,2.532,2.821,3.282,3.268,2.671,3.041
BL0974,2012,7,Before,43.7,274,64.727,2.669,2.937,2.499,2.767,3.064,3.064,2.273,3.756,3.189,3.218,2.39,3.012,3.634,3.452,2.635,3.361,3.634,3.816,2.574,3.24,3.543
BL0975,2012,7,Before,33.8,245,76.536,3.108,2.581,2.423,2.681,4.153,3.381,2.824,3.374,3.317,3.76,3.024,3.381,3.953,5.361,3.226,3.984,5.002,5.748,3.639,4.203,3.413
BL0976,2012,7,Before,39.2,232,52.527,1.517,1.935,1.911,2.402,3.2,2.886,2.238,2.046,2.838,2.968,2.664,2.234,2.269,2.957,2.758,2.131,2.278,2.54,2.703,3.22,2.832
BL0977,2012,7,Before,38.03,236,50.626,1.926,1.954,2.196,2.097,2.166,1.926,2.641,2.276,2.651,2.781,2.612,2.527,2.433,2.431,2.708,2.757,2.486,3.015,2.185,2.197,2.661
BL0978,2012,7,Before,52.87,327,69.428,2.781,2.25,3.13,2.918,2.951,2.577,2.118,2.747,3.161,3.186,3.142,2.764,3.476,3.868,3.46,3.667,3.952,4.045,4.257,4.363,4.615
BL0979,2012,7,Before,45.72,307,70.636,2.835,2.306,2.786,2.517,3.063,2.876,2.775,3.056,3.415,4.811,3.77,3.689,3.781,4.618,3.497,3.76,3.126,4.111,4.265,2.372,3.207
BL0981,2012,7,Before,33.67,213,50.03,2.431,2.99,2.391,2.909,1.87,2.256,2.153,2.156,1.954,2.442,2.702,2.234,2.237,2.077,2.08,2.322,2.109,2.446,2.918,2.931,2.422
BL0983,2012,7,Before,42.53,274,71.937,2.243,2.631,3.162,3.561,3.237,3.784,3.559,3.555,3.786,3.392,4.485,3.004,3.325,3.484,2.846,3.946,3.071,2.838,3.801,3.88,4.347
BL0984,2012,7,Before,39.59,288,86.722,4.767,4.81,4.96,3.243,4.506,3.658,4.828,3.529,3.786,3.115,3.954,4.13,3.718,4.543,4.706,3.443,3.982,4.813,4.577,2.946,4.708
BL0985,2012,7,Before,38.06,267,79.119,3.335,2.643,4.268,4.831,4.165,3.414,3.475,3.636,2.308,3.404,3.563,4.275,4.631,4.245,4.237,3.851,3.155,3.618,3.731,4.216,4.118
BL0986,2012,7,Before,39.79,262,65.702,2.417,2.602,3.294,2.501,3.661,4.357,3.608,2.641,3.178,3.19,3.471,2.629,3.211,2.731,3.163,2.656,3.161,2.432,3.949,3.542,3.308
BL0987,2012,7,Before,39.09,250,77.179,2.523,3.32,3.004,4.138,3.005,3.165,4.908,4.702,4.048,4.848,4.301,3.629,3.488,4.261,3.634,4.402,3.341,4.089,3.185,2.486,2.702
BL0988,2012,7,Before,40.92,293,72.656,2.288,2.288,3.007,3.268,3.726,2.614,2.391,2.628,2.986,2.68,2.893,3.002,4.39,3.302,4.856,5.439,4.049,4.927,4.096,4.306,3.52
BL0989,2012,7,Before,38.58,274,65.102,2.522,2.15,2.417,2.033,2.525,3.216,2.209,2.628,2.232,2.439,3.61,3.126,3.185,2.483,3.537,3.058,4.26,5.332,4.56,4.003,3.577
BL0990,2012,7,Before,36.52,246,58.241,1.961,1.885,2.242,2.875,2.274,3.006,3.234,2.901,3.044,2.81,2.303,2.788,2.996,3.075,3.067,3.095,3.714,3.058,2.757,2.679,2.477
BL0991,2012,7,Before,41.8,279,60.412,2.362,2.147,1.703,2.313,2.629,2.398,2.016,2.314,1.885,2.758,3.317,2.581,2.841,3.146,3.377,2.986,4.526,4.768,3.281,3.435,3.629
BL0992,2012,7,Before,40.29,250,54.188,2.39,1.85,2.172,2.456,2.894,2.148,1.968,3.225,2.325,2.032,2.508,2.517,2.726,3.064,2.383,3.203,2.724,3.335,2.454,3.03,2.784
BL0993,2012,7,Before,41.55,278,65.807,2.705,2.005,2.656,2.128,2.258,2.791,3.696,3.446,3.682,3.802,3.905,3.913,2.772,2.54,3.586,2.865,3.498,3.426,3.926,2.772,3.435
BL0994,2012,7,Before,35.15,247,76.033,2.786,2.642,3.159,3.388,3.174,3.364,3.569,4.652,5.095,4.519,3.379,3.847,2.941,3.851,4.973,3.24,3.988,3.332,3.448,3.601,3.085
BL0996,2012,7,Before,39.44,258,79.847,3.284,3.058,3.363,2.86,4.59,3.959,3.519,3.637,3.837,4.274,3.57,3.691,4.481,4.066,3.732,4.28,3.73,3.204,4.83,3.071,4.811
BL0998,2012,7,Before,33.47,240,69.944,3.179,3.212,3.537,2.649,3.285,3.057,3.347,3.139,2.938,3.413,4.007,4.653,3.854,2.754,3.049,3.367,3.427,3.44,3.172,3.208,3.257
BL0999,2012,7,Before,35.08,238,57.183,2.069,2.73,2.708,1.6,1.719,1.844,1.698,2.91,3.512,2.782,2.229,3.763,3.183,2.475,3.254,2.976,2.978,3.21,2.638,3.405,3.5
BL1001,2012,7,Before,48.69,285,76.185,3.52,3.737,3.303,3.585,3.66,3.075,3.47,4.206,4.531,4.389,4.672,3.877,2.646,3.627,3.744,3.278,3.028,3.798,3.706,3.258,3.075
BL1002,2012,7,Before,37.93,306,82.226,3.496,3.738,4.003,3.738,3.834,3.749,3.605,3.328,4.87,3.593,3.738,3.316,4.615,4.749,4.882,4.236,3.011,3.416,3.718,4.499,4.092
BL1003,2012,7,Before,41.59,282,56.919,3.269,2.429,2.055,2.429,2.429,2.636,2.638,3.45,2.392,2.242,2.522,2.522,2.904,2.638,3.217,3.571,3.663,3.156,2.148,2.242,2.367
BL1006,2012,7,Before,45.24,322,54.545,2.904,3.15,3.184,2.935,2.828,2.55,2.781,2.368,1.774,1.896,2.053,3.153,2.923,2.672,2.453,2.066,1.861,2.302,3.16,2.532,3
BL1007,2012,7,Before,37.19,236,67.803,2.971,3.418,3.091,3.327,3.253,3.037,2.933,3.078,4.101,3.721,2.573,2.954,2.934,2.758,3.912,3.316,3.1,2.806,4.324,3.763,2.433
BL1009,2012,7,Before,38.87,277,71.636,3.613,3.164,3.096,2.58,3.564,2.744,3.201,2.665,3.877,3.659,3.505,3.535,3.719,2.326,3.937,4.216,3.659,3.222,4.135,4.097,3.122
BL1010,2012,7,Before,41.92,285,75.055,3.441,3.18,3.717,3.611,3.564,3.725,3.859,3.368,3.291,3.397,3.785,3.664,3.27,3.874,3.227,4.237,3.582,3.916,3.539,3.663,3.145
BL1013,2012,7,Before,36.06,242,54.937,1.566,1.642,2.921,3.111,2.868,2.598,2.728,2.68,2.446,2.567,2.651,1.689,2.469,2.808,2.35,2.861,2.598,3.365,3.069,2.781,3.169
BL0901,2012,8,Before,60,477.15,112.044,4.05,4.481,4.85,8.625,6.946,5.531,5.365,7.702,5.163,3.356,4.918,5.494,4.93,4.267,4.939,4.368,4.404,5.326,6.755,5.578,5.002
BL0904,2012,8,Before,64.9,493.89,131.42,6.049,6.523,7.355,7.392,6.16,6.445,7.459,8.326,5.628,6.235,6.521,7.527,6.342,6.062,3.966,4.598,4.833,6.606,4.697,5.869,6.831
BL0907,2012,8,Before,56.78,446.16,158.832,8.325,9.231,7.819,7.452,6.452,7.8,7.491,6.726,6.558,6.193,7.8,6.487,7.643,7.03,8.706,7.996,7.179,7.647,7.896,8.362,8.043
BL0908,2012,8,Before,58.57,482.4,104.952,7.734,7.062,5.947,5.883,4.917,3.06,4.63,4.713,4.376,4.143,3.578,5.06,4.769,5.937,5.355,5.172,4.291,4.437,4.975,4.91,4.008
BL0913,2012,8,Before,51.64,435.12,111.428,4.528,3.733,5.177,3.63,4.401,4.102,4.493,5.779,4.275,3.855,6.28,5.327,5.168,5.832,5.612,6.689,5.932,7.166,5.59,7.433,6.431
BL0916,2012,8,Before,65.31,504.29,174.834,7.941,6.843,8.439,8.913,7.695,7.976,9.722,7.923,8.913,7.63,8.194,7.752,9.144,10.187,9.423,8.561,8.352,8.398,8.704,7.422,6.707
BL0917,2012,8,Before,61.08,457.53,131.297,4.536,7.159,6.832,7.084,5.661,6.701,6.27,7.587,6.646,6.654,6.594,4.715,6.805,5.312,5.872,5.699,6.035,6.74,5.01,6.803,6.587
BL0919,2012,8,Before,62.64,378.7,97.824,4.747,4.276,3.928,3.341,4.128,3.898,4.729,5.652,4.986,3.579,4.409,4.901,4.707,4.9,4.861,5.259,4.415,4.426,5.099,5.679,5.904
BL0921,2012,8,Before,55.53,400.72,131.426,9.145,5.599,6.455,6.376,5.98,5.606,7.704,6.255,6.869,5.793,6.432,7.216,7.416,6.121,7.539,6.367,6.83,7.031,4.282,3.015,3.399
BL0922,2012,8,Before,65.37,580.04,157.331,8.272,5.07,6.773,8.051,7.486,7.479,5.245,6.031,6.009,6.468,7.022,7.207,9.894,8.207,7.81,9.771,8.102,9.6,7.93,7.473,7.434
BL0923,2012,8,Before,73.77,552.53,98.42,5.466,4.338,4.924,5.602,4.468,5.319,4.622,5.554,5.239,6.123,5.251,6.596,5.421,3.721,3.496,4.851,3.544,3.633,3.279,3.235,3.742
BL0933,2012,8,Before,66.4,475.44,131.557,5.734,4.909,4.635,4.068,5.215,6.186,7.94,6.02,4.681,5.221,6.145,6.763,5.447,8.375,8.198,6.726,7.525,7.457,6.442,6.981,6.893
BL0938,2012,8,Before,62.83,439.15,123.514,4.217,6.08,5.424,4.807,4.673,5.026,5.428,6.201,6.357,5.99,4.869,6.043,6.266,7.482,6.461,6.922,4.826,6.749,7.471,7.057,5.17
BL0945,2012,8,Before,75.76,590.42,106.588,5.229,4.582,5.108,4.842,4.422,4.679,3.837,4.578,5.166,3.788,4.361,5.71,5.152,4.555,3.43,4.304,6.713,5.756,5.292,7.754,7.335
BL0949,2012,8,Before,66.48,478.8,138.718,4.794,4.161,6.423,5.648,4.703,6.959,5.658,6.15,7.202,5.994,5.764,6.373,7.11,8.718,8.555,6.318,5.127,8.365,8.603,8.037,8.061
BL0957,2012,8,Before,65.65,547.77,127.523,6.165,6.964,6.504,6.665,4.982,6.314,5.694,5.545,4.335,6.409,6.498,6.33,6.117,5.814,6.415,5.446,6.515,6.945,6.45,4.954,6.468
BL0964,2012,8,Before,61.88,467.94,125.542,6.344,5.503,4.57,4.718,5.517,6.595,6.694,6.208,6.167,7.061,5.448,5.347,7.348,5.577,5.118,4.469,5.679,5.334,6.905,7.056,7.888
BL0966,2012,8,Before,58.58,457.06,107.694,4.861,4.423,5.556,3.476,5.198,3.887,4.172,6.537,5.709,5.886,4.424,5.314,5.722,4.541,4.559,4.625,4.748,6.019,5.164,5.041,7.838
BL0969,2012,8,Before,65.63,466.11,144.872,7.486,6.575,7.876,7.442,9.092,6.519,5.748,8.185,6.088,6.922,6.162,6.384,7.258,5.876,6.536,6.158,7.071,6.652,6.251,9.394,5.201
BL2046,2013,7,Before,42,278.89,85.149,3.594,4.123,3.928,4.918,3.747,4.366,3.93,4.024,4.303,3.436,4.705,3.45,3.693,3.817,3.112,4.608,4.542,3.8,3.706,4.044,5.307
BL2047,2013,7,Before,43,268,60.028,1.652,2.571,3.351,2.551,4.048,2.765,2.095,2.369,2.252,3.162,3.119,3.74,3.063,3.478,3.189,3.283,3.174,3.553,2.751,2.024,1.845
BL2048,2013,7,Before,46,293,67.411,2.983,2.918,3.574,3.899,3.007,3.107,3.201,3.357,2.812,3.219,3.091,4.399,3.672,3.512,3.556,3.365,3.679,2.474,2.197,2.505,2.889
BL2049,2013,7,Before,41,272,73.87,2.596,2.935,2.69,3.74,3.953,3.676,3.87,4.089,4.826,4.517,3.66,3.045,3.66,2.759,3.675,2.859,3.398,3.63,3.155,3.232,3.911
BL2055,2013,7,Before,46,309.12,61.73,2.248,2.914,2.938,3.504,2.847,3.378,2.757,3.472,3.559,2.169,2.631,3.224,3.101,3.221,2.724,2.914,2.765,2.725,2.915,3.034,2.695
BL2059,2013,7,Before,51,256.59,55.056,1.869,1.765,1.987,2.532,2.296,2.771,2.634,2.25,2.206,2.327,2.784,2.699,3.137,3.499,3.185,3.08,3.005,2.886,2.834,2.842,2.473
BL2060,2013,7,Before,51,298.52,93.163,4.521,4.489,2.954,3.757,3.831,2.597,3.751,3.898,4.766,4.911,6.318,4.573,6.047,4.457,3.946,5.444,4.087,3.842,4.699,5.018,5.264
BL2061,2013,7,Before,48,350,68.245,2.754,3.893,4.389,4.599,2.805,3.315,4.225,3.41,2.639,4.251,3.097,2.259,3.562,2.739,2.931,3.953,2.464,2.792,3.199,2.207,2.767
BL2064,2013,7,Before,48,337,83.231,3.108,4.886,3.725,3.959,4.61,3.278,4.204,3.349,4.542,4.611,4.241,4.182,4.255,4.414,4.173,4.577,4.066,2.48,3.453,3.592,3.531
BL2066,2013,7,Before,49,215,49.901,2.492,1.585,1.876,1.904,2.028,2.348,2.196,2.289,2.08,2.27,2.194,2.877,2.967,3.124,3.116,1.934,2.854,2.085,2.492,2.351,2.843
BL2068,2013,7,Before,61,447,68.902,2.867,3.577,3.162,3.764,3.867,3.607,3.386,3.667,4.229,3.237,3.157,3.97,3.487,2.667,3.065,2.725,2.482,3.312,2.18,3.293,3.207
BL2069,2013,7,Before,48,302,91.309,4.014,5.369,5.296,4.553,5.507,3.396,3.773,3.443,3.704,2.962,4.497,4.242,3.424,5.274,5.308,4.612,4.337,4.486,4.839,4.545,3.734
BL2070,2013,7,Before,49,371.58,61.453,4.056,2.954,4.181,3.318,2.719,2.647,3.666,2.682,2.886,2.085,2.22,2.803,2.149,2.786,3.357,2.585,2.558,2.821,2.411,3.629,2.945
BL2071,2013,7,Before,47,223,50.21,3.033,2.142,2.529,2.559,2.207,2.433,2.233,2.623,2.095,2.104,2.421,1.603,2.334,1.63,2.054,2.189,2.392,3.677,2.632,3.197,2.128
BL2073,2013,7,Before,56,415.43,80.766,4.341,3.402,3.417,3.634,2.777,3.539,5.553,1.736,2.981,3.209,3.841,4.177,3.619,3.734,3.54,3.695,3.776,4.16,4.821,5.718,5.101
BL2077,2013,7,Before,50,340,80.106,2.94,3.05,3.72,4.072,3.895,3.55,3.588,3.469,3.759,3.529,3.566,3.991,4.063,3.202,3.047,4.07,4.401,4.599,4.964,4.762,3.876
BL2079,2013,7,Before,55,353.67,77.916,2.838,2.313,2.407,3.128,3.632,3.994,3.863,3.857,4.009,3.291,4.545,4.522,3.465,4.236,4.012,4.605,3.786,3.173,4.767,3.467,4.005
BL2080,2013,7,Before,66,485.47,67.304,2.921,2.365,3.036,3.565,2.715,2.712,3.564,2.93,3.396,3.787,2.855,3.35,3.74,2.746,3.773,3.124,3.379,3.641,2.434,3.961,3.314
BL2083,2013,7,Before,53,354,90.442,4.244,5.054,3.94,5.023,4.165,4.361,4.46,4.129,4.372,4.76,4.151,4.411,4.218,4.336,3.85,4.758,3.571,4.631,3.15,4.556,4.307
BL2088,2013,8,Before,92,651.86,111.686,5.669,3.532,4.964,3.889,3.281,5.894,4.675,5.09,5.177,4.161,7.261,6.222,5.076,5.19,7.341,5.652,3.912,4.569,7.457,5.988,6.692
BL2089,2013,8,Before,67,544.42,88.435,4.401,3.92,4.327,2.994,3.401,3.55,3.859,4.18,4.269,4.325,5.574,4.803,2.66,4.553,3.649,3.808,3.429,5.838,5.238,3.842,5.818
BL2093,2013,8,Before,69,556.6,103.192,3.217,4.085,3.555,5.03,4.816,5.695,5.261,5.207,5.864,5.108,5.927,4.966,5.846,5.014,4.982,6.073,5.036,4.49,4.452,4.322,4.246
BL2096,2013,8,Before,65,398.24,102.805,3.889,4.328,5.719,4.29,4.281,4.204,4.09,3.865,5.433,5.71,5.775,6.308,5.913,5.35,4.92,5.084,4.216,5.371,5.138,4.98,3.941
BL2097,2013,8,Before,78,387.62,92.182,5.78,4.877,3.924,3.577,3.754,4.735,3.593,4.242,4.231,4.146,4.373,4.968,3.76,3.75,3.744,4.284,4.382,4.469,6.064,5.422,4.113
BL2098,2013,8,Before,74,570.23,82.058,3.966,3.5,4.13,4.351,3.094,3.291,3.664,3.852,3.507,4.573,3.849,4.396,3.923,3.318,3.677,4.069,4.047,4.556,3.82,4.621,3.854
BL2101,2013,8,Before,78,580.29,86.11,4.201,4.192,2.896,2.883,3.906,3.251,3.367,4.145,4.033,4.15,3.776,4.35,4.217,4.029,4.677,4.205,4.654,4.702,4.965,4.79,4.724
BL2102,2013,8,Before,73,569.65,103.698,4.866,4.639,6.861,4.646,4.945,5.912,4.735,7.068,5.936,4.011,3.593,3.018,3.106,4.245,4.082,4.877,5.147,4.689,5.247,5.346,6.733
BL2104,2013,8,Before,73,518.98,84.606,3.992,4.488,3.998,3.916,3.119,3.144,3.508,3.845,3.756,4.396,4.273,4.001,4.327,4.119,4.139,4.083,4.12,3.556,4.497,4.181,5.15
BL2107,2013,8,Before,87,665.71,87.764,3.29,3.818,3.661,2.895,2.605,3.822,3.609,4.356,3.647,4.423,4.647,5.057,4.812,4.982,4.641,4.152,5.172,4.144,4.949,4.764,4.323
BL2108,2013,8,Before,74,555.04,96.702,4.547,3.258,4.716,3.566,4.037,4.109,3.938,4.17,3.836,4.288,5.559,5.038,3.889,4.29,4.888,4.905,5.799,5.277,5.38,5.525,5.688
BL2110,2013,8,Before,88,720.9,129.613,7.02,5.087,5.682,4.992,5.008,6.206,4.886,5.282,5.807,5.525,7.256,5.199,7.077,5.399,7.152,6.555,6.429,7.933,6.868,6.777,7.476
BL2111,2013,8,Before,85,676.05,128.295,4.447,5.132,4.911,4.932,5.724,5.292,5.544,5.864,7.035,5.004,6.151,7.056,5.943,5.978,7.416,7.641,7.812,8.879,7.527,5.759,4.25
BL2113,2013,8,Before,66,539.83,106.371,4.196,4.636,3.997,3.746,4.666,4.495,3.975,4.319,3.885,5.208,5.047,5.347,4.852,6.747,5.418,4.616,6.54,7.576,6.598,5.295,5.214
BL2115,2013,8,Before,79,556.23,139.511,4.507,4.224,5.17,5.236,5.248,5.87,5.061,6.209,6.866,6.518,7.783,6.881,7.04,6.793,7.981,7.894,9.396,9.094,7.032,7.412,7.3
BL2116,2013,8,Before,103,790.75,75.639,3.67,5.021,4.904,5.765,4.417,4.597,4.5,4.093,4.024,3.678,4.784,2.319,2.706,2.602,2.377,2.536,2.62,2.208,2.692,3.049,3.075
BL2120,2013,8,Before,76,581.61,114.738,5.11,4.997,3.809,4.609,5.55,4.527,5.696,4.633,4.419,3.976,4.797,5.196,6.362,5.527,6.909,7.054,6.582,6.218,5.359,5.914,7.495
BL2122,2013,8,Before,87,549.23,106.254,4.261,4.307,4.177,6.285,6.303,7.01,5.161,5.382,6.27,4.357,3.948,4.57,5.617,5.658,5.789,4.698,3.985,4.353,4.551,4.486,5.09
BL2124,2013,8,Before,83,674.85,97.373,3.914,3.511,3.267,3.219,3.984,3.281,5.055,4.842,5.125,4.19,5.086,5.371,4.287,5.433,4.37,4.853,6.186,6.719,4.498,4.165,6.017
BL2125,2013,8,Before,93,614.8,73.331,4.372,3.757,3.607,3.079,3.103,3.188,3.136,3.642,3.041,3.546,3.606,3.644,3.942,4.301,4.111,3.211,3.096,2.703,3.216,3.279,3.753
BL2130,2014,7,Heatwave,57,414,60.962,2.717,2.189,3.282,2.546,2.55,2.897,2.972,2.686,3.056,1.839,2.438,1.999,2.379,2.91,3.703,3.942,3.58,3.281,3.624,2.503,3.869
BL2138,2014,7,Heatwave,55,354,89.408,2.383,3.526,3.393,3.535,5.023,4.075,5.12,4.186,5.234,3.427,4.809,3.995,4.413,4.58,4.546,4.292,5.331,4.138,4.246,3.849,5.307
BL2139,2014,7,Heatwave,53,346,82.84,3.362,3.455,3.434,2.84,3.808,4.215,4.098,4.111,3.852,3.836,4.325,5.098,3.935,4.213,2.682,4.136,3.991,4.745,5.727,3.584,3.393
BL2140,2014,7,Heatwave,55,404,94.444,4.746,3.703,4.608,5.194,4.065,6.034,3.97,4.759,4.759,5.761,4.336,4.546,3.756,4.545,3.623,4.809,4.044,4.645,4.589,4.601,3.351
BL2141,2014,7,Heatwave,56,365,87.878,4.887,3.419,4.396,5.441,5.22,4.703,4.241,3.276,4.061,3.65,3.247,4.425,4.233,4.08,3.601,4.282,3.735,4.377,4.425,3.783,4.396
BL2143,2014,7,Heatwave,46,315,80.508,3.662,3.447,3.481,3.597,3.746,3.044,4.635,4.175,3.654,3.761,3.512,3.904,4.413,4.279,3.522,3.843,3.551,3.979,4.607,3.979,3.717
BL2144,2014,7,Heatwave,60,426,60.743,2.824,3.193,2.289,3.058,3.945,2.553,2.58,1.956,2.522,2.947,3.849,2.308,2.855,1.554,2.132,4.162,3.119,2.799,4.089,2.827,3.182
BL2147,2014,7,Heatwave,55,345,72.823,2.449,2.601,1.958,2.449,3.284,3.532,3.858,2.28,2.646,2.87,3.873,3.754,3.952,3.388,4.233,4.095,4.377,2.824,5.08,4.236,5.084
BL2148,2014,7,Heatwave,55,409,100.275,5.622,5.089,3.815,5.488,4.159,4.003,4.689,3.379,5.108,4.647,4.321,5.559,3.85,4.608,5.357,5.435,5.089,4.896,4.984,4.945,5.232
BL2150,2014,7,Heatwave,48,380,109.514,6.775,5.57,4.742,4.276,3.685,5.504,5.78,4.361,4.489,5.896,5.039,5.44,4.07,5.312,5.7,5.102,6.008,4.601,6.054,5.991,5.119
BL2152,2014,7,Heatwave,48,315,68.113,2.54,3.322,3.045,2.728,2.327,3.178,1.954,1.867,3.545,2.97,3.928,3.758,4.128,3.869,2.633,2.58,2.748,3.792,4.6,4.468,4.133
BL2154,2014,7,Heatwave,52,345,66.651,3.568,2.891,3.092,2.982,5.323,3.954,3.203,1.436,1.767,1.767,2.43,2.43,2.099,3.588,3.443,2.688,3.645,3.865,3.646,4.562,4.272
BL2155,2014,7,Heatwave,35,269,88.716,4.22,3.914,4.407,4.146,3.67,4.354,3.01,4.233,4.096,3.818,4.256,5.151,3.33,4.256,4.901,3.972,3.854,4.844,4.357,4.457,5.47
BL2156,2014,7,Heatwave,48,302,71.303,3.906,3.622,3.301,3.742,3.729,3.132,2.996,3.284,2.353,3.415,3.494,3.539,2.868,3.173,3.199,4.127,3.221,3.494,3.244,4.493,2.971
BL2158,2014,7,Heatwave,61,425,105.621,4.042,5.112,4.883,4.085,4.484,5.057,5.963,4.904,5.97,3.777,5.018,5.318,5.449,4.635,5.542,4.906,6.645,6.08,4.31,4.845,4.596
BL2159,2014,7,Heatwave,58,376,101.433,5.606,5.994,5.281,6.138,5.491,4.161,3.897,4.424,4.309,3.599,4.694,5.196,5.014,5.429,3.692,4.899,5.046,4.399,3.981,5.904,4.279
BL2164,2014,7,Heatwave,53,365,101.924,5.402,3.958,4.506,5.289,4.35,4.548,5.832,3.883,5.992,3.099,5.015,4.883,3.898,4.468,6.112,4.866,5.53,5.312,3.913,5.733,5.335
BL2165,2014,7,Heatwave,50,311,82.007,3.105,3.27,3.246,3.247,4.148,3.459,3.484,4.74,2.749,4.053,4.029,3.436,3.887,3.744,3.816,3.768,4.408,5.996,5.376,4.031,4.015
BL2166,2014,7,Heatwave,48,347,86.778,4.41,4.298,3.22,4.177,3.455,4.661,4.774,3.196,4.2,4.327,4.263,3.807,3.767,4.302,4.288,4.244,3.6,3.592,4.802,5.021,4.374
BL2167,2014,7,Heatwave,39,288,80.73,3.448,3.166,3.985,3.286,3.95,4.582,3.132,3.796,4.206,3.807,4.328,3.518,3.674,3.863,4.072,3.829,4.427,3.345,3.808,4.627,3.881
BL2229,2014,8,Heatwave,96,748.24,168.789,6.572,6.219,6.362,6.792,7.845,9.428,7.52,8.321,6.36,6.617,9.278,10.511,13,9.353,8.457,7.337,7.667,8.041,7.701,7.776,7.634
BL2230,2014,8,Heatwave,112,833.53,176.954,8.696,7.245,6.392,6.829,9.19,8.235,6.592,6.715,7.456,8.388,13.291,10.367,10.161,7.595,6.887,9.323,9.04,8.049,8.076,8.21,10.218
BL2231,2014,8,Heatwave,101,728.82,110.842,5.358,5.753,5.445,6.287,4.677,4.882,4.815,4.778,6.065,4.928,4.51,5.216,4.859,5.293,4.965,5.803,5.738,6.501,4.798,4.715,5.455
BL2126,2015,7,Heatwave,45,330.17,66.87,3.461,3.481,2.527,2.336,1.976,2.433,3.034,3.484,2.9,4.11,3.432,2.979,2.834,4.7,2.796,3.482,3.988,2.53,3.048,3.266,4.073
BL2127,2015,7,Heatwave,46,335,71.733,3.694,3.211,3.395,3.775,3.568,3.902,4.44,3.331,4.837,2.902,4.506,3.742,2.899,2.677,2.86,4.591,2.429,2.311,2.711,2.978,2.974
BL2128,2015,7,Heatwave,50,343,54.686,2.177,1.883,1.996,2.744,1.974,1.452,2.154,2.947,1.906,2.034,3.118,2.543,4.009,3.288,3.402,2.609,2.452,2.101,3.086,3.183,3.628
BL2129,2015,7,Heatwave,41,308,70.51,3.463,3.063,3.313,4.046,2.674,3.451,2.856,3.257,4.309,4.171,3.908,3.589,3.896,2.881,2.537,3.075,2.912,4.516,2.274,3.2,3.119
BL2307,2015,7,Heatwave,48,351,78.845,4.46,3.524,3.387,3.305,3.331,3.189,3.331,3.832,4.012,3.421,3.742,2.302,4.36,3.6,4.487,4.36,4.424,3.484,3.267,4.693,4.334
BL2308,2015,7,Heatwave,53,403,98.907,3.972,4.045,3.06,4.295,5.678,5.545,4.972,2.927,3.633,4.722,6.84,3.795,6.973,5.472,4.839,4.589,6.061,5.766,4.339,4.001,3.383
BL2309,2015,7,Heatwave,47,310,64.854,3.358,3.281,3.777,2.632,3.244,2.938,2.784,2.671,2.06,2.328,1.947,3.089,4.194,2.835,3.438,2.234,2.919,2.408,4.253,4.253,4.211
BL2310,2015,7,Heatwave,53,363,79.202,2.962,4.13,4.27,3.194,3.912,3.257,3.912,2.758,2.687,4.2,3.834,4.284,2.673,2.828,4.335,4.06,5.156,2.961,4.635,3.791,5.363
BL2311,2015,7,Heatwave,46,314,71.589,2.02,2.546,2.468,2.087,2.528,3.018,2.069,3.279,3.775,4.172,4.013,4.386,4.021,3.862,3.046,5.877,6.108,3.332,3.018,3.387,2.577
BL2200,2015,8,Heatwave,99,643.94,69.986,5.088,4.679,5.228,4.385,3.281,3.982,4.881,3.22,2.62,2.624,3.394,3.149,2.417,2.614,3.035,2.09,2.305,2.598,3.027,2.21,3.163
BL2201,2015,8,Heatwave,101,688.21,64.177,3.469,4.01,2.815,3.331,3.014,3.47,2.697,2.904,3.152,2.576,3.007,3.044,3.161,2.417,2.993,2.534,2.769,2.28,3.79,2.829,3.919
BL2202,2015,8,Heatwave,79,496.99,139.403,8.026,6.424,5.585,5.343,5.583,6.543,5.345,5.99,5.549,6.697,6.327,6.749,6.498,7.291,6.606,7.699,7.401,7.733,5.994,8.479,7.545
BL2203,2015,8,Heatwave,85,623.8,64.123,2.835,3.04,3.081,2.691,3.342,2.813,2.917,2.804,3.205,2.863,2.565,3.584,2.64,3.031,2.926,2.82,2.893,2.641,3.239,3.797,4.404
BL2205,2015,8,Heatwave,93,672.56,99.782,3.39,4.56,5.2,5.434,4.94,5.388,5.49,5.047,5.154,5.26,3.962,4.596,3.996,4.655,5.43,4.392,2.615,4.488,5.56,4.516,5.715
BL2206,2015,8,Heatwave,106,714.66,71.332,4.176,4.037,3.28,3.75,2.917,3.5,3.62,3.314,2.937,3.555,2.869,3.676,2.801,3.624,3.248,3.384,2.936,3.624,3.488,3.165,3.437
BL2207,2015,8,Heatwave,90,580.12,99.021,4.902,5.388,4.394,4.372,4.224,4.938,4.25,3.77,4.386,4.17,4.932,4.789,3.905,3.771,5.627,4.547,5.478,5.316,4.729,5.9,5.238
BL2208,2015,8,Heatwave,80,473.83,88.525,2.612,3.69,4.28,5.404,4.913,4.653,3.777,4.174,6.257,3.773,3.077,3.344,3.127,3.874,4.199,2.784,6.033,5.455,5.032,3.882,4.19
BL2209,2015,8,Heatwave,98,699.84,108.84,4.532,5.243,4.874,4.374,4.946,4.096,5.428,4.465,4.802,5.044,4.604,5.615,4.785,5.66,5.404,6.782,6.012,6.098,6.239,4.917,4.927
BL2215,2015,8,Heatwave,86,589.56,134.912,4.951,5.311,5.2,6.041,5.882,4.96,6.059,6.167,6.139,5.976,6.974,6.728,7.266,6.761,7.238,7.34,7.73,7.861,8.076,6.51,7.388
BL2216,2015,8,Heatwave,98,729.18,126.206,3.899,6.477,4.483,5.995,5.675,7.171,8.135,6.868,6.177,6.892,6.51,5.858,6.646,6.678,6.555,4.413,4.028,4.172,6.3,6.231,7.047
BL2217,2015,8,Heatwave,91,693.96,139.133,5.362,6.048,6.217,6.233,6.241,6.206,6.679,5.588,7.052,8.032,6.046,8.077,7.191,7.579,7.254,7.934,5.403,8.683,6.697,5.406,5.21
BL2218,2015,8,Heatwave,93,651.41,57.607,1.979,2.606,2.688,2.615,3.119,3.074,2.857,2.329,2.677,2.512,2.807,2.929,2.764,2.396,3.025,3.296,2.687,3.23,2.843,1.932,3.245
BL2219,2015,8,Heatwave,90,683.12,135.745,7.545,6.233,7.059,6.267,5.877,5.733,6.205,4.961,6.906,6.574,8.569,6.924,5.869,6.15,5.993,6.014,7.676,5.559,5.441,6.581,7.613
BL2220,2015,8,Heatwave,99,711.7,152.022,6.418,5.611,7.263,6.924,7.554,6.556,6.504,7.566,6.867,7.76,7.495,7.168,9.07,7.689,6.271,5.432,8.084,8.712,7.551,7.777,7.755
BL2222,2015,8,Heatwave,95,687.2,98.607,4.473,3.345,3.672,3.863,3.153,4.196,4.367,6.566,5.235,3.6,4.819,5.76,5.983,6.258,5.642,6.029,7.044,4.78,3.95,3.136,2.741
BL2223,2015,8,Heatwave,102,761.43,105.094,4.252,4.779,4.635,3.502,2.676,3.195,3.242,3.637,4.131,4.132,5.015,5.157,6.569,6.32,6.316,6.796,5.767,6.342,6.128,6.368,6.134
BL2224,2015,8,Heatwave,95,684.06,121.883,5.433,5.283,4.028,4.711,4.545,5.15,6.534,5.157,6.36,6.205,5.819,6.447,4.814,6.138,6.563,7.287,7.128,6.565,6.011,6.101,5.609
BL2225,2015,8,Heatwave,103,676.64,123.482,6.773,5.175,5.38,6.547,5.504,6.059,5.174,5.592,7.086,4.747,6.179,6.149,6.011,5.786,5.865,6.594,6.146,5.866,5.327,5.307,6.221
BL2226,2015,8,Heatwave,95,698.23,85.982,3.432,4.11,2.221,4.071,6.713,5.771,4.607,2.936,3.186,3.671,4.207,5.34,4.22,3.836,3.679,3.256,3.875,2.855,3.956,3.634,6.41
BL2227,2015,8,Heatwave,85,596.67,158.93,8.121,3.166,7.991,6.849,7.835,7.422,5.538,8.318,7.471,6.859,7.808,8.664,7.455,7.844,6.047,10.715,9.836,8.62,6.825,8.388,7.162
BL2228,2015,8,Heatwave,95,717.34,102.688,3.957,4.571,4.284,4.535,6.264,5.268,6.636,4.578,3.777,3.999,4.463,3.957,5.223,5.228,5.753,5.341,4.71,5.245,4.814,5.456,4.633
BL2232,2016,7,Heatwave,70,461.17,82.995,3.192,3.513,3.837,3.561,3.771,3.651,3.234,4.85,2.808,3.129,5.257,5.586,5.04,5.182,3.39,4.123,4.775,3.033,3.057,4.708,3.304
BL2234,2016,7,Heatwave,64,387.57,88.203,4.041,2.9,3.998,4.264,5.192,3.783,4.823,5.309,4.371,3.233,4.294,2.904,3.318,3.24,4.565,4.122,4.491,4.623,5.016,4.852,4.869
BL2235,2016,7,Heatwave,60,382.46,86.684,3.354,4.517,4.404,4.412,3.699,5.227,4.987,4.816,4.413,4.13,3.776,4.887,3.44,3.732,3.093,4.545,4.405,4.104,3.701,3.641,3.401
BL2237,2016,7,Heatwave,58,348.97,66.515,2.663,2.967,2.587,3.124,2.844,3.057,2.575,2.697,2.57,2.573,3.493,2.953,3.429,3.815,2.361,2.753,3.821,3.973,5.085,4.039,3.141
BL2240,2016,7,Heatwave,63,389.53,100.446,3.669,3.559,5.392,4.625,4.779,4.745,4.108,5.014,5.153,4.988,4.276,3.869,3.977,4.908,5.639,5.19,5.513,5.647,6.173,4.297,4.93
BL2244,2016,7,Heatwave,65,379.14,72.986,3.823,3.602,3.861,3.533,4.093,2.925,2.763,4.802,3.153,2.752,2.749,2.742,3.168,3.556,4.651,3.753,3.331,3.463,2.494,4.119,3.658
BL2249,2016,7,Heatwave,63,379,103.67,4.801,3.271,4.541,4.763,5.565,4.617,4.16,3.458,3.2,3.765,3.794,3.805,4.336,4.59,5.328,4.253,5.652,8.389,7.964,5.831,7.591
BL2250,2016,7,Heatwave,62,389.53,81.084,3.537,2.509,3.058,4.062,2.979,2.991,3.771,3.93,4.251,4.535,3.991,5.184,3.628,3.66,4.396,4.046,4.026,5.078,3.441,3.261,4.753
BL2251,2016,7,Heatwave,57,393.2,84.044,4.841,4.736,3.91,3.22,4.215,3.506,2.302,2.428,3.202,3.111,4.418,3.603,4.893,4.298,3.259,3.259,3.945,5.166,6.747,4.745,4.245
BL2252,2016,7,Heatwave,75,441.17,83.741,3.903,4.447,4.464,3.555,4.305,3.593,3.408,4.194,4.682,4.934,3.921,4.499,3.631,3.663,3.743,4.412,3.605,4.149,3.036,3.687,3.916
BL2299,2016,7,Heatwave,65,423.24,78.766,3.68,3.383,2.997,3.417,4.32,4.193,3.655,3.903,3.506,3.434,4.387,3.259,3.385,4.039,4.799,5.169,4.654,2.648,2.487,3.153,4.302
BL2301,2016,7,Heatwave,52,325.5,103.216,4.199,5.966,5.783,3.827,5.008,4.751,4.903,4.333,4.097,6.478,5.272,4.937,4.589,5.364,5.705,4.784,4.948,4.345,4.485,4.737,4.71
BL2302,2016,7,Heatwave,57,360.05,79.979,3.608,3.583,3.925,2.755,3.048,2.876,4.396,3.896,4.493,4.235,3.896,3.559,4.326,3.783,3.885,4.154,4.029,4.082,3.18,3.888,4.386
BL2335,2016,7,Heatwave,68,404.71,94.723,3.722,4.749,4.391,5.916,3.62,3.055,3.875,4.319,4.274,6.259,4.381,4.36,5.005,4.655,4.951,5.327,4.565,4.437,4.34,3.482,5.045
BL2337,2016,7,Heatwave,62,402.16,71.95,3.299,4.406,4.147,3.733,3.497,4.431,3.545,2.832,2.735,3.913,3.255,3.587,3.181,3.438,2.83,3.55,2.579,2.888,3.594,2.416,4.098
BL2338,2016,7,Heatwave,61,416.32,93.248,5.801,5.709,5.395,4.534,5.558,6.406,3.662,3.073,3.36,3.793,3.32,3.053,3.29,3.399,4.85,5.464,4.563,4.455,4.731,4.13,4.707
BL2342,2016,7,Heatwave,60,400.98,67.43,2.568,1.923,2.107,2.875,3.547,3.028,3.805,3.08,3.067,4.226,3.12,3.214,3.685,2.95,3.366,3.483,3.869,2.968,2.566,3.974,4.014
BL2344,2016,7,Heatwave,62,394.31,71.768,3.546,2.844,3.248,2.67,3.895,3.193,3.767,3.166,3.693,2.947,3.754,3.701,3.16,3.875,3.303,3.694,3.739,3.911,3.417,3.15,3.098
BL2345,2016,7,Heatwave,57,309.97,100.314,3.666,3.779,4.72,4.426,4.561,3.946,5.015,4.263,4.159,5.913,3.904,3.929,4.921,4.528,4.968,5.291,5.02,5.07,6.178,6.675,5.386
BL2347,2016,7,Heatwave,67,401.78,61.7,3.014,2.698,3.03,3.094,2.13,2.841,3.559,2.405,3.071,2.676,2.436,2.641,2.19,2.686,2.836,2.82,3.693,4.162,3.281,2.714,3.73
BL2287,2017,7,Between,54,334,72.086,3.98,3.629,3.036,3.416,3.78,2.934,3.148,3.699,3.323,4.161,3.762,3.205,2.699,2.912,2.919,3.908,3.401,3.531,3.548,3.891,3.204
BL2288,2017,7,Between,67,464,92.725,2.464,3.219,2.866,4.619,4.972,5.861,3.098,3.435,3.291,6.179,4.142,4.446,3.692,3.82,2.892,5.897,6.927,5.637,4.408,6.589,4.271
BL2290,2017,7,Between,71,445,94.738,4.093,4.56,4.701,4.86,4.292,3.771,4.121,4.326,4.274,4.144,5.024,3.817,4.091,5.896,4.127,4.916,4.678,5.06,3.587,4.849,5.551
BL2291,2017,7,Between,64,434,128.625,5.021,5.888,5.752,5.328,5.461,5.678,4.024,5.661,6.578,5.024,5.024,4.621,5.269,7.49,7.617,6.392,6.224,9.405,6.21,7.854,8.104
BL2292,2017,7,Between,61,428,113.625,4.719,4.449,4.302,3.43,3.332,4.459,3.49,4.281,3.441,4.676,6.595,6.472,4.83,6.057,7.859,7.859,7.067,6.236,8.637,5.362,6.072
BL2294,2017,7,Between,58,435,89.681,4.572,3.821,3.773,3.442,3.894,4.094,3.986,3.688,4.05,4.215,4.102,3.875,5.134,3.842,4.237,4.234,4.292,6.486,5.514,4.737,3.693
BL2295,2017,7,Between,58,299,95.587,4.812,5.072,5.738,5.053,4.693,6.004,3.464,4.598,5.865,4.947,4.616,4.542,3.652,4.674,4.623,3.687,4.198,4.079,3.631,3.588,4.051
BL2296,2017,7,Between,57,371,77.042,3.387,3.238,3.893,3.487,3.53,2.464,3.917,3.804,4.05,3.247,2.756,3.337,2.947,3.779,4.069,4.304,4.411,4.493,3.635,3.994,4.3
BL2313,2017,7,Between,57,452,88.219,5.402,4.035,4.14,2.985,3.17,3.414,3.183,5.085,3.797,3.823,4.226,3.817,4.376,5.575,3.808,4.398,5.851,3.923,4.54,3.531,5.14
BL2314,2017,7,Between,55,414,84.597,6.224,6.01,6.177,3.744,4.363,4.099,6.311,4.816,2.47,3.44,3.006,2.904,3.214,4.677,4.077,3.555,2.444,2.995,3.593,3.369,3.109
BL2315,2017,7,Between,63,443,70.512,2.428,2.142,2.812,2.827,2.444,3.177,3.31,3.083,3.403,2.749,3.879,3.816,3.855,3.312,2.534,3.764,4.713,4.931,3.854,3.528,3.951
BL2317,2017,7,Between,85,579,89.108,3.427,2.442,2.551,3.363,3.532,3.223,3.691,3.578,3.489,3.163,3.704,2.955,3.913,4.037,3.903,5.9,6.774,6.515,7.787,6.176,4.985
BL2318,2017,7,Between,87,634,111.375,4.376,4.892,3.893,3.625,5.153,4.545,5.843,6.342,6.076,5.803,4.965,4.352,4.779,5.127,5.413,4.513,6.775,7.616,5.465,4.504,7.318
BL2319,2017,7,Between,60,432,113.907,6.964,6.031,5.615,4.293,5.058,4.878,5.692,5.793,6.015,5.266,6.448,6.402,6.298,5.639,4.718,5.805,4.251,4.909,4.522,3.597,5.713
BL2321,2017,7,Between,59,409,91.267,3.498,3.663,3.568,3.864,5.001,3.912,5.401,4.211,5.001,3.864,4.01,4.41,5.25,4.108,6.097,3.515,4.259,5.152,4.211,4.458,3.814
BL2322,2017,7,Between,65,437,69.466,3.403,3.169,2.798,2.863,2.628,2.641,3.403,3.169,4.362,2.908,3.659,2.943,2.886,3.86,3.7,4.495,3.201,3.375,2.82,3.219,3.964
BL2323,2017,7,Between,65,399,132.053,5.803,6.738,6.906,6.402,6.819,5.562,5.037,6.523,6.738,6.066,6.099,6.094,6.353,6.376,5.763,6.567,6.772,5.801,6.51,6.168,6.956
BL2324,2017,7,Between,40,303,63.493,2.81,3.445,2.669,3.919,4.707,3.853,3.373,2.147,2.952,2.338,2.549,2.769,2.984,2.38,2.638,3.096,2.843,2.743,3.342,2.594,3.342
BL2325,2017,7,Between,35,273,55.061,2.706,2.931,2.31,2.548,2.94,1.918,2.448,2.547,2.754,2.448,2.606,2.734,2.596,2.596,2.783,2.989,2.773,2.429,2.557,3.157,2.291
BL2326,2017,7,Between,64,404,109.35,6.141,3.621,2.319,4.046,4.745,5.96,5.291,5.101,5.363,6.786,5.473,3.196,4.465,4.643,6.294,5.843,6.83,6.588,5.517,5.098,6.03
BL2327,2017,7,Between,64,487,100.55,4.581,6.433,4.35,4.815,5.314,3.987,5.314,4.322,4.981,4.816,4.815,3.983,5.315,4.65,6.469,3.659,3.818,5.314,3.815,6.642,3.157
BL2330,2017,7,Between,47,360,123.076,6.259,5.557,5.214,4.856,5.763,5.186,5.915,6.177,5.529,5.186,5.035,6.094,5.943,6.245,5.007,7.153,6.052,6.543,5.921,6.008,7.433
BL2331,2017,7,Between,58,402,143.284,5.726,6.226,6.919,7.292,7.613,8.211,7.561,8.307,8.653,7.344,7.786,7.76,6.253,7.373,6.829,5.301,7.211,5.491,5.769,4.509,5.15
BL2332,2017,7,Between,62,448,144.419,6.669,3.673,6.92,7.88,6.187,6.546,8.577,7.886,7.1,5.293,7.191,9.023,8.314,7.636,6.304,7.636,7.192,6.56,7.005,6.595,4.232
BL2256,2017,8,Between,92,651.64,102.49,4.725,3.819,3.875,3.133,4.09,4.757,4.078,5.091,4.48,5.774,5.154,5.977,6.589,6.066,5.781,6.362,4.365,4.917,5.047,4.102,4.307
BL2257,2017,8,Between,76,590.63,101.355,6.706,4.204,5.739,4.325,5.398,3.668,4.318,4.837,5.12,5.155,3.776,5.651,5.943,6.216,4.604,5.971,4.624,4.59,3.796,3.163,3.557
BL2258,2017,8,Between,75,600.69,118.988,5.147,5.191,5.914,6.1,5.273,5.613,6.196,6.358,5.637,5.148,5.796,5.305,6.976,4.501,6.375,6.445,6.19,4.935,7.914,3.765,4.214
BL2259,2017,8,Between,79,604.7,120.181,5.077,4.469,4.307,5.514,5.154,5.255,5.389,4.914,5.712,5.913,5.234,5.095,5.82,6.009,9.806,5.321,5.401,6.734,6.281,5.969,6.81
BL2260,2017,8,Between,80,636.82,98.018,4.73,3.808,4.615,3.832,4.562,4.109,3.685,4.724,3.705,4.281,4.285,4.182,4.296,5.288,5.326,6.551,5.389,5.133,3.877,5.671,5.969
BL2261,2017,8,Between,83,635.35,128.483,8.184,8.817,6.012,5.512,5.833,4.838,5.783,5.074,5.148,5.29,5.701,6.748,5.386,8.225,8.509,7.357,6.121,8.297,4.498,3.759,3.393
BL2262,2017,8,Between,87,582.53,111.195,6.721,4.536,5.046,4.533,4.2,5.199,4.763,4.728,4.955,3.857,5.209,5.068,5.442,5.901,6.081,4.565,5.576,6.696,7.318,4.887,5.918
BL2263,2017,8,Between,76,580.89,137.658,5.549,4.354,5.031,5.042,7.822,5.826,5.604,5.521,6.229,6.158,7.906,7.201,7.784,5.383,8.043,7.901,7.364,6.038,7.515,7.68,7.712
BL2264,2017,8,Between,77,581.04,95.668,4.079,4.027,3.784,4.326,4.28,3.832,5.106,3.889,4.232,4.559,5.118,4.933,4.2,3.437,4.231,5.122,5.521,5.55,4.797,5.21,5.435
BL2265,2017,8,Between,76,592.4,117.118,4.795,4.92,4.535,4.541,5.421,4.355,5.379,5.534,5.46,5.533,8.183,5.145,4.329,5.191,6.869,5.276,5.966,6.456,6.118,5.712,7.404
BL2266,2017,8,Between,82,606.98,67.155,3.53,3.717,3.26,4.031,3.631,3.452,3.689,3.64,2.825,2.451,3.115,2.73,3.703,3.191,3.117,3.413,3,2.667,2.445,2.706,2.848
BL2267,2017,8,Between,74,521.94,57.338,3.386,3.444,2.522,3.386,2.455,3.399,2.292,2.673,2.587,2.197,3.185,3.016,2.658,2.033,2.585,2.6,2.285,2.505,2.751,2.858,2.522
BL2268,2017,8,Between,78,645.96,108.248,5.041,5.227,4.543,4.024,5.172,4.508,3.793,4.644,3.837,3.95,4.511,4.432,5.037,5.588,5.486,4.492,5.127,5.924,8.275,8.3,6.338
BL2269,2017,8,Between,90,568.39,91.757,4.221,4.349,4.454,3.981,4.784,4.542,3.557,4.875,4.723,4.238,5.084,5.165,4.993,3.99,4.348,3.675,4.549,3.99,4.347,3.806,4.093
BL2270,2017,8,Between,82,694.93,114.148,5.934,5.639,6.208,6.254,5.571,6.113,4.683,4.376,5.477,4.901,4.386,4.944,5.652,4.999,4.505,4.962,5.213,6.589,5.23,6.564,5.947
BL2271,2017,8,Between,55,429.48,98.74,3.286,3.226,3.582,3.831,4.746,5.153,4.82,4.676,4.143,4.13,4.357,4.902,4.977,5.313,5.028,5.684,5.691,4.903,5.621,5.399,5.274
BL2276,2017,8,Between,75,507.53,101.124,5.221,5.286,4.799,5.114,4.952,4.635,4.829,4.503,3.476,4.917,4.145,3.925,6.111,5.818,5.157,4.524,4.771,4.385,5.862,4.284,4.412
BL2277,2017,8,Between,96,757.44,139.24,6.693,7.999,7.875,9.049,7.65,5.924,5.791,5.55,6.245,6.904,5.266,4.518,6.898,6.183,6.464,6.68,6.606,6.121,7.367,7.331,6.128
BL2278,2017,8,Between,84,618.32,107.978,5.118,5.104,4.581,4.341,5.738,4.77,3.938,3.946,3.202,7.076,6.455,4.883,4.855,4.909,4.818,5.686,4.723,5.871,6.691,5.236,6.038
BL2279,2017,8,Between,92,662.47,91.249,4.674,5.205,3.235,4.419,4.697,4.422,3.751,3.796,4.133,3.805,3.514,3.403,3.622,5.22,3.792,4.376,5.56,4.741,5.099,4.649,5.137
BL2280,2017,8,Between,77,559.14,65.656,3.188,2.393,3.492,4.088,3.586,3.472,2.743,3.796,2.737,3.026,3.189,2.979,2.173,3.953,3.859,2.345,2.989,2.405,3.122,2.777,3.348
BL2281,2017,8,Between,96,664.21,106.582,5.899,5.649,5.058,5.615,4.643,5.069,4.392,5.573,4.637,4.853,5.257,5.06,5.697,5.153,4.634,4.834,4.62,4.196,4.87,4.968,5.906
BL2282,2017,8,Between,53,445.64,106.191,5.473,5.434,4.764,5.261,3.875,6.006,6.015,4.533,5.993,5.176,4.322,5.284,4.104,4.626,5.16,4.319,6.147,4.093,5.576,5.608,4.428
BL2283,2017,8,Between,52,440.66,96.256,4.152,4.974,3.12,3.335,3.884,3.243,4.282,4.503,5.123,4.315,3.681,3.756,4.686,4.513,5.839,5.51,5.408,6.144,5.68,6.047,4.067
BL2285,2017,8,Between,76,563.72,85.196,2.352,3.636,3.542,4.259,4.311,4.056,4.835,4.149,3.058,3.782,5.128,5.452,4.635,4.374,4.648,3.898,4.212,3.748,4.101,3.389,3.632
BL2001,2018,7,Between,71,629,124.548,5.673,6.314,5.031,6.628,5.759,5.227,4.216,8.241,5.533,5.01,5.628,6.703,6.161,9.178,5.211,4.26,5.798,5.268,5.113,7.973,5.623
BL2005,2018,7,Between,74,619,222.934,9.134,11.122,10.548,10.51,7.455,10.128,10.51,11.81,12.079,7.795,8.714,12.078,10.51,13.186,11.848,11.122,12.154,13.262,11.81,9.708,7.451
BL2006,2018,7,Between,86,586,92.228,4.118,3.831,3.937,4.255,3.572,4.949,4.164,4.171,3.723,5.543,6.849,4.166,4.631,3.042,4.876,5.024,3.229,4.426,4.267,4.724,4.731
BL2007,2018,7,Between,87,550,76.977,3.752,3.312,3.034,3.182,3.034,3.034,3.723,2.847,3.666,3.527,3.527,3.685,3.536,4.206,4.048,3.517,4.235,3.824,4.048,4.364,4.876
BL2010,2018,7,Between,62,410,71.384,2.848,2.872,3.553,3.553,2.827,3.253,3.306,3.524,3.563,2.238,3.573,4.096,3.273,2.786,3.754,3.655,3.415,3.952,2.713,3.714,4.916
BL2011,2018,7,Between,50,368,93.611,4.018,4.237,3.194,3.955,4.467,3.893,3.053,3.647,2.796,2.968,3.104,4.141,6.811,5.523,5.126,5.937,4.876,6.499,4.679,4.958,5.729
BL2016,2018,7,Between,56,438,76.3,4.676,4.732,3.428,2.518,3.115,2.716,2.463,3.732,3.207,4.064,4.056,4.087,3.096,3.249,2.86,2.881,3.266,4.84,4.276,3.863,5.175
BL2017,2018,7,Between,65,482,83.741,3.442,3.678,3.755,2.896,2.973,2.348,2.661,2.617,4.503,3.912,4.333,5.525,5.348,3.504,3.131,5.341,4.607,4.975,4.606,5.164,4.422
BL2019,2018,7,Between,54,427,92.939,5.172,4.124,3.942,3.225,3.229,3.4,3.76,5.065,3.8,3.962,3.642,4.278,3.84,4.884,5.397,5.181,4.904,6.496,5.743,5.024,3.871
BL2021,2018,7,Between,58,389,77.656,3.271,2.725,3.104,2.755,2.777,2.799,3.762,2.412,3.995,4.072,4.858,2.955,3.883,4.094,4.05,3.743,4.405,4.453,3.517,3.825,6.201
BL2025,2018,7,Between,85,590,105.925,4.004,5.888,4.191,3.869,4.785,3.817,4.261,5.361,4.462,3.982,3.603,3.258,4.658,4.131,4.209,5.176,4.445,6.142,4.82,9.717,11.146
BL2026,2018,7,Between,82,620,159.635,4.503,5.926,8.528,8.651,8.218,10.276,8.5,8.574,9.742,6.317,6.383,8.383,6.729,5.625,5.118,5.49,5.911,9.726,10.262,10.237,6.536
BL2028,2018,7,Between,78,510,90.089,3.031,2.925,3.79,4.382,3.821,3.294,4.17,2.651,3.221,5.732,4.233,4.072,4.203,5.971,7.786,4.783,4.011,4.743,3.839,4.545,4.886
BL2029,2018,7,Between,95,580,85.393,3.943,4.136,4.02,4.642,4.631,5.045,4.892,3.938,3.935,4.3,3.082,3.441,3.315,5.272,4.852,3.628,4.178,3.732,3.065,3.032,4.314
BL2031,2018,7,Between,83,515,90.492,4.68,5.709,5.126,4.46,3.965,3.579,4.742,4.833,4.838,3.958,4.298,3.994,3.707,3.734,3.857,4.483,4.235,3.862,3.855,3.681,4.896
BL2034,2018,7,Between,67,516,92.725,5.017,3.544,4.294,3.858,4.156,2.412,4.127,3.409,4.667,5.273,3.421,4.274,4.615,3.982,6.297,4.367,3.479,5.511,6.267,4.173,5.582
BL2038,2018,7,Between,64,447,77.813,3.864,3.747,1.997,2.139,1.588,3.732,3.484,3.023,4.166,4.665,3.396,4.552,3.156,3.658,4.035,3.909,5.552,4.666,3.909,4.795,3.78
BL2042,2018,7,Between,50,340,95.902,4.73,4.777,4.882,4.743,4.782,4.663,4.106,4.743,5.289,5.118,4.008,4.635,4.553,4.679,4.725,4.588,3.826,3.4,4.313,4.526,4.816
BL2043,2018,7,Between,56,416,95.12,4.006,4.075,4.08,3.744,3.744,4.387,4.928,3.515,6.192,5.473,4.049,5.71,4.251,5.456,4.241,4.648,5.049,4.64,4.243,4.443,4.246
BL2045,2018,7,Between,70,480,93.048,4.513,4.409,4.938,3.116,2.726,2.602,3.31,3.912,5.422,4.654,4.334,6.512,5.241,6.779,4.413,5.531,3.873,3.046,4.528,5.572,3.617
BL2169,2018,8,Between,123,915.18,82.037,2.34,2.427,2.773,1.909,2.496,2.345,3.01,3.992,4.705,5.017,3.667,3.86,4.476,4.28,5.126,4.798,5.77,4.573,3.924,5.518,5.031
BL2170,2018,8,Between,130,780.5,88.743,2.87,2.283,3.319,4.225,4.046,4.421,4.175,4.245,4.875,4.144,4.922,5.16,4.726,5.688,4.096,3.807,3.531,4.279,4.41,4.789,4.736
BL2172,2018,8,Between,110,817.51,131.949,5.398,6.658,6.395,6.388,5.169,6.219,5.683,6.571,5.329,5.569,6.494,6.318,5.21,7.854,6.974,8.619,6.613,6.347,6.42,6.225,5.501
BL2173,2018,8,Between,116,872.47,101.652,5.27,5.087,4.203,5.005,4.651,4.619,5.191,4.804,5.042,5.773,3.971,4.858,4.345,5.586,5.11,4.264,4.41,4.206,5.726,3.665,5.87
BL2174,2018,8,Between,113,783.96,109.431,5.067,5.799,5.1,4.611,3.712,4.765,5.753,4.895,5.684,5.311,4.601,4.526,4.771,4.2,6.564,4.655,5.413,5.238,6.535,6.77,5.467
BL2175,2018,8,Between,112,727.19,55.068,2.007,2.161,2.018,2.019,1.932,2.421,3.504,2.315,3.008,2.248,2.746,2.691,2.81,2.771,2.804,3.471,3.278,3.26,2.553,2.134,2.922
BL2176,2018,8,Between,119,780.63,106.227,4.682,4.991,4.903,4.758,3.991,4.4,4.508,5.723,4.686,4.989,5.815,4.544,4.683,5.692,5.615,5.691,5.882,5.334,5.061,4.832,5.453
BL2177,2018,8,Between,105,660.18,123.328,4.564,4.57,4.213,4.486,4.908,6.091,5.882,6.672,5.89,4.674,4.431,5.68,6.545,6.123,7.497,6.578,7.266,7.35,6.809,6.642,6.462
BL2178,2018,8,Between,103,734.27,101.976,4.035,3.708,4.687,4.999,5.071,3.585,4.236,5.562,3.929,4.876,5.259,4.598,4.691,5.236,6.336,4.68,5.798,5.221,5.436,4.556,5.483
BL2179,2018,8,Between,108,725.53,84.94,2.885,2.38,2.151,2.215,3.112,2.966,2.246,2.39,2.972,4.199,4.142,4.766,5.195,4.972,5.335,5.626,4.923,5.879,5.822,5.423,5.347
BL2180,2018,8,Between,100,777.29,154.277,6.896,10.615,7.323,6.897,5.931,7.042,7.619,7.68,6.26,5.146,7.975,6.898,10.466,8.255,8.467,6.337,7.746,7.767,6.757,6.902,5.302
BL2181,2018,8,Between,82,648.29,93.687,4.802,3.535,3.362,3.367,4.1,5.066,4.345,3.918,4.519,4.966,4.288,4.343,4.539,5.082,5.342,4.816,4.204,4.728,4.562,4.985,4.823
BL2182,2018,8,Between,70,652.32,103.001,4.341,4.63,3.978,3.753,4.487,4.221,4.735,5.346,4.631,5.411,4.069,4.828,5.235,4.6,5.295,4.839,4.76,6.04,7.279,4.435,6.089
BL2183,2018,8,Between,84,655.46,94.379,4.226,4.027,5.432,4.076,4.384,4.034,3.299,3.641,4.093,4.28,4.155,5.32,4.717,4.785,4.856,6.145,5.447,3.724,4.621,4.684,4.437
BL2184,2018,8,Between,90,695.21,78.236,4.128,3.603,3.157,3.744,4.357,2.951,2.932,2.78,2.932,2.346,2.709,4.104,5.01,4.232,2.134,2.749,3.486,3.404,4.893,5.866,6.721
BL2190,2018,8,Between,90,640.16,111.563,5.562,5.942,5.775,5.067,4.839,5.432,4.3,3.578,4.539,5.668,6.192,5.011,4.762,4.87,6.092,5.924,4.337,5.356,6.227,5.826,6.27
BL2197,2018,8,Between,67,524.93,77.9,3.619,3.428,3.16,4.329,3.599,3.648,3.812,3.339,3.554,3.228,3.919,4.368,3.433,3.1,3.727,4.018,3.896,3.464,4.34,4.555,3.367
BL2212,2018,8,Between,78,660.47,105.492,4.204,4.461,4.749,5.358,5.118,5.441,5.403,4.719,5.871,4.268,4.613,5.011,5.596,6.17,6.185,4.565,4.952,4.123,5.466,4.165,5.059
BL2214,2018,8,Between,74,613.21,103.576,5.992,5.719,4.135,3.414,3.96,5.912,6.358,5.877,3.646,5.697,6.224,4.167,4.37,4.055,5.188,4.424,5.11,4.333,5.27,4.81,4.92
BL2380,2019,7,Heatwave,53,390,97.626,2.828,4.824,3.404,4.561,4.799,4.039,4.002,4.149,4.35,3.539,5.211,5.361,5.309,5.321,4.475,5.841,6.319,4.799,5.309,3.752,5.434
BL2383,2019,7,Heatwave,43,304,87.56,4.208,4.709,4.767,4.987,4.751,5.545,3.95,4.543,5.656,3.922,3.683,3.894,3.156,3.458,3.719,3.694,4.368,3.694,3.89,3.547,3.419
BL2384,2019,7,Heatwave,63,438,81.005,2.945,3.218,4.368,4.045,2.821,2.021,2.541,2.897,3.251,3.794,3.46,4.528,4.438,3.558,5.395,4.902,3.337,5.731,4.53,5.023,4.202
BL2385,2019,7,Heatwave,44,331,97.894,5.7,4.661,4.741,4.767,5.822,5.862,3.922,3.58,4.834,4.596,5.015,4.492,4.486,4.404,4.575,4.28,4.342,4.142,3.895,5.152,4.626
BL2387,2019,7,Heatwave,50,348,89.896,3.951,3.892,4.607,4.904,4.867,3.29,3.416,4.153,5.266,4.042,4.014,3.537,5.418,3.513,4.974,3.57,5.098,3.594,5.155,3.776,4.859
BL2388,2019,7,Heatwave,54,397,76.991,3.99,4.4,3.845,4.328,3.225,4.516,3.008,3.445,3.222,4.092,3.437,3.227,4.082,3.01,3.875,2.795,4.301,3.012,4.086,3.441,3.654
BL2389,2019,7,Heatwave,56,427,73.697,3.225,3.461,3.656,3.225,3.975,2.698,2.782,3.011,3.213,2.605,3.442,3.461,4.628,3.987,4.261,3.963,3.87,3.228,3.033,3.442,4.531
BL2390,2019,7,Heatwave,45,315,81.365,4.562,4.611,4.747,3.097,3.478,2.811,5.25,3.488,3.087,3.735,5.374,4.049,3.488,4.012,3.612,3.249,3.974,3.649,3.621,3.859,3.612
BL2392,2019,7,Heatwave,45,333,95.355,4.125,5.514,5.071,4.207,5.085,5.311,6.082,5.743,4.761,3.622,3.904,4.305,3.563,4.364,4.633,4.364,4.164,3.49,4.633,4.537,3.877
BL2393,2019,7,Heatwave,47,386,112.132,4.125,4.24,5.876,5.443,6.385,5.819,5.756,5.385,4.371,5.127,6.119,6.153,4.663,5.292,4.697,5.689,5.326,6.119,4.895,5.326,5.326
BL2394,2019,7,Heatwave,38,268,95.226,4.679,4.699,4.486,4.073,5.407,4.993,5.244,4.295,3.337,5.789,5.35,3.929,4.351,4.774,3.703,4.985,4.295,4.604,3.863,4.146,4.224
BL2396,2019,7,Heatwave,48,387,116.27,4.756,5.108,6.676,6.315,5.888,6.129,5.482,5.469,5.392,6.829,5.007,6.036,4.906,5.584,5.134,4.653,5.951,5.302,5.612,4.682,5.359
BL2398,2019,7,Heatwave,42,297,88.593,4.139,4.719,4.557,4.406,4.652,4.685,4.824,4.685,4.652,3.66,5.782,3.555,4.484,4.685,3.832,3.589,3.387,4.345,2.429,3.694,3.832
BL2399,2019,7,Heatwave,45,344,98.298,4.722,5.335,4.763,4.763,5.865,4.882,5.163,4.536,4.325,4.618,4.661,4.536,4.411,4.661,3.992,4.618,4.806,4.871,3.867,4.618,4.285
BL2401,2019,7,Heatwave,51,347,86.315,3.771,4.115,4.547,4.715,3.795,4.74,4.107,3.625,3.38,3.735,3.465,4.267,4.445,4.758,3.448,4.741,4.065,3.617,4.267,4.267,4.445
BL2402,2019,7,Heatwave,49,395,89.936,2.945,3.474,3.974,4.168,4.18,4.155,4.155,3.875,4.677,3.199,4.723,5.149,4.301,4.76,4.034,4.072,4.397,5.876,3.645,5.512,4.665
BL2404,2019,7,Heatwave,60,410,75.25,2.545,3,3.459,3.267,2.772,2.68,2.851,3.378,2.627,2.555,3.394,3.751,3.619,4.333,4.087,4.67,4.372,4.593,4.372,4.424,4.501
BL2405,2019,7,Heatwave,55,392,80.183,3.265,4.098,2.876,2.015,2.775,2.864,3.64,3.389,4.303,4.219,3.517,4.59,3.431,3.659,4.556,4.609,4.152,4.14,4.556,5.389,4.14
BL2407,2019,7,Heatwave,56,411,80.183,3.265,4.098,2.876,2.015,2.775,2.864,3.64,3.389,4.303,4.219,3.517,4.59,3.431,3.659,4.556,4.609,4.152,4.14,4.556,5.389,4.14
BL2408,2019,7,Heatwave,47,352,66.992,3.245,3.247,3.029,2.53,2.923,3.172,2.35,2.918,3.304,4.066,3.608,3.405,2.759,2.922,4.138,2.662,3.156,3.243,3.587,2.817,3.911
BL2350,2019,8,Heatwave,89,596.93,142.03,6.239,6.739,5.719,5.988,6.875,6.11,5.607,5.856,5.93,5.702,5.683,6.826,6.938,6.284,6.283,7.314,6.441,6.412,8.641,10.632,9.812
BL2351,2019,8,Heatwave,74,520.84,121.649,5.807,5.308,6.507,6.72,6.464,6.008,4.922,4.825,7.012,4.879,5.236,5.682,6.323,4.762,5.298,6.442,6.014,5.229,6.125,6.057,6.034
BL2352,2019,8,Heatwave,91,650.77,160.107,7.665,6.682,6.226,7.167,7.009,9.069,10.04,8.174,8.951,7.008,6.272,7.371,6.304,8.02,8.642,6.746,6.599,7.291,7.789,8.564,8.521
BL2353,2019,8,Heatwave,108,813.56,159.187,7.12,7.093,8.216,8.044,6.55,6.853,8.056,6.703,8.357,7.357,6.579,7.431,8.605,7.687,8.675,6.102,7.934,7.234,9.37,7.199,8.027
BL2354,2019,8,Heatwave,104,792.49,192.684,10.844,10.102,8.877,8.797,8.778,8.531,9.204,8.731,7.156,8.378,8.806,9.417,9.059,8.161,8.848,9.394,11.321,8.558,8.843,10.505,10.373
BL2355,2019,8,Heatwave,79,494.18,119.74,5.783,5.221,6.364,5.92,5.437,5.953,6.469,5.56,5.112,4.788,5.95,5.508,5.041,6.094,6.89,7.021,5.655,5.701,4.99,4.343,5.944
BL2356,2019,8,Heatwave,84,579.86,151.031,6.433,7.073,7.412,7.121,7.201,7.278,7.069,6.475,10.356,6.243,5.588,7.95,6.272,8.604,5.126,7.486,6.199,7.673,8.017,8.487,6.967
BL2358,2019,8,Heatwave,95,747.67,152.989,5.614,6.737,5.729,5.789,6.109,7.577,7.127,6.464,7.85,5.693,6.575,7.689,7.118,8.206,8.825,7.688,8.048,7.91,7.758,8.869,9.62
BL2359,2019,8,Heatwave,95,662.38,136.408,7.684,6.85,5.772,7.293,6.957,7.639,6.337,6.08,6.153,7.092,5.722,6.559,6.999,5.889,5.358,6.564,5.75,7.115,6.231,5.137,7.227
BL2360,2019,8,Heatwave,96,709.76,160.448,7.577,7.28,8.098,7.369,7.317,8.468,6.332,6.114,5.499,6.313,10.427,8.091,6.438,7.544,7.81,8.344,9.08,8.423,7.878,9.012,7.039
BL2361,2019,8,Heatwave,99,680.21,132.75,6.692,5.699,5.975,5.427,6.432,4.466,6.252,7.163,5.291,5.322,4.88,6.231,6.961,7.645,5.422,7.61,6.314,7.217,7.679,7.033,7.044
BL2362,2019,8,Heatwave,83,627.66,154.699,6.086,7.941,9.307,7.158,8.095,6.955,7.297,6.827,6.741,5.999,6.912,6.816,6.487,6.97,6.003,8.665,9.968,7.58,8.392,7.85,6.649
BL2363,2019,8,Heatwave,85,679.96,159.054,7.592,8.818,8.213,8.004,7,9.637,8.915,6.975,6.149,9.329,7.585,8.176,7.59,6.87,7.209,5.946,6.657,6.277,9.545,5.337,7.229
BL2366,2019,8,Heatwave,72,590.52,130.999,5.785,6.893,8.087,6.033,6.69,7.458,5.485,5.985,5.95,6.51,6.819,6.475,5.663,6.656,6.075,5.909,4.618,5.519,5.922,6.709,5.761
BL2367,2019,8,Heatwave,133,918.06,129.121,6.327,5.683,5.454,5.447,5.676,6.049,6.333,5.281,5.816,5.731,7.108,7.035,6.875,5.582,5.31,5.828,6.419,6.241,6.598,7.53,6.802
BL2368,2019,8,Heatwave,83,654.72,165.778,8.69,7.73,6.813,5.118,7.238,6.504,6.924,6.875,7.518,8.27,7.302,7.081,8.654,8.481,8.669,8.799,8.688,9.003,9.126,9.677,8.621
BL2369,2019,8,Heatwave,74,592.86,171.226,8.601,7.992,8.227,6.641,9.371,8.696,8.214,8.361,8.621,7.922,8.189,6.855,8.781,7.554,8.273,8.997,9.81,6.264,8.364,8.681,6.812
BL2370,2019,8,Heatwave,87,651.79,139.298,6.387,6.037,5.109,8.039,8.209,6.507,7.767,7.906,6.607,6.569,6.659,6.781,6.762,5.889,7.024,5.499,6.405,7.11,6.928,5.347,5.76
BL2371,2019,8,Heatwave,89,660.63,168.132,7.127,9.246,7.721,9.562,7.441,8.763,6.65,7.386,7.76,7.61,7.645,7.324,7.815,8.201,9.264,7.512,8.078,6.531,8.633,8.949,8.92
BL2373,2019,8,Heatwave,72,632.9,147.799,6.624,7.527,6.027,7.114,6.027,5.002,7.461,7.131,7.124,6.886,9.16,6.261,6.389,6.83,7.153,8.695,5.82,6.269,7.849,8.761,7.693
BL2374,2019,8,Heatwave,91,596.64,143.946,5.944,5.972,6.425,6.83,7.02,7.314,7.505,7.114,6.679,7.285,5.876,6.51,7.129,6.697,6.436,6.343,6.257,6.93,6.523,7.568,9.594
BL2375,2019,8,Heatwave,97,696.76,160.172,6.749,7.534,8.482,7.044,7.876,7.316,7.355,8.052,6.958,7.468,7.024,7.931,8.328,7.207,7.913,7.614,9.15,7.29,7.591,7.63,7.66
BL2376,2019,8,Heatwave,91,676.12,185.215,10.18,10.311,8.655,9.262,7.726,7.62,9.581,8.288,8.772,9.638,10.379,7.827,9.516,10.214,9.724,9.828,9.233,7.063,7.047,7.419,6.934
BL2377,2019,8,Heatwave,92,705.4,140.748,6.749,7.024,7.258,6.757,6.833,7.32,6.807,6.601,7.885,6.533,6.59,6.598,6.788,6.802,5.199,6.791,6.157,7.44,6.694,5.498,6.429
BL2378,2019,8,Heatwave,81,614.5,167.443,7.892,7.532,7.966,7.312,8.525,7.813,8.768,7.058,10.136,9.259,6.125,7.2,7.436,8.675,9.849,8.562,5.795,8.876,7.847,8.751,6.066