"","X","FISHID","Year","Month","Heatwave","CLADOCERA","MYSIDAE","GAMMARIDAE","HARPACTICOIDA","CAPRELLIDAE","CALANOIDA","OTHER","SL_mm","WholeBodyWW_g","HSI","LWResiduals_All","SeineID","SITEID","Date","TridentTemp","Site","Bay","Habitat","NMDS1","NMDS2","NMDS3"
"1",1,"BL0747",2007,7,"Before",1,0,0,0,0,0,0,48,0.6535,0.030604438,-0.457019401,98,"SITE3",2007-07-21,8.910833333,"EelgrassPoint","ALB","Eelgrass",-0.690224587557315,-0.675071986210089,-1.19279190065682
"2",2,"BL0770",2007,7,"Before",1,0,0,0,0,0,0,42,0.5319,0.037601053,-0.253619388,97,"SITE1",2007-07-21,8.910833333,"EelgrassPatches","ALB","Eelgrass",-0.690224587557315,-0.675071986210089,-1.19279190065682
"3",3,"BL2128",2015,7,"Heatwave",1,0,0,0,0,0,0,50,1.3465,NA,0.14077849,621,"SITE5",2015-07-16,10.095,"Laminaria2","ALB","Laminaria",-0.690224587557314,-0.675071986210088,-1.19279190065682
"4",4,"BL0212",2009,7,"Before",0,1,0,0,0,0,0,35,0.4014,0.024912805,0.023717314,3006,"SITE18",2009-07-19,9.362083333,"Piller","Offshore","Offshore",1.09233286335594,-1.04501291834968,-0.440313006875179
"5",5,"BL0236",2009,7,"Before",0,1,0,0,0,0,0,34,0.3966,NA,0.100536787,246,"SITE3",2009-07-14,9.094166667,"EelgrassPoint","ALB","Eelgrass",1.09233286335595,-1.04501291834966,-0.440313006875215
"6",6,"BL2140",2014,7,"Heatwave",0,1,0,0,0,0,0,55,1.486,0.32974428,-0.05277741,530,"SITE2",2014-07-16,9.315833333,"CobblePoint","ALB","Eelgrass",1.09233286335595,-1.04501291834967,-0.440313006875192
"7",7,"BL2142",2014,7,"Heatwave",0,1,0,0,0,0,0,45,0.7441,0.120951485,-0.129369492,530,"SITE2",2014-07-16,9.315833333,"CobblePoint","ALB","Eelgrass",1.09233286335595,-1.04501291834967,-0.440313006875199
"8",8,"BL2154",2014,7,"Heatwave",0,1,0,0,0,0,0,52,1.3521,0.288440204,0.024713396,534,"SITE4",2014-07-16,9.315833333,"LaminariaPoint","ALB","Laminaria",1.09233286335595,-1.04501291834967,-0.440313006875196
"9",9,"BL2235",2016,7,"Heatwave",0,1,0,0,0,0,0,60,2.2458,2.017098584,0.093497895,650,"SITE14",2016-07-15,11.63583333,"LaminariaEast","Cook","Laminaria",1.09233286335594,-1.04501291834968,-0.440313006875176
"10",10,"BL2299",2016,7,"Heatwave",0,1,0,0,0,0,0,65,2.859,0.898915705,0.089569116,656,"SITE1",2016-07-16,11.68041667,"EelgrassPatches","ALB","Eelgrass",1.09233286335595,-1.04501291834967,-0.440313006875194
"11",11,"BL2307",2015,7,"Heatwave",0,1,0,0,0,0,0,48,1.004,0.388446215,-0.027614634,3009,"SITE17",2015-07-14,10.23958333,"Holiday","Offshore","Offshore",1.09233286335595,-1.04501291834967,-0.440313006875197
"12",12,"BL2308",2015,7,"Heatwave",0,1,0,0,0,0,0,53,1.455,0.508591065,0.039675739,3009,"SITE17",2015-07-14,10.23958333,"Holiday","Offshore","Offshore",1.09233286335595,-1.04501291834966,-0.440313006875203
"13",13,"BL2309",2015,7,"Heatwave",0,1,0,0,0,0,0,47,0.59,0.779661017,-0.494708597,3009,"SITE17",2015-07-14,10.23958333,"Holiday","Offshore","Offshore",1.09233286335594,-1.04501291834968,-0.440313006875185
"14",14,"BL2315",2017,7,"Between",0,1,0,0,0,0,0,63,2.712,1.04719764,0.132575737,698,"SITE14",2017-07-15,9.435833333,"LaminariaEast","Cook","Laminaria",1.09233286335595,-1.04501291834967,-0.440313006875196
"15",15,"BL2295",2017,7,"Between",0,0,0,0,0,0,1,58,1.822,1.086717892,-0.011717472,698,"SITE14",2017-07-15,9.435833333,"LaminariaEast","Cook","Laminaria",0.582199280029196,-0.846306401857859,1.14082241641255
"16",16,"BL2289",2017,7,"Between",0,0,0,0,0,0,1,70,4.179,1.739650634,0.242020855,698,"SITE14",2017-07-15,9.435833333,"LaminariaEast","Cook","Laminaria",0.582199280029187,-0.846306401857855,1.14082241641253
"17",17,"BL2252",2016,7,"Heatwave",0,0,0,0,0,0,1,75,4.847,2.250876831,0.178838792,653,"SITE13",2016-07-15,11.63583333,"MiddleCove","Cook","Bare",0.582199280029199,-0.846306401857861,1.14082241641255
"18",18,"BL0208",2009,7,"Before",0,0,0,0,0,1,0,29,0.2472,NA,0.115355461,3006,"SITE18",2009-07-19,9.362083333,"Piller","Offshore","Offshore",-0.964141570876543,-0.271360780291261,0.831643200889338
"19",19,"BL0210",2009,7,"Before",0,0,0,0,0,1,0,43,0.7044,0.042589438,-0.044851836,3006,"SITE18",2009-07-19,9.362083333,"Piller","Offshore","Offshore",-0.964141570876543,-0.271360780291261,0.831643200889338
"20",20,"BL0225",2009,7,"Before",0,0,0,0,0,1,0,32,0.3282,NA,0.097052266,3008,"SITE18",2009-07-17,9.25,"Piller","Offshore","Offshore",-0.964141570876543,-0.271360780291261,0.831643200889338
"21",21,"BL0228",2009,7,"Before",0,0,0,0,0,1,0,37,0.6422,NA,0.32333152,3008,"SITE18",2009-07-17,9.25,"Piller","Offshore","Offshore",-0.964141570876543,-0.271360780291261,0.831643200889338
"22",22,"BL0231",2009,7,"Before",0,0,0,0,0,1,0,30,0.2892,NA,0.168364586,3008,"SITE18",2009-07-17,9.25,"Piller","Offshore","Offshore",-0.964141570876544,-0.271360780291261,0.831643200889338
"23",23,"BL0233",2009,7,"Before",0,0,0,0,0,1,0,34,0.416,NA,0.148293832,3008,"SITE18",2009-07-17,9.25,"Piller","Offshore","Offshore",-0.964141570876544,-0.271360780291261,0.831643200889338
"24",24,"BL2060",2013,7,"Before",0,0,0,0,0,1,0,51,0.9474,0.242769685,-0.27146106,484,"SITE15",2013-07-25,10.44541667,"EelgrassSouth","Cook","Eelgrass",-0.964141570876543,-0.271360780291261,0.831643200889338
"25",25,"BL2066",2013,7,"Before",0,0,0,0,0,1,0,49,0.9625,NA,-0.133028041,484,"SITE15",2013-07-25,10.44541667,"EelgrassSouth","Cook","Eelgrass",-0.964141570876543,-0.271360780291261,0.831643200889338
"26",26,"BL2126",2015,7,"Heatwave",0,0,0,0,0,1,0,45,0.8028,0.323866467,-0.053439309,605,"SITE14",2015-07-12,10.21666667,"LaminariaEast","Cook","Laminaria",-0.964141570876543,-0.271360780291261,0.831643200889338
"27",27,"BL2310",2015,7,"Heatwave",0,0,0,0,0,1,0,53,1.338,0.822122571,-0.0441542,613,"SITE14",2015-07-15,10.15916667,"LaminariaEast","Cook","Laminaria",-0.964141570876543,-0.271360780291261,0.831643200889338
"28",28,"BL2232",2016,7,"Heatwave",0,0,1,0,0,0,0,70,3.044,0.348226018,-0.074878688,650,"SITE14",2016-07-15,11.63583333,"LaminariaEast","Cook","Laminaria",0.981548506192183,0.735577083322672,0.894474840916499
"29",29,"BL2253",2016,7,"Heatwave",0,0,1,0,0,0,0,64,2.5966,2.426249711,0.040821978,653,"SITE13",2016-07-15,11.63583333,"MiddleCove","Cook","Bare",0.981548506192301,0.735577083322783,0.894474840916366
"30",30,"BL2444",2012,7,"Before",0,0,1,0,0,0,0,56,1.80906,1.850684886,0.0887135,438,"SITE14",2012-07-18,8.82875,"LaminariaEast","Cook","Laminaria",0.9815485061923,0.735577083322783,0.894474840916367
"31",31,"BL0064",2009,7,"Before",0,0,0,1,0,0,0,40,0.6869,0.218372398,0.151660554,255,"SITE15",2009-07-15,9.194166667,"EelgrassSouth","Cook","Eelgrass",-0.285007422384877,1.04444297989025,-0.49903110017423
"32",32,"BL0871",2010,7,"Before",0,0,0,1,0,0,0,46,1.0341,0.096702447,0.132374293,325,"SITE15",2010-07-20,9.035833333,"EelgrassSouth","Cook","Eelgrass",-0.285007422384877,1.04444297989025,-0.49903110017423
"33",33,"BL2077",2013,7,"Before",0,0,0,1,0,0,0,50,1.2496,0.080025608,0.066093357,477,"SITE3",2013-07-24,10.415,"EelgrassPoint","ALB","Eelgrass",-0.285007422384877,1.04444297989025,-0.49903110017423
"34",34,"BL2083",2013,7,"Before",0,0,0,1,0,0,0,53,1.3564,0.670893542,-0.03049603,477,"SITE3",2013-07-24,10.415,"EelgrassPoint","ALB","Eelgrass",-0.285007422384877,1.04444297989025,-0.49903110017423
"35",35,"BL2320",2017,7,"Between",0,0,0,1,0,0,0,64,2.183,1.584974805,-0.132680841,698,"SITE14",2017-07-15,9.435833333,"LaminariaEast","Cook","Laminaria",-0.285007422384877,1.04444297989025,-0.49903110017423
"36",36,"BL0862",2010,7,"Before",0,0,0,0,0,0.995705138141575,0.00429486185842539,32,0.42,0.047619048,0.343683799,325,"SITE15",2010-07-20,9.035833333,"EelgrassSouth","Cook","Eelgrass",-0.883256739986024,-0.261271952686737,0.827843423115335
"37",37,"BL2076",2013,7,"Before",0,0,0.00816933248035059,0.991830667519649,0,0,0,44,0.871,0.103329506,0.096978597,477,"SITE3",2013-07-24,10.415,"EelgrassPoint","ALB","Eelgrass",-0.241327766427381,1.0451870683243,-0.451677516931613
"38",38,"BL0771",2007,7,"Before",0.98780388184551,0,0,0,0,0,0.0121961181544896,48,0.5973,0.016742006,-0.546942435,97,"SITE1",2007-07-21,8.910833333,"EelgrassPatches","ALB","Eelgrass",-0.560662615963152,-0.744403530042748,-1.07252959161289
"39",39,"BL2456",2012,7,"Before",0.00370910683555711,0,0,0.01471868382201,0,0.981572209342433,0,41,0.589,0.505942275,-0.077787305,434,"SITE12",2012-07-18,8.82875,"BareNorth","Cook","Bare",-0.860066537739278,-0.225664978408518,0.760763076922393
"40",40,"BL2325",2017,7,"Between",0,0,0.0109431069462345,0.980558624271219,0.00849826878254657,0,0,35,0.3748,0.186766275,-0.044848572,696,"SITE15",2017-07-15,9.435833333,"EelgrassSouth","Cook","Eelgrass",-0.232702523705693,1.04229563561736,-0.447076235132435
"41",41,"BL2442",2012,7,"Before",0,0,0,0,0.0237938534909154,0.974162697189361,0.00204344931972375,43,0.80869,1.231621511,0.093217442,435,"SITE10",2012-07-18,8.82875,"EelgrassNorth","Cook","Eelgrass",-0.769622359138565,-0.20067567905765,0.849560488495085
"42",42,"BL2440",2012,7,"Before",0,0,0.0149093546297446,0.00993985625579808,0,0.973915030531575,0.00123575858288271,40,0.70926,0.508981192,0.183694006,435,"SITE10",2012-07-18,8.82875,"EelgrassNorth","Cook","Eelgrass",-0.739315957276314,-0.203579176994812,0.821157169538103
"43",43,"BL2451",2012,7,"Before",0,0.966155422713319,0,0.0338445772866813,0,0,0,35,0.37946,1.73140779,-0.032491933,437,"SITE9",2012-07-18,8.82875,"EelgrassWest","Cook","Eelgrass",0.917880773740628,-0.830578788275967,-0.377994515523216
"44",44,"BL2332",2017,7,"Between",0,0,0.964395879536734,0,0.0356041204632661,0,0,62,2.71,0.63099631,0.180880645,696,"SITE15",2017-07-15,9.435833333,"EelgrassSouth","Cook","Eelgrass",1.00800151867502,0.702527063257955,0.854599976124444
"45",45,"BL0759",2007,7,"Before",0.96267842646833,0,0,0,0,0.0373215735316703,0,42,0.425,0.047058824,-0.477985721,98,"SITE3",2007-07-21,8.910833333,"EelgrassPoint","ALB","Eelgrass",-0.72843155763164,-0.691633567128467,-1.03970928272247
"46",46,"BL2443",2012,7,"Before",0,0,0.00534060568540707,0.0193498900171898,0,0.971589558879527,0.00371994541787614,38,0.58094,1.032808896,0.141338381,435,"SITE10",2012-07-18,8.82875,"EelgrassNorth","Cook","Eelgrass",-0.740780661389157,-0.207455914509005,0.809084790676552
"47",47,"BL2134",2014,7,"Heatwave",0,0.958040230407761,0,0.0419597695922389,0,0,0,51,1.2243,0.865800866,-0.01505792,530,"SITE2",2014-07-16,9.315833333,"CobblePoint","ALB","Eelgrass",0.91733026554869,-0.823035475974238,-0.384557988069505
"48",48,"BL2028",2018,7,"Between",0,0.957797539078327,0,0,0,0,0.0422024609216727,78,4.961,1.302156823,0.081870768,773,"SITE7",2018-07-18,9.5125,"WoodenBoat","ALB","Laminaria",0.963983764724492,-0.969610454390814,-0.358714822358369
"49",49,"BL2341",2016,7,"Heatwave",0,0,0,0.952162581554489,0,0,0.0478374184455111,70,3.283,0.405117271,0.00070651,664,"SITE1",2016-07-17,11.78833333,"EelgrassPatches","ALB","Eelgrass",-0.218312458150947,0.959015111088396,-0.451567681769474
"50",50,"BL2314",2017,7,"Between",0,0.0496091474072635,0,0,0,0,0.950390852592736,55,1.496,0.949197861,-0.046070476,698,"SITE14",2017-07-15,9.435833333,"LaminariaEast","Cook","Laminaria",0.606107835715309,-0.83689783569631,1.06432780135541
"51",51,"BL2328",2017,7,"Between",0,0,0,0.949296904386869,0.050703095613131,0,0,38,0.531,0.960451977,0.051452921,696,"SITE15",2017-07-15,9.435833333,"EelgrassSouth","Cook","Eelgrass",-0.216087074325561,1.03045119453573,-0.490301043195147
"52",52,"BL0869",2010,7,"Before",0.00910441618641567,0,0,0.0435372551347936,0,0.947358328678791,0,44,0.8728,0.045829514,0.099043054,325,"SITE15",2010-07-20,9.035833333,"EelgrassSouth","Cook","Eelgrass",-0.851997027699194,-0.210211105987564,0.720306399299344
"53",53,"BL2455",2012,7,"Before",0,0,0,0.0137375912792785,0,0.946933170930882,0.0393292377898398,38,0.57778,0.079615078,0.135884073,434,"SITE12",2012-07-18,8.82875,"BareNorth","Cook","Bare",-0.79899263394352,-0.248072524045883,0.76381127531993
"54",54,"BL2441",2012,7,"Before",0,0,0.00833358832572585,0.04009220256853,0,0.945529805099095,0.00604440400664956,40,0.59564,0.139345914,0.009108291,435,"SITE10",2012-07-18,8.82875,"EelgrassNorth","Cook","Eelgrass",-0.743575401290377,-0.191561869771358,0.77960286057354
"55",55,"BL2454",2012,7,"Before",0,0,0.94491880252415,0,0.0550811974758501,0,0,49,1.09027,0.864006164,-0.008381457,436,"SITE15",2012-07-18,8.82875,"EelgrassSouth","Cook","Eelgrass",1.02245678058529,0.695421082267572,0.83283555904267
"56",56,"BL0823",2010,7,"Before",0,0.0638704675212902,0,0.93612953247871,0,0,0,30,0.2874,NA,0.16212107,315,"SITE12",2010-07-19,8.9725,"BareNorth","Cook","Bare",-0.0960750798865075,0.873611398769437,-0.595678646347073
"57",57,"BL2068",2013,7,"Before",0.0109208663586883,0,0.929807735793123,0.0451197493433698,0,0,0.014151648504819,61,1.9713,0.497133871,-0.087534647,484,"SITE15",2013-07-25,10.44541667,"EelgrassSouth","Cook","Eelgrass",0.832936240985012,0.534235102847017,0.759853712368087
"58",58,"BL2445",2012,7,"Before",0,0,0.927665692083808,0.0723343079161922,0,0,0,55,2.01102,0.516155981,0.2497767,438,"SITE14",2012-07-18,8.82875,"LaminariaEast","Cook","Laminaria",0.816895232837305,0.646914896294926,0.763209554572259
"59",59,"BL2324",2017,7,"Between",0,0,0.0777817843987189,0.922218215601281,0,0,0,40,0.597,0,0.011388946,696,"SITE15",2017-07-15,9.435833333,"EelgrassSouth","Cook","Eelgrass",-0.124800216102895,1.02506675014395,-0.378240762977022
"60",60,"BL2326",2017,7,"Between",0.0164497873354485,0,0.919569353118635,0.0185271747576601,0.0454536847882559,0,0,64,3.017,0.994365264,0.190882042,696,"SITE15",2017-07-15,9.435833333,"EelgrassSouth","Cook","Eelgrass",0.872031367474743,0.531563221789824,0.749344780741397
"61",61,"BL2026",2018,7,"Between",0,0,0.0816466826538769,0,0.918353317346123,0,0,82,5.7276,1.052796983,0.0722731,773,"SITE7",2018-07-18,9.5125,"WoodenBoat","ALB","Laminaria",1.5140803251702,0.63792909898548,-0.647369092524665
"62",62,"BL2069",2013,7,"Before",0.0823314803347048,0,0,0.917668519665295,0,0,0,48,0.9924,NA,-0.039235683,484,"SITE15",2013-07-25,10.44541667,"EelgrassSouth","Cook","Eelgrass",-0.302784357653748,0.873732542622619,-0.569792841630864
"63",63,"BL2050",2013,7,"Before",0.0242106520742823,0.00537672307365424,0,0.915606686344763,0,0,0.0548059385073007,50,1.4668,NA,0.226353014,469,"SITE3",2013-07-23,10.40916667,"EelgrassPoint","ALB","Eelgrass",-0.145190595741785,0.828584647875598,-0.52524028195107
"64",64,"BL2460",2012,7,"Before",0,0,0.915146708961142,0,0.084853291038858,0,0,49,0.98845,1.876675603,-0.106424048,436,"SITE15",2012-07-18,8.82875,"EelgrassSouth","Cook","Eelgrass",1.0451130629087,0.703117330225259,0.783237890336243
"65",65,"BL0772",2007,7,"Before",0.0190031945641207,0,0,0,0,0.980996805435879,0,44,0.5762,0.017355085,-0.316208558,97,"SITE1",2007-07-21,8.910833333,"EelgrassPatches","ALB","Eelgrass",-0.943226771434265,-0.288515416088018,0.755047882359166
"66",66,"BL2015",2018,7,"Between",0.0119284556328433,0.00263554661878277,0,0.911491422625864,0.0343172392390561,0,0.039627335883454,50,1.1251,0.559950227,-0.038858222,764,"SITE16",2018-07-17,9.464583333,"LaminariaSouth","Cook","Laminaria",-0.121740117142571,0.862191209945125,-0.516070823859376
"67",67,"BL2316",2017,7,"Between",0.0303672288039862,0.0362223108800448,0.0162480991280808,0.910096468168663,0.00706589301922559,0,0,60,2.445,1.128834356,0.178481213,698,"SITE14",2017-07-15,9.435833333,"LaminariaEast","Cook","Laminaria",-0.111431855845221,0.847551505173419,-0.560538962645402
"68",68,"BL2236",2016,7,"Heatwave",0,0.0177307113512423,0.0750666611553573,0,0,0.9072026274934,0,70,3.9249,0.68536778,0.179289745,650,"SITE14",2016-07-15,11.63583333,"LaminariaEast","Cook","Laminaria",-0.599716158434224,-0.2801234684423,0.818402272973282
"69",69,"BL0766",2007,7,"Before",0.906497563419068,0,0,0.0935024365809319,0,0,0,47,0.6612,0.030248034,-0.380774768,98,"SITE3",2007-07-21,8.910833333,"EelgrassPoint","ALB","Eelgrass",-0.534287457220699,-0.452484675114129,-1.08038737965043
"70",70,"BL0872",2010,7,"Before",0.0445229070823971,0,0,0.0526696935966255,0,0.902807399320977,0,46,1.08,0.055555556,0.175803851,325,"SITE15",2010-07-20,9.035833333,"EelgrassSouth","Cook","Eelgrass",-0.841334902873568,-0.233885446176856,0.643593602711751
"71",71,"BL2461",2012,7,"Before",0,0,0.897043325526932,0,0.102956674473068,0,0,52,1.35128,0.429962702,0.024106748,436,"SITE15",2012-07-18,8.82875,"EelgrassSouth","Cook","Eelgrass",1.06261677649723,0.692131986846065,0.76273563889132
"72",72,"BL2141",2014,7,"Heatwave",0,0.894298272417936,0,0.0360196382312849,0,0.069682089350779,0,56,1.6559,0.579745154,0.000250794,530,"SITE2",2014-07-16,9.315833333,"CobblePoint","ALB","Eelgrass",0.732069362350085,-0.878762646781658,-0.22438656487007
"73",73,"BL0774",2007,7,"Before",0.887048477158557,0,0,0.112951522841443,0,0,0,41,0.4361,0.022930521,-0.378341914,97,"SITE1",2007-07-21,8.910833333,"EelgrassPatches","ALB","Eelgrass",-0.53678969159146,-0.434870236790541,-1.07378660210316
"74",74,"BL2329",2017,7,"Between",0,0,0.11341473725527,0.88658526274473,0,0,0,45,0.914,0.503282276,0.076285645,696,"SITE15",2017-07-15,9.435833333,"EelgrassSouth","Cook","Eelgrass",-0.0874529544564706,1.02390369303694,-0.343801199329912
"75",75,"BL2021",2018,7,"Between",0.00296936519359475,0,0,0.0678260654014248,0.0470658559303566,0.882138713474624,0,58,1.9071,0.776047402,0.033931493,746,"SITE5",2018-07-15,9.355,"Laminaria2","ALB","Laminaria",-0.73843900191566,-0.142559642524464,0.722153739840797
"76",76,"BL2305",2016,7,"Heatwave",0.878304854963886,0,0.013236877001033,0.034040097432081,0,0.0744181706030001,0,54,1.5837,1.319694387,0.067140467,656,"SITE1",2016-07-16,11.68041667,"EelgrassPatches","ALB","Eelgrass",-0.49047340889957,-0.599103625394903,-0.888171503988607
"77",77,"BL2306",2016,7,"Heatwave",0.877068826387468,0,0.0305487620639762,0.092382411548556,0,0,0,50,1.2247,1.281946599,0.045965773,656,"SITE1",2016-07-16,11.68041667,"EelgrassPatches","ALB","Eelgrass",-0.355491369801957,-0.42843869621312,-1.03842086305839
"78",78,"BL2137",2014,7,"Heatwave",0.0648691969857193,0,0,0.876326458553641,0,0,0.05880434446064,43,0.7118,1.137960101,-0.034401239,530,"SITE2",2014-07-16,9.315833333,"CobblePoint","ALB","Eelgrass",-0.234877416172537,0.827981904333449,-0.506381238363127
"79",79,"BL0873",2010,7,"Before",0.0377543178421398,0,0,0.0874629934010971,0,0.874782688756763,0,47,1.181,0.059271804,0.199285682,325,"SITE15",2010-07-20,9.035833333,"EelgrassSouth","Cook","Eelgrass",-0.806532019497714,-0.155056798363574,0.61247698950935
"80",80,"BL0785",2010,7,"Before",0.00681087040732968,0,0,0.123729897456305,0,0.869459232136365,0,50,1.4943,0.08030516,0.244927727,323,"SITE12",2010-07-20,9.035833333,"BareNorth","Cook","Bare",-0.796189397697209,-0.099006488699088,0.621146508081131
"81",81,"BL2458",2012,7,"Before",0,0,0,0.0339926733823634,0,0.869297781080673,0.0967095455369635,40,0.54667,0.228657142,-0.076682837,434,"SITE12",2012-07-18,8.82875,"BareNorth","Cook","Bare",-0.721029106236292,-0.28927422088663,0.711668912347458
"82",82,"BL0062",2009,7,"Before",0,0,0,0.865932578159021,0,0,0.134067421840979,42,0.8157,0.208409955,0.173971751,256,"SITE15",2009-07-15,9.194166667,"EelgrassSouth","Cook","Eelgrass",-0.183998065983966,0.887684101211397,-0.440546376099916
"83",83,"BL0855",2010,7,"Before",0,0,0,0.142737510305746,0,0.857262489694254,0,36,0.5665,0.052956752,0.281889409,325,"SITE15",2010-07-20,9.035833333,"EelgrassSouth","Cook","Eelgrass",-0.787556520000512,-0.0640316782187097,0.627115023753159
"84",84,"BL2158",2014,7,"Heatwave",0,0.855191394578577,0,0.144808605421423,0,0,0,61,2.2528,0.967684659,0.045946017,532,"SITE3",2014-07-16,9.315833333,"EelgrassPoint","ALB","Eelgrass",0.832890261784767,-0.64577463376476,-0.43014203783372
"85",85,"BL2344",2016,7,"Heatwave",0,0,0,0.854586118300187,0.036661214062088,0,0.108752667637725,62,2.302,0.299739357,0.017710321,664,"SITE1",2016-07-17,11.78833333,"EelgrassPatches","ALB","Eelgrass",-0.162052967298722,0.891139142705428,-0.444304382787914
"86",86,"BL0782",2010,7,"Before",0.0725320449206444,0,0,0.074899293801657,0,0.852568661277699,0,49,1.3688,0.036528346,0.219127615,323,"SITE12",2010-07-20,9.035833333,"BareNorth","Cook","Bare",-0.818843353908039,-0.226942139030238,0.570329105073912
"87",87,"BL0840",2010,7,"Before",0,0,0.00959232800142664,0.0763627968354442,0,0.847339470211607,0.0667054049515217,45,0.9034,0.154970113,0.064620497,325,"SITE15",2010-07-20,9.035833333,"EelgrassSouth","Cook","Eelgrass",-0.670339679843275,-0.165187346471394,0.682261904176719
"88",88,"BL0763",2007,7,"Before",0.840418933751156,0,0,0.0744570676055937,0,0,0.0851239986432507,40,0.4302,0.046490005,-0.31627795,98,"SITE3",2007-07-21,8.910833333,"EelgrassPoint","ALB","Eelgrass",-0.441058755184537,-0.558656069168558,-0.966314618160655
"89",89,"BL2292",2017,7,"Between",0,0.12831621913401,0.82905967987387,0,0,0,0.0426241009921204,61,2.444,1.010638298,0.127408171,698,"SITE14",2017-07-15,9.435833333,"LaminariaEast","Cook","Laminaria",1.04282966295513,0.330210955376047,0.65770954620889
"90",90,"BL2029",2018,7,"Between",0,0,0.146163909914961,0,0.827109615923745,0,0.0267264741612933,95,9.2255,1.352772207,0.097895027,773,"SITE7",2018-07-18,9.5125,"WoodenBoat","ALB","Laminaria",1.37894528775198,0.472825888776356,-0.517366549158672
"91",91,"BL0843",2010,7,"Before",0,0,0,0.17418339306998,0,0.82581660693002,0,45,1.0594,0.075514442,0.223913063,325,"SITE15",2010-07-20,9.035833333,"EelgrassSouth","Cook","Eelgrass",-0.764918765161215,-0.0147724196362301,0.583198360618664
"92",92,"BL0779",2010,7,"Before",0,0,0,0.178856926843589,0,0.821143073156411,0,50,1.3156,0.098814229,0.117562693,323,"SITE12",2010-07-20,9.035833333,"BareNorth","Cook","Bare",-0.767117402907693,-0.0126528055139515,0.577368250010479
"93",93,"BL0861",2010,7,"Before",0,0,0,0.180620144498489,0,0.819379855501511,0,38,0.5544,0.054112554,0.094577347,325,"SITE15",2010-07-20,9.035833333,"EelgrassSouth","Cook","Eelgrass",-0.766881217275901,-0.0108272150280215,0.576975901240967
"94",94,"BL2167",2014,7,"Heatwave",0.0129094366045567,0,0.064017817414671,0.809743956694756,0,0.113328789286016,0,39,0.4964,NA,-0.095544506,532,"SITE3",2014-07-16,9.315833333,"EelgrassPoint","ALB","Eelgrass",-0.284457338409414,0.83904378246493,-0.264890783782579
"95",95,"BL2449",2012,7,"Before",0,0,0.809611518211934,0.104619112789075,0,0.085769368998991,0,50,1.41392,1.75398891,0.189635846,437,"SITE9",2012-07-18,8.82875,"EelgrassWest","Cook","Eelgrass",0.591481678970264,0.521561719668395,0.755077996951941
"96",96,"BL0232",2009,7,"Before",0,0,0,0.19198918120485,0,0.80801081879515,0,36,0.4597,NA,0.072986431,3008,"SITE18",2009-07-17,9.25,"Piller","Offshore","Offshore",-0.770607284334499,0.0038384946317938,0.559031289995174
"97",97,"BL2302",2016,7,"Heatwave",0.806573934744137,0,0.193426065255863,0,0,0,0,57,1.822,1.355653128,0.041589955,656,"SITE1",2016-07-16,11.68041667,"EelgrassPatches","ALB","Eelgrass",-0.135536843436635,-0.454830937276832,-1.09970682352229
"98",98,"BL2027",2018,7,"Between",0.805269124011137,0,0.00540247432563442,0.165163275800554,0.00660901545308185,0,0.0175561104095922,60,2.0577,1.005977548,0.006024944,773,"SITE7",2018-07-18,9.5125,"WoodenBoat","ALB","Laminaria",-0.353174440128729,-0.333230940922019,-0.957360826492839
"99",99,"BL2038",2018,7,"Between",0,0,0,0.800933072696346,0,0.199066927303654,0,64,2.8464,0.860736369,0.132674119,743,"SITE2",2018-07-15,9.355,"CobblePoint","ALB","Eelgrass",-0.43267771762718,0.770318679016723,-0.208900685560797
"100",100,"BL2071",2013,7,"Before",0.199852507374631,0,0,0,0,0.800147492625369,0,47,0.7589,0.421662933,-0.242961118,484,"SITE15",2013-07-25,10.44541667,"EelgrassSouth","Cook","Eelgrass",-0.919579179142375,-0.407007401651347,0.440725890426277
"101",101,"BL2347",2016,7,"Heatwave",0,0,0.79766631882993,0.202333681170069,0,0,0,67,3.046,1.457649376,0.060037536,648,"SITE15",2016-07-15,11.63583333,"EelgrassSouth","Cook","Eelgrass",0.659919610412593,0.705206174627119,0.568236857462862
"102",102,"BL0072",2009,7,"Before",0,0.0508828675083533,0,0.155296088762854,0,0.793821043728793,0,39,0.638,0.438871473,0.155411724,255,"SITE15",2009-07-15,9.194166667,"EelgrassSouth","Cook","Eelgrass",-0.62500537040732,-0.135177050222488,0.572812845177396
"103",103,"BL0799",2010,7,"Before",0.107150722608828,0,0,0.107628926174095,0,0.785220351217077,0,44,1.0962,0.036489692,0.326941552,323,"SITE12",2010-07-20,9.035833333,"BareNorth","Cook","Bare",-0.794545331146568,-0.215185675561743,0.461350982824121
"104",104,"BL2005",2018,7,"Between",0,0.0365355262802847,0,0.783999066132156,0,0,0.179465407587559,74,4.4322,1.784666757,0.130517807,773,"SITE7",2018-07-18,9.5125,"WoodenBoat","ALB","Laminaria",-0.0298457947411492,0.732939479789292,-0.528231785716824
"105",105,"BL2129",2015,7,"Heatwave",0,0,0,0.22521348633062,0,0.77478651366938,0,41,0.6125,0.293877551,-0.038664547,602,"SITE10",2015-07-12,10.21666667,"EelgrassNorth","Cook","Eelgrass",-0.745403603406364,0.0488617181851131,0.515492808077479
"106",106,"BL2311",2015,7,"Heatwave",0,0,0,0,0,1,0,46,1.027,0.17526777,0.125484741,613,"SITE14",2015-07-15,10.15916667,"LaminariaEast","Cook","Laminaria",-0.964141570876543,-0.271360780291261,0.831643200889338
"107",107,"BL0213",2009,7,"Before",0.229732565083362,0,0,0,0,0.770267434916638,0,40,0.6407,0.078039644,0.082033162,3006,"SITE18",2009-07-19,9.362083333,"Piller","Offshore","Offshore",-0.919968157846969,-0.42487164759537,0.392831368861924
"108",108,"BL2327",2017,7,"Between",0,0,0.179499224992031,0.0515940779868507,0.768906697021119,0,0,64,2.558,0.699765442,0.025844785,696,"SITE15",2017-07-15,9.435833333,"EelgrassSouth","Cook","Eelgrass",1.25504465506248,0.565725004395592,-0.390568627413344
"109",109,"BL0879",2010,7,"Before",0.0504306234665594,0,0,0.156879302670605,0,0.773458740829181,0.019231333033654,50,1.4723,0.03396047,0.230095661,325,"SITE15",2010-07-20,9.035833333,"EelgrassSouth","Cook","Eelgrass",-0.738181816699384,-0.0883618329049591,0.487278152542255
"110",110,"BL2080",2013,7,"Before",0,0,0.177892623695818,0.763218583020411,0,0,0.0588887932837709,66,2.5744,0.815724052,-0.062082626,477,"SITE3",2013-07-24,10.415,"EelgrassPoint","ALB","Eelgrass",0.0562600370024064,0.895406794263352,-0.274636455165479
"111",111,"BL2147",2014,7,"Heatwave",0,0.761715865561763,0,0,0,0.238284134438237,0,55,1.6153,0.371448028,0.030655342,534,"SITE4",2014-07-16,9.315833333,"LaminariaPoint","ALB","Laminaria",0.458778043656437,-1.01647738953571,0.0563224668251177
"112",112,"BL2463",2012,7,"Before",0,0,0.761464581321643,0.238535418678357,0,0,0,42,0.72095,1.152645815,0.050494897,436,"SITE15",2012-07-18,8.82875,"EelgrassSouth","Cook","Eelgrass",0.621103652539514,0.730419111125631,0.513535292389769
"113",113,"BL0761",2007,7,"Before",0.760236939851426,0,0,0,0,0.0997858255451713,0.139977234603403,44,0.4403,0.022711787,-0.585207067,98,"SITE3",2007-07-21,8.910833333,"EelgrassPoint","ALB","Eelgrass",-0.571895806781588,-0.76213516258662,-0.743026608581743
"114",114,"BL2448",2012,7,"Before",0,0.123068698826477,0.754198805978113,0.0310331767341889,0,0.0916993184612207,0,56,2.06507,0.755422334,0.221070251,437,"SITE9",2012-07-18,8.82875,"EelgrassWest","Cook","Eelgrass",0.753508158592039,0.262748103881912,0.715772293605784
"115",115,"BL0756",2007,7,"Before",0.753449573870226,0,0,0.0840423916445512,0,0.125339161946864,0.0371688725383588,43,0.4991,0.04007213,-0.389391736,98,"SITE3",2007-07-21,8.910833333,"EelgrassPoint","ALB","Eelgrass",-0.563363587631926,-0.525965399763207,-0.732524475173266
"116",116,"BL2446",2012,7,"Before",0,0,0.751828053582566,0.186128959813075,0,0.0620429866043585,0,46,1.00923,0.207088572,0.108030474,438,"SITE14",2012-07-18,8.82875,"LaminariaEast","Cook","Laminaria",0.557177946044766,0.609595480101407,0.618867303183176
"117",117,"BL2238",2016,7,"Heatwave",0,0.747176913425345,0,0,0,0,0.252823086574655,62,2.5306,0.983956374,0.112388439,650,"SITE14",2016-07-15,11.63583333,"LaminariaEast","Cook","Laminaria",0.843153916583172,-0.947322177582158,-0.0872475479631248
"118",118,"BL2287",2017,7,"Between",0,0,0.746116870317732,0.253883129682269,0,0,0,54,1.481,0.654962863,9.41e-05,698,"SITE14",2017-07-15,9.435833333,"LaminariaEast","Cook","Laminaria",0.613051763099177,0.731788170070068,0.490480267647994
"119",119,"BL2457",2012,7,"Before",0,0,0.0162563313335211,0.233907391779886,0.0012995998452458,0.739650427245767,0.00888624979557993,39,0.56384,1.172318388,0.031843964,434,"SITE12",2012-07-18,8.82875,"BareNorth","Cook","Bare",-0.655392008924472,0.0750802243907761,0.506551068689151
"120",120,"BL2337",2016,7,"Heatwave",0,0.26080333097534,0,0.73919666902466,0,0,0,62,2.365,0.875264271,0.044710032,664,"SITE1",2016-07-17,11.78833333,"EelgrassPatches","ALB","Eelgrass",0.21865476176041,0.544457952419517,-0.648776166123513
"121",121,"BL2453",2012,7,"Before",0,0,0.738193073473823,0.261806926526177,0,0,0,47,1.04952,NA,0.081257062,436,"SITE15",2012-07-18,8.82875,"EelgrassSouth","Cook","Eelgrass",0.602541228953492,0.739228367221615,0.479328932398765
"122",122,"BL2240",2016,7,"Heatwave",0,0.248390569858639,0,0.0173849306584427,0,0.734224499482918,0,63,2.4438,1.800474671,0.028443572,650,"SITE14",2016-07-15,11.63583333,"LaminariaEast","Cook","Laminaria",-0.3950197691552,-0.539729105653907,0.62889748015916
"123",123,"BL2164",2014,7,"Heatwave",0,0.73353406988183,0,0.190819819363316,0,0,0.0756461107548544,53,1.3622,0.35971223,-0.026229122,532,"SITE3",2014-07-16,9.315833333,"EelgrassPoint","ALB","Eelgrass",0.741307208858624,-0.528098459375957,-0.403936061502832
"124",124,"BL0775",2007,7,"Before",0.217068562659549,0,0,0.0586675607488086,0,0.724263876591643,0,43,0.4699,0.021281124,-0.449678306,97,"SITE1",2007-07-21,8.910833333,"EelgrassPatches","ALB","Eelgrass",-0.835708773794069,-0.368472837671648,0.335127447396016
"125",125,"BL2144",2014,7,"Heatwave",0,0.723036857702414,0,0.23275261525092,0,0.0442105270466657,0,60,2.1194,0.452958384,0.03556912,534,"SITE4",2014-07-16,9.315833333,"LaminariaPoint","ALB","Laminaria",0.661171223441303,-0.498561002200217,-0.370984711624676
"126",126,"BL2058",2013,7,"Before",0.230801272382533,0,0,0.722079243185859,0,0,0.0471194844316079,54,1.3697,0.649777324,-0.078031677,484,"SITE15",2013-07-25,10.44541667,"EelgrassSouth","Cook","Eelgrass",-0.256227840783407,0.564308164576233,-0.622997189085978
"127",127,"BL2155",2014,7,"Heatwave",0,0.279721215003269,0.720278784996731,0,0,0,0,35,0.4158,NA,0.058963253,532,"SITE3",2014-07-16,9.315833333,"EelgrassPoint","ALB","Eelgrass",1.16179653893042,0.156221406129106,0.478356319435535
"128",128,"BL0754",2007,7,"Before",0.714997724887693,0,0,0.264258082688461,0,0.0207441924238463,0,45,0.5917,0.033800913,-0.358545177,98,"SITE3",2007-07-21,8.910833333,"EelgrassPoint","ALB","Eelgrass",-0.485263216022064,-0.144699076652858,-0.935599743845106
"129",129,"BL2323",2017,7,"Between",0,0,0,0.711258930439077,0.123959103818443,0,0.16478196574248,65,1.998,1.181181181,-0.268756117,698,"SITE14",2017-07-15,9.435833333,"LaminariaEast","Cook","Laminaria",0.00119409844172343,0.798277632041347,-0.474705982472711
"130",130,"BL2245",2016,7,"Heatwave",0,0.710939798447195,0.241247348090901,0.0478128534619034,0,0,0,71,4.065,2.140221402,0.170885293,650,"SITE14",2016-07-15,11.63583333,"LaminariaEast","Cook","Laminaria",1.0254909447767,-0.46863478075539,-0.132488831239932
"131",131,"BL0056",2009,7,"Before",0,0,0,0.709542376178098,0,0.290457623821902,0,40,0.6874,0.567355252,0.152388197,255,"SITE15",2009-07-15,9.194166667,"EelgrassSouth","Cook","Eelgrass",-0.478866746288317,0.653704026363297,-0.0895423930884209
"132",132,"BL0216",2009,7,"Before",0,0,0,0.709542376178098,0,0.290457623821902,0,40,0.5445,0.018365473,-0.080660225,3006,"SITE18",2009-07-19,9.362083333,"Piller","Offshore","Offshore",-0.478866746288317,0.653704026363297,-0.0895423930884209
"133",133,"BL2464",2012,7,"Before",0,0,0.290943395434784,0.709056604565216,0,0,0,36,0.38005,NA,-0.117284849,436,"SITE15",2012-07-18,8.82875,"EelgrassSouth","Cook","Eelgrass",0.152463407936206,0.953846655208492,-0.142715576647964
"134",134,"BL0757",2007,7,"Before",0.698444679700532,0,0,0.198874257352681,0,0.102681062946788,0,46,0.5625,0.017777778,-0.476521335,98,"SITE3",2007-07-21,8.910833333,"EelgrassPoint","ALB","Eelgrass",-0.581515370017421,-0.288103238309472,-0.789758253211159
"135",135,"BL2007",2018,7,"Between",0,0.694010889292196,0.150862068965517,0,0.155127041742287,0,0,87,7.3014,1.381926754,0.133622818,773,"SITE7",2018-07-18,9.5125,"WoodenBoat","ALB","Laminaria",1.13280530310871,-0.497388378005294,-0.252002991172123
"136",136,"BL0876",2010,7,"Before",0,0,0,0.311356916102304,0,0.688643083897696,0,52,1.5677,0.082924029,0.172664034,325,"SITE15",2010-07-20,9.035833333,"EelgrassSouth","Cook","Eelgrass",-0.684833026371649,0.161865613087178,0.396699813381981
"137",137,"BL2322",2017,7,"Between",0,0.681748898854267,0,0.0336463189332132,0,0.228501630131503,0.0561031520810161,65,2.835,1.061728395,0.08113914,698,"SITE14",2017-07-15,9.435833333,"LaminariaEast","Cook","Laminaria",0.409237552090642,-0.854617344837784,0.0442643691183284
"138",138,"BL2459",2012,7,"Before",0,0,0.142052786058736,0.676052875048139,0.149893315003562,0.0320010238895631,0,35,0.3863,0.525498317,-0.014626852,434,"SITE12",2012-07-18,8.82875,"BareNorth","Cook","Bare",0.0655604619992987,0.902920768302471,-0.228092259802291
"139",139,"BL2156",2014,7,"Heatwave",0,0.325427075834893,0,0.674572924165107,0,0,0,48,1.0833,0.073848426,0.048405282,532,"SITE3",2014-07-16,9.315833333,"EelgrassPoint","ALB","Eelgrass",0.303137237894154,0.425378645996841,-0.636111105513747
"140",140,"BL0066",2009,7,"Before",0,0,0,0.327104700971985,0,0.672895299028015,0,39,0.5301,0.641388417,-0.029860891,255,"SITE15",2009-07-15,9.194166667,"EelgrassSouth","Cook","Eelgrass",-0.679164510072386,0.183984442804309,0.379093816809138
"141",141,"BL2143",2014,7,"Heatwave",0,0.235457388724886,0.0975278366914104,0,0,0.667014774583704,0,46,0.8545,0.503218256,-0.058395966,530,"SITE2",2014-07-16,9.315833333,"CobblePoint","ALB","Eelgrass",-0.262775616392787,-0.476655815714679,0.675604752353631
"142",142,"BL0768",2007,7,"Before",0.662793710875714,0,0,0.337206289124286,0,0,0,45,0.514,0.019455253,-0.499321661,98,"SITE3",2007-07-21,8.910833333,"EelgrassPoint","ALB","Eelgrass",-0.415417598546531,0.00762223704599598,-0.937629091270368
"143",143,"BL2383",2019,7,"Heatwave",0.278689533119215,0,0,0,0,0.659309858213591,0.062000608667194,43,0.7979,8.371976438,0.079785064,815,"SITE2",2019-07-13,11.60583333,"CobblePoint","ALB","Eelgrass",-0.832930395119029,-0.507218373731085,0.243386579552319
"144",144,"BL2010",2018,7,"Between",0,0,0.267864518793887,0.0775505989260636,0.65458488228005,0,0,62,2.5521,0.478037694,0.12084856,773,"SITE7",2018-07-18,9.5125,"WoodenBoat","ALB","Laminaria",1.14236360124092,0.621656238211576,-0.143611647462888
"145",145,"BL0812",2010,7,"Before",0.117212750675769,0,0.00571807093193459,0.0780108044081118,0,0.679368618905431,0.119689755078753,48,1.2826,0.046779978,0.217282612,323,"SITE12",2010-07-20,9.035833333,"BareNorth","Cook","Bare",-0.600931771170033,-0.323218234875322,0.418101262459173
"146",146,"BL2138",2014,7,"Heatwave",0,0,0.360018799937333,0,0,0,0.639981200062666,55,1.7441,0.825640732,0.107373307,530,"SITE2",2014-07-16,9.315833333,"CobblePoint","ALB","Eelgrass",0.808063264278175,-0.120441212093588,0.938831024799635
"147",147,"BL2400",2019,7,"Heatwave",0.125704859533067,0.114710968439978,0,0,0,0.661842913243976,0.0977412587829786,46,0.9647,4.218928164,0.062904703,815,"SITE2",2019-07-13,11.60583333,"CobblePoint","ALB","Eelgrass",-0.530466902089968,-0.578387062054778,0.456292229755568
"148",148,"BL2048",2013,7,"Before",0.321522485924604,0,0,0,0,0.678477514075396,0,46,0.8044,NA,-0.118815811,469,"SITE3",2013-07-23,10.40916667,"EelgrassPoint","ALB","Eelgrass",-0.92137832060537,-0.482548940835745,0.210312081187288
"149",149,"BL0760",2007,7,"Before",0.63573617833244,0,0,0.271123589324985,0,0.0552075770440832,0.0379326552984922,41,0.4597,0.021753317,-0.325639386,98,"SITE3",2007-07-21,8.910833333,"EelgrassPoint","ALB","Eelgrass",-0.418305197519264,-0.160410733139455,-0.804897952589422
"150",150,"BL2312",2017,7,"Between",0,0,0.366141671581268,0.633858328418732,0,0,0,57,1.674,0.537634409,-0.043128872,698,"SITE14",2017-07-15,9.435833333,"LaminariaEast","Cook","Laminaria",0.232347274717129,0.912653976769962,-0.0582740310557054
"151",151,"BL0854",2010,7,"Before",0,0,0,0.630572676641218,0,0.369427323358782,0,41,0.8203,0.036571986,0.253456638,325,"SITE15",2010-07-20,9.035833333,"EelgrassSouth","Cook","Eelgrass",-0.511702166607466,0.553354807367448,0.00559930545737818
"152",152,"BL2452",2012,7,"Before",0,0,0.064511674646805,0.626272946064399,0.08102334929361,0.212283028905834,0.0159090010893522,36,0.39087,NA,-0.089212648,436,"SITE15",2012-07-18,8.82875,"EelgrassSouth","Cook","Eelgrass",-0.268878651538855,0.667570486513189,-0.0836108869358439
"153",153,"BL2017",2018,7,"Between",0.114370584125383,0,0.263302092333897,0.62232732354072,0,0,0,65,2.7145,1.440412599,0.037704977,746,"SITE5",2018-07-15,9.355,"Laminaria2","ALB","Laminaria",0.147211256389659,0.757666129467484,-0.249714905718352
"154",154,"BL2064",2013,7,"Before",0.0239914363770813,0,0.618767753028518,0.0999469201543634,0.212671251456525,0.0446226389835122,0,48,1.2005,0.741357768,0.151131481,484,"SITE15",2013-07-25,10.44541667,"EelgrassSouth","Cook","Eelgrass",0.76466901065666,0.464878244220375,0.50286136967674
"155",155,"BL2012",2018,7,"Between",0,0,0,0.616860869273342,0.383139130726658,0,0,44,0.822,0.352798054,0.039077015,764,"SITE16",2018-07-17,9.464583333,"LaminariaSouth","Cook","Laminaria",0.138635980082433,0.942928415021623,-0.593245099670738
"156",156,"BL0061",2009,7,"Before",0.0312489237468681,0,0,0.615547518368163,0,0.317213522204764,0.0359900356802057,37,0.5247,0.705164856,0.121258409,255,"SITE15",2009-07-15,9.194166667,"EelgrassSouth","Cook","Eelgrass",-0.454189710438498,0.515069066389227,-0.0630573467765174
"157",157,"BL2034",2018,7,"Between",0.614167189642718,0.171578998179913,0.126870362698917,0.00725329458362676,0,0.0440898611474603,0.036040293747364,67,3.0997,0.922669936,0.077513614,773,"SITE7",2018-07-18,9.5125,"WoodenBoat","ALB","Laminaria",-0.0204487884381396,-0.634916185263795,-0.759662043213638
"158",158,"BL0831",2010,7,"Before",0,0,0,0.611924958243264,0,0.35604707143998,0.032027970316756,48,1.2807,0.070274069,0.215800148,325,"SITE15",2010-07-20,9.035833333,"EelgrassSouth","Cook","Eelgrass",-0.478057974578598,0.519677045518326,0.00152847833154802
"159",159,"BL2139",2014,7,"Heatwave",0,0.608038791154693,0.0675234595561271,0.13703478578294,0,0.187402963506241,0,53,1.5043,1.243103104,0.072997512,530,"SITE2",2014-07-16,9.315833333,"CobblePoint","ALB","Eelgrass",0.478761161141558,-0.589379429007052,-0.0370089933006731
"160",160,"BL2346",2016,7,"Heatwave",0.211155894143072,0,0.101093933841697,0.0844381858010901,0.603311986214141,0,0,65,2.789,1.280028684,0.064780311,648,"SITE15",2016-07-15,11.63583333,"EelgrassSouth","Cook","Eelgrass",0.640714263623886,0.15472324969394,-0.977333971493056
"161",161,"BL0773",2007,7,"Before",0.60229933403435,0,0,0.39770066596565,0,0,0,44,0.5901,0.067785121,-0.292371366,97,"SITE1",2007-07-21,8.910833333,"EelgrassPatches","ALB","Eelgrass",-0.387253913240218,0.0878762643854235,-0.902524292313185
"162",162,"BL2011",2018,7,"Between",0,0,0,0.593127414801738,0.406872585198262,0,0,50,1.2367,0.824775613,0.055716399,764,"SITE16",2018-07-17,9.464583333,"LaminariaSouth","Cook","Laminaria",0.169359974066344,0.926924231085238,-0.616821252554256
"163",163,"BL2290",2017,7,"Between",0,0.2844292627384,0.592570452604611,0,0.123000284656988,0,0,71,4.1499,1.084363479,0.191555787,698,"SITE14",2017-07-15,9.435833333,"LaminariaEast","Cook","Laminaria",1.17644938733019,0.144408326859913,0.354948654422725
"164",164,"BL2059",2013,7,"Before",0,0,0,0.591808579670315,0,0.408191420329685,0,51,0.9408,0.06377551,-0.278451874,484,"SITE15",2013-07-25,10.44541667,"EelgrassSouth","Cook","Eelgrass",-0.534760692735982,0.510655308846803,0.0550372579926031
"165",165,"BL2384",2019,7,"Heatwave",0,0.585550650103912,0,0,0,0,0.414449349896088,63,2.8714,1.413944417,0.189689083,815,"SITE2",2019-07-13,11.60583333,"CobblePoint","ALB","Eelgrass",0.798394527463772,-0.935938542986759,0.108706773104256
"166",166,"BL0833",2010,7,"Before",0,0,0,0.584616004472858,0,0.378567783004294,0.036816212522848,47,1.1626,0.068811285,0.183583021,325,"SITE15",2010-07-20,9.035833333,"EelgrassSouth","Cook","Eelgrass",-0.485799076363012,0.49178301083277,0.0234411013742739
"167",167,"BL2462",2012,7,"Before",0,0,0.583570602142965,0.416429397857035,0,0,0,41,0.70391,0.380730491,0.100437018,436,"SITE15",2012-07-18,8.82875,"EelgrassSouth","Cook","Eelgrass",0.45953994701977,0.807484885295405,0.240105831515656
"168",168,"BL2318",2017,7,"Between",0,0.231089139253961,0,0.583223945132748,0.185686915613291,0,0,87,6.731,1.433665131,0.052280428,698,"SITE14",2017-07-15,9.435833333,"LaminariaEast","Cook","Laminaria",0.324250364338095,0.526487666783639,-0.621429766522977
"169",169,"BL2042",2018,7,"Between",0,0,0,0.582183623499847,0.187501516881943,0.0872357938371947,0.143079065781016,50,1.0296,0.942113442,-0.127559766,743,"SITE2",2018-07-15,9.355,"CobblePoint","ALB","Eelgrass",-0.116987341728937,0.667133426925965,-0.300180359178062
"170",170,"BL2054",2013,7,"Before",0.262437540375664,0,0,0.576916497940517,0,0.109191722268721,0.0514542394150974,48,1.0588,0.472232716,0.025529536,469,"SITE3",2013-07-23,10.40916667,"EelgrassPoint","ALB","Eelgrass",-0.332383332741797,0.369721894015195,-0.492982161017609
"171",171,"BL2386",2019,7,"Heatwave",0.0703928561600705,0.575636505186281,0,0.143857761417906,0,0.0935472414251633,0.116565635810579,60,2.304,1.744791667,0.119082833,815,"SITE2",2019-07-13,11.60583333,"CobblePoint","ALB","Eelgrass",0.450374091121231,-0.624008494088883,-0.200377847189143
"172",172,"BL2062",2013,7,"Before",0.139632998808681,0.0162467737713439,0.178243284687826,0.575315223757727,0.0193556426280636,0.0369404735553397,0.0342656027910181,48,0.9171,0.141751172,-0.118145417,484,"SITE15",2013-07-25,10.44541667,"EelgrassSouth","Cook","Eelgrass",0.0768711382126095,0.544334662584391,-0.333261177660288
"173",173,"BL2403",2019,7,"Heatwave",0.0190403311001458,0.573251166132379,0,0,0,0.0559078509247001,0.351800651842775,56,2.0813,2.503243165,0.228898825,815,"SITE2",2019-07-13,11.60583333,"CobblePoint","ALB","Eelgrass",0.649932853737031,-0.913660783962743,0.0792115385514336
"174",174,"BL2398",2019,7,"Heatwave",0.2785749870344,0.0698072877125947,0,0,0,0.572585113970291,0.0790326112827148,42,0.7784,5.536998972,0.127165641,815,"SITE2",2019-07-13,11.60583333,"CobblePoint","ALB","Eelgrass",-0.638503260161592,-0.59933322994262,0.21661390945439
"175",175,"BL2073",2013,7,"Before",0.110065882706483,0,0.226121047988671,0.571772696049263,0.0569506422822175,0,0.0350897309733658,56,1.5073,0.689975453,-0.093773903,484,"SITE15",2013-07-25,10.44541667,"EelgrassSouth","Cook","Eelgrass",0.181044952148666,0.672486200801993,-0.274626983225618
"176",176,"BL2148",2014,7,"Heatwave",0.57062124558964,0.191456668068552,0,0.0873608481699506,0,0.150561238171858,0,55,1.5225,0.958949097,-0.028511635,534,"SITE4",2014-07-16,9.315833333,"LaminariaPoint","ALB","Laminaria",-0.306274101640066,-0.643505759989425,-0.587547404755045
"177",177,"BL0852",2010,7,"Before",0.431977332523781,0.568022667476219,0,0,0,0,0,42,0.8889,0.067499156,0.259909854,325,"SITE15",2010-07-20,9.035833333,"EelgrassSouth","Cook","Eelgrass",0.350693257134273,-0.932874802316352,-0.636793466778887
"178",178,"BL2043",2018,7,"Between",0,0,0,0.434280151362164,0.565719848637836,0,0,56,1.6247,1.120206807,-0.01877069,743,"SITE2",2018-07-15,9.355,"CobblePoint","ALB","Eelgrass",0.421661680596209,0.802251814531658,-0.749752954977027
"179",179,"BL2061",2013,7,"Before",0,0,0.563449532094815,0.372477697021291,0.0640727708838935,0,0,48,0.9591,0.708998019,-0.07336659,484,"SITE15",2013-07-25,10.44541667,"EelgrassSouth","Cook","Eelgrass",0.510046543724642,0.770864789082206,0.228860742630187
"180",180,"BL2286",2017,7,"Between",0,0,0.436734496877186,0.563265503122814,0,0,0,70,3.697,1.67974033,0.119470552,698,"SITE14",2017-07-15,9.435833333,"LaminariaEast","Cook","Laminaria",0.294100541408498,0.884467625794497,0.0178830039368965
"181",181,"BL0234",2009,7,"Before",0,0,0,0.56100805040252,0,0,0.43899194959748,43,0.8532,NA,0.146795774,3008,"SITE18",2009-07-17,9.25,"Piller","Offshore","Offshore",0.0960230199834227,0.637651348573838,-0.52367171832135
"182",182,"BL2393",2019,7,"Heatwave",0.559365295605157,0,0.147853220709536,0,0,0,0.292781483685307,47,1.2638,2.294666878,0.2670472,815,"SITE2",2019-07-13,11.60583333,"CobblePoint","ALB","Eelgrass",-0.0904270228155402,-0.605832887310368,-0.829145524536143
"183",183,"BL2031",2018,7,"Between",0.312658860213695,0,0.557185559119242,0.0797764733239499,0.0453376656120607,0,0.00504144173105214,83,5.9426,1.0517282,0.071970073,773,"SITE7",2018-07-18,9.5125,"WoodenBoat","ALB","Laminaria",0.690682847547114,0.270250418961425,0.360275986697869
"184",184,"BL2399",2019,7,"Heatwave",0.213153295549914,0.00988068855394546,0,0.0975660272848629,0,0.556787206754369,0.122612781856909,45,1.138,4.235500879,0.295482688,815,"SITE2",2019-07-13,11.60583333,"CobblePoint","ALB","Eelgrass",-0.611272771378042,-0.397534926518071,0.197742589568753
"185",185,"BL0764",2007,7,"Before",0.555984845711977,0,0,0.325015831672293,0,0.0416515568229343,0.0773477657927956,40,0.4351,0.045966444,-0.304952277,98,"SITE3",2007-07-21,8.910833333,"EelgrassPoint","ALB","Eelgrass",-0.361418865533595,-0.067071995907427,-0.768541551176167
"186",186,"BL0067",2009,7,"Before",0,0,0.0382178706598651,0.405887267249782,0,0.555894862090353,0,42,0.7793,0.846913897,0.128321191,255,"SITE15",2009-07-15,9.194166667,"EelgrassSouth","Cook","Eelgrass",-0.570749215750644,0.29426042516966,0.282513841388842
"187",187,"BL2070",2013,7,"Before",0.375911670829399,0,0,0.55553767318215,0,0.0685506559884512,0,49,1.1148,NA,0.013868188,484,"SITE15",2013-07-25,10.44541667,"EelgrassSouth","Cook","Eelgrass",-0.378230544261591,0.343239521921321,-0.64662620622535
"188",188,"BL2243",2016,7,"Heatwave",0,0,0.555383022774327,0,0,0,0.444616977225673,70,3.623,1.482197074,0.099251284,650,"SITE14",2016-07-15,11.63583333,"LaminariaEast","Cook","Laminaria",0.854108731516575,0.116062745070909,0.85895584994287
"189",189,"BL2330",2017,7,"Between",0,0,0.446880578811857,0.553119421188143,0,0,0,47,1.204,0.664451827,0.218573492,696,"SITE15",2017-07-15,9.435833333,"EelgrassSouth","Cook","Eelgrass",0.302578594293645,0.88079411005057,0.0293341828292102
"190",190,"BL0243",2009,7,"Before",0.0997195502432869,0.552539054366947,0.271479116137391,0,0,0,0.0762622792523749,40,0.7776,0.064300412,0.275684086,245,"SITE1",2009-07-14,9.094166667,"EelgrassPatches","ALB","Eelgrass",0.877400787810472,-0.498778759682739,-0.0422741638699715
"191",191,"BL2067",2013,7,"Before",0.551526717557252,0,0,0,0,0.448473282442748,0,50,0.9931,0.140972712,-0.163654058,484,"SITE15",2013-07-25,10.44541667,"EelgrassSouth","Cook","Eelgrass",-0.893648560322978,-0.574684601617937,-0.227170640503393
"192",192,"BL2159",2014,7,"Heatwave",0.0233489664605754,0,0.232675377037121,0.546336210335199,0.0629875444522986,0.108490269363919,0.026161632350887,58,1.8127,0.722678877,-0.016834824,532,"SITE3",2014-07-16,9.315833333,"EelgrassPoint","ALB","Eelgrass",0.063934147502172,0.675951295898909,-0.0580460955013322
"193",193,"BL0245",2009,7,"Before",0.542304626833723,0.417826697752643,0,0,0,0.0214038208258651,0.0184648545877692,40,0.7048,0.1276958,0.177385908,245,"SITE1",2009-07-14,9.094166667,"EelgrassPatches","ALB","Eelgrass",0.0914067886548607,-0.889165090265584,-0.683706151467189
"194",194,"BL2001",2018,7,"Between",0,0,0.461165075519299,0.538834924480701,0,0,0,71,3.8704,0.599421248,0.121829411,773,"SITE7",2018-07-18,9.5125,"WoodenBoat","ALB","Laminaria",0.326578227013745,0.873194439615057,0.0591245299839259
"195",195,"BL2404",2019,7,"Heatwave",0.0882134532252054,0.536036084303736,0,0.0597362858081337,0.00456150146896017,0.0238266130692682,0.287626062124697,60,2.4155,1.270958394,0.166342395,815,"SITE2",2019-07-13,11.60583333,"CobblePoint","ALB","Eelgrass",0.537144421277045,-0.777144317295725,-0.133090962524777
"196",196,"BL0762",2007,7,"Before",0.46520376187064,0,0,0.53479623812936,0,0,0,41,0.4041,0,-0.454551117,98,"SITE3",2007-07-21,8.910833333,"EelgrassPoint","ALB","Eelgrass",-0.341427054340431,0.319280124270418,-0.804936423048377
"197",197,"BL2084",2013,7,"Before",0.443686844790755,0,0,0.531408764925137,0,0,0.0249043902841079,54,1.0552,0.094768764,-0.338893092,477,"SITE3",2013-07-24,10.415,"EelgrassPoint","ALB","Eelgrass",-0.292748030982897,0.296176994679137,-0.7530795622866
"198",198,"BL2063",2013,7,"Before",0.216100570981837,0,0,0.253400762239812,0,0.53049866677835,0,54,1.2271,0.317822508,-0.187969753,484,"SITE15",2013-07-25,10.44541667,"EelgrassSouth","Cook","Eelgrass",-0.6975165213532,-0.0670244010932138,0.0907508719583872
"199",199,"BL0838",2010,7,"Before",0.13801378150488,0,0,0,0,0.527106059725262,0.334880158769858,48,1.2295,0.105734038,0.175000927,325,"SITE15",2010-07-20,9.035833333,"EelgrassSouth","Cook","Eelgrass",-0.488036663447365,-0.658088795591942,0.439354415664575
"200",200,"BL0769",2007,7,"Before",0.526260913552092,0,0,0.314192598495735,0,0.159546487952173,0,45,0.5643,0.035442141,-0.405958901,97,"SITE1",2007-07-21,8.910833333,"EelgrassPatches","ALB","Eelgrass",-0.542253845774161,-0.0838708464384493,-0.623343857177357
"201",201,"BL0063",2009,7,"Before",0,0.0530632699607769,0,0.425167638694878,0,0.521769091344345,0,40,0.6926,0.360958706,0.159924465,255,"SITE15",2009-07-15,9.194166667,"EelgrassSouth","Cook","Eelgrass",-0.512077550768576,0.235520264255602,0.223473723450319
"202",202,"BL2338",2016,7,"Heatwave",0,0.478465951343886,0,0,0,0.521534048656114,0,61,1.838,0.337323177,-0.157549846,664,"SITE1",2016-07-17,11.78833333,"EelgrassPatches","ALB","Eelgrass",-0.0695325601208236,-0.812065467799648,0.427535014050603
"203",203,"BL2019",2018,7,"Between",0.0547322591111363,0,0,0.511850786459813,0.0519335214021821,0.366551370466188,0.0149320625606808,54,1.615,1.356037152,0.086711542,746,"SITE5",2018-07-15,9.355,"Laminaria2","ALB","Laminaria",-0.47808911705235,0.405174809936219,0.010392959138741
"204",204,"BL0839",2010,7,"Before",0,0,0.491471750947126,0,0,0,0.508528249052874,45,0.9678,0.072328994,0.133480528,325,"SITE15",2010-07-20,9.035833333,"EelgrassSouth","Cook","Eelgrass",0.834306016791895,0.0162068883568112,0.896376147890761
"205",205,"BL2301",2016,7,"Heatwave",0.507807254103304,0,0.091327033757413,0.0477156482737654,0.0249262084588374,0.320872160441322,0.00735169496535811,52,1.499,1.794529686,0.127852676,656,"SITE1",2016-07-16,11.68041667,"EelgrassPatches","ALB","Eelgrass",-0.551409922480964,-0.513515738975576,-0.287142810902179
"206",206,"BL0844",2010,7,"Before",0,0,0,0.50641128865494,0,0.493588711345059,0,44,0.9804,0.06119951,0.215297271,325,"SITE15",2010-07-20,9.035833333,"EelgrassSouth","Cook","Eelgrass",-0.587757487590925,0.404127022545129,0.162416747985739
"207",207,"BL2392",2019,7,"Heatwave",0.375113122171946,0,0,0.0372381431204961,0,0.499011228422993,0.0886375062845651,45,0.9426,7.330787184,0.107097088,815,"SITE2",2019-07-13,11.60583333,"CobblePoint","ALB","Eelgrass",-0.723039583044744,-0.521976300905625,0.00483236815563424
"208",208,"BL0758",2007,7,"Before",0.18981209921144,0,0,0.308032663496767,0,0.493946935999042,0.00820830129275175,44,0.5157,0.038782238,-0.427138179,98,"SITE3",2007-07-21,8.910833333,"EelgrassPoint","ALB","Eelgrass",-0.638385893466358,0.0254034589681798,0.0525022763698657
"209",209,"BL0848",2010,7,"Before",0,0,0.491817041820674,0.0734230503281524,0,0.434759907851174,0,44,0.9981,0.070133253,0.233190091,325,"SITE15",2010-07-20,9.035833333,"EelgrassSouth","Cook","Eelgrass",0.0238064612148736,0.202913160796072,0.813729828306705
"210",210,"BL2166",2014,7,"Heatwave",0,0.261866792913562,0,0.491811156476145,0,0,0.246322050610292,48,1.0789,0.70442117,0.044335348,532,"SITE3",2014-07-16,9.315833333,"EelgrassPoint","ALB","Eelgrass",0.364695361020902,0.21942499991702,-0.524234234701676
"211",211,"BL2135",2014,7,"Heatwave",0,0,0.0563508310512188,0.452329112551178,0,0.491320056397603,0,37,0.5894,1.17068205,0.237536808,530,"SITE2",2014-07-16,9.315833333,"CobblePoint","ALB","Eelgrass",-0.522223722814077,0.381778260097868,0.215121164294491
"212",212,"BL2079",2013,7,"Before",0.302838208728875,0.487137874637273,0,0,0,0.179629595530085,0.0303943211037676,55,1.6085,2.045383898,0.026436712,477,"SITE3",2013-07-24,10.415,"EelgrassPoint","ALB","Eelgrass",0.100346317895318,-0.909117957194586,-0.258530794152202
"213",213,"BL2298",2016,7,"Heatwave",0.124118981881162,0,0.486097487310934,0.36480364354615,0,0,0.0249798872617543,62,2.56,1.53515625,0.123939269,656,"SITE1",2016-07-16,11.68041667,"EelgrassPatches","ALB","Eelgrass",0.422275339577501,0.60154753222332,0.0969327448401797
"214",214,"BL2447",2012,7,"Before",0,0,0.484178983818801,0.481378991841749,0,0.0226832206834328,0.0117588036560168,34,0.52046,NA,0.372321607,438,"SITE14",2012-07-18,8.82875,"LaminariaEast","Cook","Laminaria",0.34755327390034,0.786023627025872,0.139482570647346
"215",215,"BL2293",2017,7,"Between",0,0,0.483354448959412,0.300767115244967,0,0,0.215878435795621,58,2.019,1.228330857,0.090950068,698,"SITE14",2017-07-15,9.435833333,"LaminariaEast","Cook","Laminaria",0.536185773288675,0.559850332414162,0.251389965782939
"216",216,"BL2025",2018,7,"Between",0,0.318042813455657,0.472511043153245,0,0.209446143391098,0,0,85,5.729,1.132832955,-0.037617694,746,"SITE5",2018-07-15,9.355,"Laminaria2","ALB","Laminaria",1.21118152450167,0.0521812434408134,0.198924335229556
"217",217,"BL2406",2019,7,"Heatwave",0.115054772786144,0.467464291313082,0,0.0236561123617141,0,0.173544183047291,0.22028064049177,57,2.2227,1.862599541,0.240377829,815,"SITE2",2019-07-13,11.60583333,"CobblePoint","ALB","Eelgrass",0.261907731101428,-0.821571272312822,-0.00862431010790413
"218",218,"BL2049",2013,7,"Before",0.15535936729762,0,0,0.459502257569479,0,0.255253680351479,0.129884694781422,41,0.6868,0.553290623,0.07582964,469,"SITE3",2013-07-23,10.40916667,"EelgrassPoint","ALB","Eelgrass",-0.391920161803865,0.229388059560107,-0.206489557881253
"219",219,"BL2294",2017,7,"Between",0,0,0.785349029506484,0,0.214650970493516,0,0,58,2.0015,0.944291781,0.082244628,698,"SITE14",2017-07-15,9.435833333,"LaminariaEast","Cook","Laminaria",1.13494348153095,0.667362932397858,0.640054823821862
"220",220,"BL2150",2014,7,"Heatwave",0.0547432102909651,0.453614582778981,0.0643278791873227,0.427314327742731,0,0,0,48,1.0616,0.084777694,0.028170548,534,"SITE4",2014-07-16,9.315833333,"LaminariaPoint","ALB","Laminaria",0.505464563700629,0.0117772400872932,-0.507020488949843
"221",221,"BL2394",2019,7,"Heatwave",0.31133887798758,0,0,0.124091895801797,0,0.449475197466177,0.115094028744446,38,0.6063,10.29193469,0.184065812,815,"SITE2",2019-07-13,11.60583333,"CobblePoint","ALB","Eelgrass",-0.646446914030399,-0.364900927740573,-0.0277278091947264
"222",222,"BL2041",2018,7,"Between",0.446625778121062,0.375377274469963,0.00369234927717681,0.142073094189249,0.00498237167598439,0.0198530439117599,0.00739608835480433,58,2.0273,0.808957727,0.095052588,743,"SITE2",2018-07-15,9.355,"CobblePoint","ALB","Eelgrass",0.174856050177403,-0.550125413787419,-0.635431684063686
"223",223,"BL2250",2016,7,"Heatwave",0,0.440583340225539,0.314147457449448,0,0.0514922265541602,0,0.193776975770853,62,2.493,1.263537906,0.097418815,650,"SITE14",2016-07-15,11.63583333,"LaminariaEast","Cook","Laminaria",0.998373037749617,-0.347257919211028,0.165042058524232
"224",224,"BL2410",2019,7,"Heatwave",0,0,0.209091232691418,0,0,0.351012707791977,0.439896059516606,87,6.6451,1.063941852,0.039436448,233,"SITE11",2008-08-27,9.787083333,"LaminariaNorth","Cook","Laminaria",0.0923433787697792,-0.300352329587757,0.829547865527712
"225",225,"BL2450",2012,7,"Before",0,0,0.131773590781688,0.436896605418873,0,0,0.431329803799439,36,0.57485,NA,0.296521466,437,"SITE9",2012-07-18,8.82875,"EelgrassWest","Cook","Eelgrass",0.383522628590759,0.551173048666677,-0.256457442880442
"226",226,"BL2246",2016,7,"Heatwave",0.193808597931182,0.343542458878548,0.431177751931654,0.0314711912586155,0,0,0,80,5.553,1.86925986,0.117000149,650,"SITE14",2016-07-15,11.63583333,"LaminariaEast","Cook","Laminaria",0.886420752087255,-0.208968422064583,0.0554487190609821
"227",227,"BL2030",2018,7,"Between",0.114079721163185,0.314228217746385,0,0.426898155152913,0.144793905937516,0,0,75,4.3343,1.137438571,0.067038956,773,"SITE7",2018-07-18,9.5125,"WoodenBoat","ALB","Laminaria",0.393153051624428,0.130481841098174,-0.617852258082594
"228",228,"BL2045",2018,7,"Between",0,0.37975828216827,0.130189302050337,0.425864037438148,0.064188378343245,0,0,70,3.8338,1.327664458,0.15580535,743,"SITE2",2018-07-15,9.355,"CobblePoint","ALB","Eelgrass",0.577201168918504,0.171605279882709,-0.425690680525565
"229",229,"BL2387",2019,7,"Heatwave",0.0824331380430585,0.423483022381032,0,0.0219936196734614,0.010006656822651,0.318821853906967,0.143261709172831,50,1.5055,3.480571239,0.252394926,815,"SITE2",2019-07-13,11.60583333,"CobblePoint","ALB","Eelgrass",0.0777544281825168,-0.744172811956955,0.168269807268393
"230",230,"BL2408",2019,7,"Heatwave",0.143841889882821,0.00925464398106366,0,0.130111314340051,0,0.422033607432379,0.294758544363685,47,1.2722,4.221034429,0.27367183,815,"SITE2",2019-07-13,11.60583333,"CobblePoint","ALB","Eelgrass",-0.402599818278786,-0.418544465366277,0.199863685538147
"231",231,"BL2146",2014,7,"Heatwave",0.316138352458057,0.421497777893082,0.0104646281629609,0.121266387861894,0.0297235431698553,0.100909310454151,0,50,1.2967,0.717205213,0.103092433,534,"SITE4",2014-07-16,9.315833333,"LaminariaPoint","ALB","Laminaria",0.180233086413212,-0.604053908821817,-0.409627131868958
"232",232,"BL2165",2014,7,"Heatwave",0,0.419695733849853,0.180347093119458,0.271064347521389,0,0.108420755506672,0.020472070002628,50,1.1525,0.086767896,-0.014796647,532,"SITE3",2014-07-16,9.315833333,"EelgrassPoint","ALB","Eelgrass",0.510504814586382,-0.129451514843994,-0.134410829827224
"233",233,"BL0767",2007,7,"Before",0.0702717352746789,0,0,0.405816755432029,0,0.523911509293292,0,40,0.4341,0.023036167,-0.307253245,98,"SITE3",2007-07-21,8.910833333,"EelgrassPoint","ALB","Eelgrass",-0.614745369463625,0.236174555372131,0.169408465284404
"234",234,"BL0755",2007,7,"Before",0.402791040525372,0,0,0.401677731224899,0,0.179237466893897,0.016293761355831,45,0.5224,0,-0.483111348,98,"SITE3",2007-07-21,8.910833333,"EelgrassPoint","ALB","Eelgrass",-0.466238241077016,0.0787820349116895,-0.495637771853196
"235",235,"BL2402",2019,7,"Heatwave",0.121482924860733,0.398674245721592,0,0.0180768762425385,0,0.184538229805023,0.277227723370114,49,1.3598,3.581409031,0.212530801,815,"SITE2",2019-07-13,11.60583333,"CobblePoint","ALB","Eelgrass",0.213733633354825,-0.821847839859325,0.047469884389331
"236",236,"BL2317",2017,7,"Between",0,0.395381205856225,0.0833979444954053,0.382320368638712,0,0,0.138900481009659,85,5.753,2.150182513,-0.033437232,698,"SITE14",2017-07-15,9.435833333,"LaminariaEast","Cook","Laminaria",0.535642668479117,0.00839183521798086,-0.397711525121298
"237",237,"BL2382",2019,7,"Heatwave",0.222062306151289,0,0,0.0297405190198851,0,0.347481405078756,0.40071576975007,43,0.8093,5.795131595,0.093971464,815,"SITE2",2019-07-13,11.60583333,"CobblePoint","ALB","Eelgrass",-0.416595995430185,-0.721669235377098,0.156369616492597
"238",238,"BL2047",2013,7,"Before",0.270882880776058,0,0.0421443201881658,0.271914754295618,0,0.381518063087394,0.0335399816527633,43,0.7917,NA,0.07198432,469,"SITE3",2013-07-23,10.40916667,"EelgrassPoint","ALB","Eelgrass",-0.520432032549201,-0.0584960592958402,-0.0933217877657115
"239",239,"BL2385",2019,7,"Heatwave",0.127932828817778,0,0,0.381073253312645,0,0.310083355610883,0.180910562258695,44,3.1131,1.699270823,1.370710913,815,"SITE2",2019-07-13,11.60583333,"CobblePoint","ALB","Eelgrass",-0.395800298970666,0.129358226465938,-0.079020015961611
"240",240,"BL2335",2016,7,"Heatwave",0,0,0.36410480349345,0,0.256026200873362,0,0.379868995633188,68,3.036,1.350461133,0.011339425,664,"SITE1",2016-07-17,11.78833333,"EelgrassPatches","ALB","Eelgrass",0.953388208031374,0.0173420663789878,0.710525318090428
"241",241,"BL2388",2019,7,"Heatwave",0.079265117433514,0.374360447660281,0.00918749991777447,0.0479421245034156,0.00312629660760427,0.169756841083505,0.316361672793905,54,1.7661,2.270539607,0.176150311,815,"SITE2",2019-07-13,11.60583333,"CobblePoint","ALB","Eelgrass",0.286011027868572,-0.755062432793804,0.10794115062155
"242",242,"BL2234",2016,7,"Heatwave",0.194917259284344,0,0.307954697670918,0.125961244685254,0.371166798359484,0,0,64,2.276,2.926186292,-0.090961402,650,"SITE14",2016-07-15,11.63583333,"LaminariaEast","Cook","Laminaria",0.859453001656082,0.384846373760935,-0.148047985495911
"243",243,"BL2016",2018,7,"Between",0.0402789440094349,0,0.129800661174129,0.240066955491681,0.184963978221682,0.369751354523483,0.0351381065795897,56,2.1241,0.696765689,0.24925431,764,"SITE16",2018-07-17,9.464583333,"LaminariaSouth","Cook","Laminaria",-0.200747885131665,0.24454652646832,0.375172181615797
"244",244,"BL2395",2019,7,"Heatwave",0.346354488660945,0,0,0.0738497116170611,0,0.365750595989931,0.214045203732062,47,1.1572,4.968890425,0.178927439,815,"SITE2",2019-07-13,11.60583333,"CobblePoint","ALB","Eelgrass",-0.557169012804758,-0.554635089471765,-0.0909424389772503
"245",245,"BL2130",2014,7,"Heatwave",0,0.310741673134457,0.247699972654698,0.364932082672734,0,0,0.0766262715381106,57,1.9004,0.331509156,0.083719547,547,"SITE15",2014-07-19,9.672916667,"EelgrassSouth","Cook","Eelgrass",0.588701372095001,0.193898609495067,-0.229067908260375
"246",246,"BL0237",2009,7,"Before",0,0.359333156990359,0,0.361403136444352,0,0.27926370656529,0,33,0.3757,NA,0.137901835,246,"SITE3",2009-07-14,9.094166667,"EelgrassPoint","ALB","Eelgrass",0.0835075653579504,-0.108983085111236,-0.0807995602926608
"247",247,"BL2407",2019,7,"Heatwave",0.0966505204623174,0,0,0.275987319513782,0,0.353103821038466,0.274258338985435,56,1.8473,1.61316516,0.10963124,815,"SITE2",2019-07-13,11.60583333,"CobblePoint","ALB","Eelgrass",-0.356922074252963,-0.0644057424392662,0.098749613103587
"248",248,"BL2396",2019,7,"Heatwave",0.352053481885445,0,0,0.109479131900995,0,0.341372392454021,0.197094993759539,48,1.2034,3.024763171,0.153544228,815,"SITE2",2019-07-13,11.60583333,"CobblePoint","ALB","Eelgrass",-0.549239798420577,-0.482702047134996,-0.145139492878275
"249",249,"BL2389",2019,7,"Heatwave",0.347854429303324,0.0037787909015687,0,0.131223736334295,0,0.327221029468812,0.189922013992001,56,1.8202,2.648060653,0.094852512,815,"SITE2",2019-07-13,11.60583333,"CobblePoint","ALB","Eelgrass",-0.534170980584928,-0.43714709687808,-0.175346023290033
"250",250,"BL2152",2014,7,"Heatwave",0.321354316017827,0,0,0.338263281451108,0,0,0.340382402531064,48,1.005,0.368159204,-0.026619114,534,"SITE4",2014-07-16,9.315833333,"LaminariaPoint","ALB","Laminaria",-0.120300343457422,0.0177604550471581,-0.699171993246599
"251",251,"BL2331",2017,7,"Between",0,0,0.199317314305543,0.312002530851243,0.289086587111775,0,0.199593567731439,58,1.979,0.328448711,0.070939396,696,"SITE15",2017-07-15,9.435833333,"EelgrassSouth","Cook","Eelgrass",0.62180836734013,0.560294438835209,-0.213532250338553
"252",252,"BL2380",2019,7,"Heatwave",0.146457451603044,0.0159449644890411,0,0.117564326379643,0.0731639720470993,0.288472795652692,0.35839648982848,53,1.5448,3.896944588,0.099564291,815,"SITE2",2019-07-13,11.60583333,"CobblePoint","ALB","Eelgrass",-0.18415866155062,-0.493478066441412,0.185421346890703
"253",253,"BL2401",2019,7,"Heatwave",0.234312809985439,0.29114785342459,0,0,0,0.24233635752359,0.232202979066381,51,1.5006,3.225376516,0.188437856,815,"SITE2",2019-07-13,11.60583333,"CobblePoint","ALB","Eelgrass",-0.0486728298576579,-0.857654710151227,-0.0075287483332906
"254",254,"BL2006",2018,7,"Between",0,0.195724802803047,0.150302005352398,0.0400549013214752,0.28699921127355,0,0.32691907924953,86,6.8224,0.507152908,0.101203097,773,"SITE7",2018-07-18,9.5125,"WoodenBoat","ALB","Laminaria",0.953448989873688,-0.266981583631008,0.305278999795905
