"","X","FISHID","Year","Month","Heatwave","CLADOCERA","GAMMARIDAE","HARPACTICOIDA","MYSIDAE","CAPRELLIDAE","CALANOIDA","ANNELIDA","OTHER","SL_mm","WholeBodyWW_g","HSI","LWResiduals_All","SeineID","SITEID","Date","TridentTemp","Site","Bay","Habitat","NMDS1","NMDS2","NMDS3"
"1",1,"BL0081",2009,8,"Before",0,0,0,0,0,1,0,0,63,2.3096,1.72324212,-0.028036283,294,"SITE14",2009-08-29,9.630833333,"LaminariaEast","Cook","Laminaria",-0.969484300032156,-0.0916760491491381,-1.17886183029897
"2",2,"BL0097",2009,8,"Before",0,0,0,0,0,1,0,0,61,2.5789,0.872465004,0.181135081,294,"SITE14",2009-08-29,9.630833333,"LaminariaEast","Cook","Laminaria",-0.969484300032156,-0.0916760491491381,-1.17886183029897
"3",3,"BL0258",2006,8,"Before",0,0,0,0,0,1,0,0,59,1.8169,NA,-0.066916663,65,"SITE10",2006-08-25,10.48958333,"EelgrassNorth","Cook","Eelgrass",-0.969484300032156,-0.0916760491491383,-1.17886183029897
"4",4,"BL0207",2009,8,"Before",1,0,0,0,0,0,0,0,46,0.8034,0.273836196,-0.120059747,3005,"SITE17",2009-08-23,9.260416667,"Holiday","Offshore","Offshore",-1.42709954817762,-1.19088159189257,0.553070249544377
"5",5,"BL0719",2007,8,"Before",1,0,0,0,0,0,0,0,57,1.0693,0.046759562,-0.491340615,122,"SITE3",2007-08-23,9.625833333,"EelgrassPoint","ALB","Eelgrass",-1.42709954817762,-1.19088159189257,0.553070249544377
"6",6,"BL0721",2007,8,"Before",1,0,0,0,0,0,0,0,59,1.1922,0.058714981,-0.488248075,122,"SITE3",2007-08-23,9.625833333,"EelgrassPoint","ALB","Eelgrass",-1.42709954817762,-1.19088159189257,0.553070249544377
"7",7,"BL2088",2013,8,"Before",0,1,0,0,0,0,0,0,92,8.0242,2.300540864,0.056739501,507,"SITE15",2013-08-28,9.385416667,"EelgrassSouth","Cook","Eelgrass",0.498266974033675,1.24712630902332,-0.300289906347478
"8",8,"BL2115",2013,8,"Before",0,1,0,0,0,0,0,0,79,4.9591,NA,0.042441322,523,"SITE15",2013-08-30,9.54375,"EelgrassSouth","Cook","Eelgrass",0.498266974033675,1.24712630902332,-0.300289906347478
"9",9,"BL2119",2013,8,"Before",0,1,0,0,0,0,0,0,92,9.2426,0.12225997,0.198100756,523,"SITE15",2013-08-30,9.54375,"EelgrassSouth","Cook","Eelgrass",0.498266974033675,1.24712630902332,-0.300289906347478
"10",10,"BL2184",2018,8,"Between",0,1,0,0,0,0,0,0,90,9.7499,0.752828234,0.318902096,781,"SITE13",2018-08-21,10.16416667,"MiddleCove","Cook","Bare",0.498266974033675,1.24712630902332,-0.300289906347478
"11",11,"BL2431",2012,8,"Before",0,1,0,0,0,0,0,0,85,7.3316,1.47716733,0.209035084,460,"SITE15",2012-08-29,9.817916667,"EelgrassSouth","Cook","Eelgrass",0.498266974033675,1.24712630902332,-0.300289906347478
"12",12,"BL2182",2018,8,"Between",0,0,1,0,0,0,0,0,70,3.5549,0.556977693,0.080275805,781,"SITE13",2018-08-21,10.16416667,"MiddleCove","Cook","Bare",-1.27750670625207,0.761408102843052,0.522733032659661
"13",13,"BL2275",2017,8,"Between",0,0,1,0,0,0,0,0,100,9.6855,0.402663776,-0.010665506,724,"SITE8",2017-08-19,10.4175,"WhiteRock","ALB","Bare",-1.27750670625207,0.761408102843052,0.522733032659661
"14",14,"BL2283",2017,8,"Between",0,0,1,0,0,0,0,0,52,1.1365,0.527936648,-0.148992179,735,"SITE10",2017-08-23,10.64958333,"EelgrassNorth","Cook","Eelgrass",-1.27750670625207,0.761408102843052,0.522733032659661
"15",15,"BL0137",2009,8,"Before",0,0,0,1,0,0,0,0,68,3.4126,0.462990096,0.128273029,273,"SITE8",2009-08-23,9.260416667,"WhiteRock","ALB","Bare",1.1647873698398,-1.05432175755451,-0.250502809312225
"16",16,"BL2171",2018,8,"Between",0,0,0,1,0,0,0,0,123,19.5949,1.907639233,0.059454811,792,"SITE1",2018-08-23,10.34541667,"EelgrassPatches","ALB","Eelgrass",1.1647873698398,-1.05432175755451,-0.250502809312225
"17",17,"BL2173",2018,8,"Between",0,0,0,1,0,0,0,0,116,17.7135,0.964800858,0.138109505,792,"SITE1",2018-08-23,10.34541667,"EelgrassPatches","ALB","Eelgrass",1.1647873698398,-1.05432175755451,-0.250502809312225
"18",18,"BL2174",2018,8,"Between",0,0,0,1,0,0,0,0,113,11.8967,0.53712374,-0.179643619,792,"SITE1",2018-08-23,10.34541667,"EelgrassPatches","ALB","Eelgrass",1.1647873698398,-1.05432175755451,-0.250502809312225
"19",19,"BL2177",2018,8,"Between",0,0,0,1,0,0,0,0,105,13.0661,0.64671172,0.139178939,792,"SITE1",2018-08-23,10.34541667,"EelgrassPatches","ALB","Eelgrass",1.1647873698398,-1.05432175755451,-0.250502809312225
"20",20,"BL2178",2018,8,"Between",0,0,0,1,0,0,0,0,103,12.9459,0.44492851,0.188883029,792,"SITE1",2018-08-23,10.34541667,"EelgrassPatches","ALB","Eelgrass",1.1647873698398,-1.05432175755451,-0.250502809312225
"21",21,"BL2180",2018,8,"Between",0,0,0,1,0,0,0,0,100,11.5262,1.996321424,0.163327277,792,"SITE1",2018-08-23,10.34541667,"EelgrassPatches","ALB","Eelgrass",1.1647873698398,-1.05432175755451,-0.250502809312225
"22",22,"BL2203",2015,8,"Heatwave",0,0,0,1,0,0,0,0,85,6.341,1.618041318,0.063877795,645,"SITE13",2015-08-26,12.72958333,"MiddleCove","Cook","Bare",1.1647873698398,-1.05432175755451,-0.250502809312225
"23",23,"BL2207",2015,8,"Heatwave",0,0,0,1,0,0,0,0,90,7.7425,0.719405877,0.0883697,645,"SITE13",2015-08-26,12.72958333,"MiddleCove","Cook","Bare",1.1647873698398,-1.05432175755451,-0.250502809312225
"24",24,"BL2225",2015,8,"Heatwave",0,0,0,1,0,0,0,0,103,11.601,1.942935954,0.079195194,645,"SITE13",2015-08-26,12.72958333,"MiddleCove","Cook","Bare",1.1647873698398,-1.05432175755451,-0.250502809312225
"25",25,"BL2228",2015,8,"Heatwave",0,0,0,1,0,0,0,0,95,10.186,0.372079325,0.196937867,645,"SITE13",2015-08-26,12.72958333,"MiddleCove","Cook","Bare",1.1647873698398,-1.05432175755451,-0.250502809312225
"26",26,"BL2356",2019,8,"Heatwave",0,0,0,1,0,0,0,0,84,5.8302,2.128571919,0.016166409,855,"SITE2",2019-08-24,13.21541667,"CobblePoint","ALB","Eelgrass",1.1647873698398,-1.05432175755451,-0.250502809312225
"27",27,"BL2214",2018,8,"Between",0,0,0,0,0,0,1,0,74,4.1738,1.392016867,0.070448624,781,"SITE13",2018-08-21,10.16416667,"MiddleCove","Cook","Bare",1.70066007541758,0.558126707356305,0.831071190880036
"28",28,"BL2261",2017,8,"Between",0,0,0,0,0,0,1,0,83,5.5568,0.322127843,0.004845728,719,"SITE2",2017-08-19,10.4175,"CobblePoint","ALB","Eelgrass",1.70066007541758,0.558126707356305,0.831071190880036
"29",29,"BL2267",2017,8,"Between",0,0,0,0,0,0,1,0,74,3.364,1.064209275,-0.145247526,730,"SITE14",2017-08-22,10.58541667,"LaminariaEast","Cook","Laminaria",1.70066007541758,0.558126707356305,0.831071190880036
"30",30,"BL2111",2013,8,"Before",0,0,0,0,0,0,1,0,85,6.3384,0.601098069,0.063467681,523,"SITE15",2013-08-30,9.54375,"EelgrassSouth","Cook","Eelgrass",1.70066007541758,0.558126707356305,0.831071190880036
"31",31,"BL0726",2007,8,"Before",0.998030893536387,0,0,0,0,0,0,0.00196910646361325,49,0.713,0.028050491,-0.433080687,122,"SITE3",2007-08-23,9.625833333,"EelgrassPoint","ALB","Eelgrass",-0.95129488280656,-1.13391577377962,0.520322834711855
"32",32,"BL2097",2013,8,"Before",0,0,0,0,0,1,0,0,78,4.2278,NA,-0.078054802,500,"SITE3",2013-08-27,9.402083333,"EelgrassPoint","ALB","Eelgrass",-0.969484300032156,-0.0916760491491381,-1.17886183029897
"33",33,"BL0725",2007,8,"Before",0.994924702193481,0,0,0,0,0.00507529780651938,0,0,45,0.5561,0.089911886,-0.420596792,122,"SITE3",2007-08-23,9.625833333,"EelgrassPoint","ALB","Eelgrass",-1.25901298198006,-1.15656023955968,0.449335237944874
"34",34,"BL0194",2009,8,"Before",0,0,0,0.00550084153325636,0,0,0,0.994499158466744,77,5.3939,0.661858766,0.205082344,275,"SITE1",2009-08-24,9.311666667,"EelgrassPatches","ALB","Eelgrass",0.250830975770851,-0.272985650168153,1.24480453687756
"35",35,"BL0560",2008,8,"Before",0.00693444765723978,0,0,0,0,0.99306555234276,0,0,45,0.5973,0.016742006,-0.349125426,207,"SITE3",2008-08-23,9.508333333,"EelgrassPoint","ALB","Eelgrass",-0.974486976036538,-0.177168717228612,-1.11657324640325
"36",36,"BL0717",2007,8,"Before",0.992853466998644,0,0,0,0,0,0,0.0071465330013558,50,0.7381,0.040644899,-0.460406105,122,"SITE3",2007-08-23,9.625833333,"EelgrassPoint","ALB","Eelgrass",-0.95867206964823,-1.1221684933463,0.531845050379334
"37",37,"BL0561",2008,8,"Before",0.0078206512446316,0,0,0,0,0.992179348755368,0,0,52,0.9637,0.020753346,-0.313920779,207,"SITE3",2008-08-23,9.508333333,"EelgrassPoint","ALB","Eelgrass",-0.974131380449849,-0.177317837943924,-1.1164298362813
"38",38,"BL0459",2006,8,"Before",0,0,0.991772380535291,0,0,0,0,0.00822761946470926,67,3.1607,0.044293986,0.097001804,60,"SITE4",2006-08-21,10.3375,"LaminariaPoint","ALB","Laminaria",-1.10962211342921,0.591877380324714,0.580892545097941
"39",39,"BL2215",2015,8,"Heatwave",0,0,0,0,0.987045129116674,0.0129548708833259,0,0,86,6.721,0.929921143,0.086228734,641,"SITE15",2015-08-26,12.72958333,"EelgrassSouth","Cook","Eelgrass",0.568517155037379,0.0947615689168067,-1.41549639094539
"40",40,"BL0463",2006,8,"Before",0,0,0.977881582406693,0,0.0221184175933074,0,0,0,75,4.9758,0.044213996,0.205064997,60,"SITE4",2006-08-21,10.3375,"LaminariaPoint","ALB","Laminaria",-1.11887176892318,0.663489326676382,0.529043703227672
"41",41,"BL2370",2019,8,"Heatwave",0,0,0,0.976115412386243,0.0238845876137574,0,0,0,87,8.143,2.741004544,0.242715369,855,"SITE2",2019-08-24,13.21541667,"CobblePoint","ALB","Eelgrass",0.99420194844005,-0.929948441434084,-0.307332590456393
"42",42,"BL2110",2013,8,"Before",0,0.974787052803146,0,0,0,0,0,0.0252129471968538,88,7.1072,0.462910851,0.071634968,523,"SITE15",2013-08-30,9.54375,"EelgrassSouth","Cook","Eelgrass",0.457581579558925,1.08614310448266,-0.259505876989529
"43",43,"BL2179",2018,8,"Between",0,0.0263175725619672,0,0.973682427438033,0,0,0,0,108,12.9072,0.236302219,0.040596595,792,"SITE1",2018-08-23,10.34541667,"EelgrassPatches","ALB","Eelgrass",1.01216970140012,-0.747395987334091,-0.377721900924769
"44",44,"BL0881",2010,8,"Before",0,0.972217793385012,0.0277822066149879,0,0,0,0,0,77,5.2236,0.158894249,0.173000478,333,"SITE15",2010-08-23,10.42416667,"EelgrassSouth","Cook","Eelgrass",0.353599166166931,1.1485129058182,-0.276384226251683
"45",45,"BL0488",2006,8,"Before",0,0,0.972106510767242,0,0,0.0278934892327578,0,0,60,2.2092,0.027159153,0.077066549,55,"SITE6",2006-08-21,10.3375,"BackBayEelgrass","ALB","Eelgrass",-1.27629172161504,0.714670071455026,0.432626328809068
"46",46,"BL0083",2009,8,"Before",0.00866413904771687,0,0.0209865666634647,0,0,0.970349294288818,0,0,61,2.337,1.326486949,0.082640185,294,"SITE14",2009-08-29,9.630833333,"LaminariaEast","Cook","Laminaria",-0.886246805638678,-0.143852232639991,-1.05472711990309
"47",47,"BL0127",2009,8,"Before",0,0.033740366872897,0,0.966259633127103,0,0,0,0,72,4.3989,1.304871672,0.206956832,269,"SITE1",2009-08-23,9.260416667,"EelgrassPatches","ALB","Eelgrass",1.00820675181647,-0.737482955775953,-0.391536850349225
"48",48,"BL2376",2019,8,"Heatwave",0.0086199422200294,0.0263957501732888,0,0.964984307606682,0,0,0,0,91,8.3895,2.335061684,0.134757141,863,"SITE2",2019-08-25,13.305,"CobblePoint","ALB","Eelgrass",0.808590713256924,-0.844832471614196,-0.352884010591921
"49",49,"BL2425",2012,8,"Before",0.00692995192040579,0,0.00393439024871811,0,0,0.962793615667216,0,0.0263420421636598,54,1.48035,0.234404026,-0.000344868,453,"SITE3",2012-08-24,9.102916667,"EelgrassPoint","ALB","Eelgrass",-0.694720180969756,-0.241220075104241,-0.977064067078959
"50",50,"BL2107",2013,8,"Before",0,0.966759964480329,0,0.0203494853950781,0,0,0,0.0128905501245927,87,7.6188,0.611644878,0.176175584,523,"SITE15",2013-08-30,9.54375,"EelgrassSouth","Cook","Eelgrass",0.531273843285666,0.982758373235417,-0.325265386771758
"51",51,"BL0544",2008,8,"Before",0,0,0.0419041150373967,0,0,0.958095884962603,0,0,71,2.1647,0.064674089,-0.459246666,220,"SITE12",2008-08-26,9.845416667,"BareNorth","Cook","Bare",-0.893390592474649,-0.0824365182319868,-1.04794134648608
"52",52,"BL2419",2012,8,"Before",0,0.955876739376802,0.0202851170253274,0,0.00825042621324326,0,0,0.0155877173846272,86,7.1277,4.414607798,0.144980383,462,"SITE14",2012-08-29,9.817916667,"LaminariaEast","Cook","Laminaria",0.395890204343459,1.04508839632906,-0.264685711325773
"53",53,"BL0085",2009,8,"Before",0.0167381556996037,0,0.0269279203988972,0,0,0.952901008822548,0,0.00343291507895126,61,2.4797,0.92349881,0.141909715,294,"SITE14",2009-08-29,9.630833333,"LaminariaEast","Cook","Laminaria",-0.722118337193902,-0.222120547027593,-0.960344037575534
"54",54,"BL0724",2007,8,"Before",0.952634051003706,0,0.0473659489962937,0,0,0,0,0,48,0.6364,0.14142049,-0.483534638,122,"SITE3",2007-08-23,9.625833333,"EelgrassPoint","ALB","Eelgrass",-1.17641051615767,-0.96977801569916,0.553110361962357
"55",55,"BL0203",2009,8,"Before",0,0,0,0,0,0.0474444444444444,0,0.952555555555556,45,1.0478,0.248138958,0.212903081,275,"SITE1",2009-08-24,9.311666667,"EelgrassPatches","ALB","Eelgrass",0.0602332598792753,-0.287169803503541,1.08485105740028
"56",56,"BL0730",2007,8,"Before",0.951945801512357,0,0.0447591820918217,0,0,0,0,0.00329501639582082,58,1.2087,0.049640109,-0.422106869,122,"SITE3",2007-08-23,9.625833333,"EelgrassPoint","ALB","Eelgrass",-0.970757686042001,-0.980715017465438,0.521436038402823
"57",57,"BL0287",2006,8,"Before",0,0,0.950181923594517,0,0,0.0498180764054824,0,0,61,2.4045,0.012476606,0.111114111,82,"SITE15",2006-08-28,10.68708333,"EelgrassSouth","Cook","Eelgrass",-1.27382509238528,0.699349987907503,0.375699865421026
"58",58,"BL2176",2018,8,"Between",0,0.0277586016332639,0,0.949943015142209,0,0,0,0.0222983832245276,119,19.813,1.617624792,0.171858613,792,"SITE1",2018-08-23,10.34541667,"EelgrassPatches","ALB","Eelgrass",0.891350254418382,-0.766151009439381,-0.327003896369735
"59",59,"BL0542",2008,8,"Before",0,0.948617750276157,0,0,0,0,0,0.0513822497238433,85,4.1761,0.07183736,-0.353780893,220,"SITE12",2008-08-26,9.845416667,"BareNorth","Cook","Bare",0.458468353343157,1.05480731534579,-0.211076195762383
"60",60,"BL2372",2019,8,"Heatwave",0,0.0317966016991504,0,0.946058220889555,0,0,0,0.0221451774112944,86,7.268,2.285360484,0.164472932,855,"SITE2",2019-08-24,13.21541667,"CobblePoint","ALB","Eelgrass",0.888734814539301,-0.76028794969935,-0.339160859927029
"61",61,"BL2364",2019,8,"Heatwave",0,0,0,0.944080808080808,0,0,0.0559191919191919,0,108,15.705,1.615409105,0.236790433,855,"SITE2",2019-08-24,13.21541667,"CobblePoint","ALB","Eelgrass",1.14311032727728,-0.874761345690982,-0.227893087213768
"62",62,"BL0095",2009,8,"Before",0.00826867410782989,0,0.0397169062317537,0,0,0.9418009424864,0,0.0102134771740161,49,1.2804,1.319900031,0.1523657,294,"SITE14",2009-08-29,9.630833333,"LaminariaEast","Cook","Laminaria",-0.729704205074486,-0.197601961304689,-0.930761894290592
"63",63,"BL0557",2008,8,"Before",0.017784874332217,0,0.0424975470833664,0,0,0.939717578584417,0,0,56,1.1379,0.026364355,-0.374909415,207,"SITE3",2008-08-23,9.508333333,"EelgrassPoint","ALB","Eelgrass",-0.910859084844474,-0.139525143088278,-1.00369510392341
"64",64,"BL2351",2019,8,"Heatwave",0,0,0,0.939511404526125,0,0,0,0.0604885954738752,74,4.5467,2.142213034,0.156023427,863,"SITE2",2019-08-25,13.305,"CobblePoint","ALB","Eelgrass",0.852778592357065,-0.921540985525157,-0.20572612557817
"65",65,"BL0559",2008,8,"Before",0,0,0.0609191728536395,0,0,0.93908082714636,0,0,61,1.4852,0.0403986,-0.370678427,207,"SITE3",2008-08-23,9.508333333,"EelgrassPoint","ALB","Eelgrass",-0.912508105072722,-0.0631175526812283,-1.0029488639854
"66",66,"BL2204",2015,8,"Heatwave",0,0,0,0.938562399948181,0.0614376000518187,0,0,0,90,7.3084,0.654041924,0.030669439,645,"SITE13",2015-08-26,12.72958333,"MiddleCove","Cook","Bare",0.948539898049385,-0.908472396165522,-0.321011156325105
"67",67,"BL2420",2012,8,"Before",0,0.934685270242944,0,0,0.0653147297570558,0,0,0,92,7.91829,0.585985105,0.043452798,462,"SITE14",2012-08-29,9.817916667,"LaminariaEast","Cook","Laminaria",0.512150333503202,1.10841912511778,-0.342607520663242
"68",68,"BL0715",2007,8,"Before",0.928217327757205,0,0.0690927075959648,0,0.00268996464683012,0,0,0,62,1.401,0.05710207,-0.478881722,122,"SITE3",2007-08-23,9.625833333,"EelgrassPoint","ALB","Eelgrass",-0.984430229567013,-0.981474230621392,0.458343637191176
"69",69,"BL2358",2019,8,"Heatwave",0,0,0,0.928170920340294,0,0,0,0.0718290796597061,95,10.608,2.189856712,0.237532072,855,"SITE2",2019-08-24,13.21541667,"CobblePoint","ALB","Eelgrass",0.839074410603271,-0.915542946535232,-0.17645564602291
"70",70,"BL0716",2007,8,"Before",0.925874864711682,0,0.052898779755628,0,0,0,0,0.0212263555326895,48,0.6519,0.030679552,-0.459470759,122,"SITE3",2007-08-23,9.625833333,"EelgrassPoint","ALB","Eelgrass",-0.975909703278418,-0.920671373067442,0.534919620293615
"71",71,"BL0891",2010,8,"Before",0,0.0718370230925893,0,0,0,0,0,0.928162976907411,89,8.9516,0.071495599,0.267724636,333,"SITE15",2010-08-23,10.42416667,"EelgrassSouth","Cook","Eelgrass",0.25045943204666,-0.0369958201483644,1.14155934863094
"72",72,"BL0547",2008,8,"Before",0,0,0.0651065224357404,0,0,0.923465906853159,0,0.0114275707111008,59,1.5412,0.084349857,-0.231487081,220,"SITE12",2008-08-26,9.845416667,"BareNorth","Cook","Bare",-0.742547431240385,-0.158654624485239,-0.890864918415491
"73",73,"BL0549",2008,8,"Before",0,0,0.0153257392372065,0,0.0656092577101626,0.919065003052631,0,0,72,2.4021,0.104075601,-0.398054323,220,"SITE12",2008-08-26,9.845416667,"BareNorth","Cook","Bare",-0.686636830966445,-0.16677702646503,-1.0367785734738
"74",74,"BL0487",2006,8,"Before",0,0,0.918871212676071,0,0,0,0,0.0811287873239288,59,2.2693,0.039659807,0.155422999,55,"SITE6",2006-08-21,10.3375,"BackBayEelgrass","ALB","Eelgrass",-0.972631076142282,0.511061636020024,0.644458893760367
"75",75,"BL0545",2008,8,"Before",0,0.917696378810682,0.0823036211893182,0,0,0,0,0,80,3.5461,0.087419983,-0.331489765,220,"SITE12",2008-08-26,9.845416667,"BareNorth","Cook","Bare",0.239105793734393,1.11298608271325,-0.226537085392889
"76",76,"BL0098",2009,8,"Before",0.0242376566426945,0,0.0573939734984507,0,0,0.914585031014303,0,0.00378333884455205,63,2.6724,0.228259243,0.117866312,294,"SITE14",2009-08-29,9.630833333,"LaminariaEast","Cook","Laminaria",-0.757446437963957,-0.196737537736245,-0.891617983393436
"77",77,"BL2118",2013,8,"Before",0,0,0,0,0,0.913380985320114,0,0.0866190146798863,70,3.26,0.567484663,-0.006323933,523,"SITE15",2013-08-30,9.54375,"EelgrassSouth","Cook","Eelgrass",-0.618883729797532,-0.259410940273338,-0.891965098741464
"78",78,"BL0546",2008,8,"Before",0,0.911213789184146,0.0601270501120773,0,0.0286591607037767,0,0,0,81,3.8896,0.077128754,-0.277108112,220,"SITE12",2008-08-26,9.845416667,"BareNorth","Cook","Bare",0.30830632787586,1.07324606117091,-0.250430266082585
"79",79,"BL0889",2010,8,"Before",0,0.0906295904747377,0,0,0,0,0,0.909370409525262,76,5.6717,0.079341291,0.29536979,333,"SITE15",2010-08-23,10.42416667,"EelgrassSouth","Cook","Eelgrass",0.259227193942629,0.0319793999748106,1.09668044741135
"80",80,"BL0195",2009,8,"Before",0,0.0614043256039831,0.0350802316710908,0,0,0,0,0.903515442724926,59,2.4704,0.368361399,0.240331666,275,"SITE1",2009-08-24,9.311666667,"EelgrassPatches","ALB","Eelgrass",0.149169637540667,-0.040215979580584,1.06385488172748
"81",81,"BL2361",2019,8,"Heatwave",0,0.0140228871496401,0,0.902252808242406,0,0,0.0602343890142059,0.0234899155937482,99,11.846,1.468006078,0.221500112,855,"SITE2",2019-08-24,13.21541667,"CobblePoint","ALB","Eelgrass",0.915634028643576,-0.721936921913305,-0.289117192087612
"82",82,"BL2426",2012,8,"Before",0.0502216756528867,0,0.0173793202818273,0,0,0.900725565791784,0,0.0316734382735026,58,2.06413,0.538725759,0.113056559,453,"SITE3",2012-08-24,9.102916667,"EelgrassPoint","ALB","Eelgrass",-0.734810335458979,-0.280463664050025,-0.889113325939301
"83",83,"BL0722",2007,8,"Before",0.900513701391947,0.00976214685496788,0.0897241517530851,0,0,0,0,0,52,0.6612,0.120992136,-0.690644456,122,"SITE3",2007-08-23,9.625833333,"EelgrassPoint","ALB","Eelgrass",-0.963903031351228,-0.74535970311014,0.491002312810962
"84",84,"BL0718",2007,8,"Before",0.896733465501452,0.0671218215431806,0.0361447129553673,0,0,0,0,0,58,0.6135,0.081499593,-1.100227286,122,"SITE3",2007-08-23,9.625833333,"EelgrassPoint","ALB","Eelgrass",-0.858904074782549,-0.841094793586815,0.479246713566336
"85",85,"BL0550",2008,8,"Before",0,0.0667058941350362,0.0328724882520233,0,0,0.89585181363794,0,0.00456980397500065,60,1.3757,0.029076107,-0.396601218,207,"SITE3",2008-08-23,9.508333333,"EelgrassPoint","ALB","Eelgrass",-0.6048602851489,-0.0476565989538885,-0.934542419555621
"86",86,"BL0555",2008,8,"Before",0.00298246669779877,0.00967862562175315,0.0961219149471029,0,0,0.891216992733345,0,0,60,1.4622,0.027356039,-0.335621759,207,"SITE3",2008-08-23,9.508333333,"EelgrassPoint","ALB","Eelgrass",-0.801791852189061,-0.0284096466853219,-0.890998713524125
"87",87,"BL2116",2013,8,"Before",0,1,0,0,0,0,0,0,103,12.5569,0.89193989,0.158374208,523,"SITE15",2013-08-30,9.54375,"EelgrassSouth","Cook","Eelgrass",0.498266974033675,1.24712630902332,-0.300289906347478
"88",88,"BL0711",2007,8,"Before",0.890671592558385,0,0,0,0,0,0,0.109328407441615,65,1.3834,0.072285673,-0.63635856,122,"SITE3",2007-08-23,9.625833333,"EelgrassPoint","ALB","Eelgrass",-0.782406699926837,-1.01232393635402,0.633368875574087
"89",89,"BL0731",2007,8,"Before",0.887528783161497,0,0.0850991644005595,0,0,0.0273720524379433,0,0,49,0.7153,0.069900741,-0.429860073,122,"SITE3",2007-08-23,9.625833333,"EelgrassPoint","ALB","Eelgrass",-1.17072432188353,-0.801175117714213,0.460758189041444
"90",90,"BL2360",2019,8,"Heatwave",0,0,0,0.882641192109195,0.0834973990366834,0,0,0.0338614088541214,96,10.838,1.838900166,0.226886536,855,"SITE2",2019-08-24,13.21541667,"CobblePoint","ALB","Eelgrass",0.785776973674391,-0.860925479339231,-0.248820075531982
"91",91,"BL2258",2017,8,"Between",0,0,0.123323493457486,0,0,0.876676506542514,0,0,75,4.561,1.135715852,0.118020733,710,"SITE6",2017-08-18,10.21708333,"BackBayEelgrass","ALB","Eelgrass",-0.935136398733104,0.0126516984827181,-0.866452584186758
"92",92,"BL2270",2017,8,"Between",0,1,0,0,0,0,0,0,82,6.146,1.277253498,0.142777969,730,"SITE14",2017-08-22,10.58541667,"LaminariaEast","Cook","Laminaria",0.498266974033675,1.24712630902332,-0.300289906347478
"93",93,"BL2427",2012,8,"Before",0.112763309283068,0,0,0,0,0.874536074305985,0,0.0127006164109467,55,1.524,1.354986877,-0.027526899,453,"SITE3",2012-08-24,9.102916667,"EelgrassPoint","ALB","Eelgrass",-0.780585583027267,-0.357095087801686,-0.844731885327928
"94",94,"BL0538",2008,8,"Before",0,0.873306089526704,0.126693910473296,0,0,0,0,0,85,3.9843,0.100394047,-0.400797051,220,"SITE12",2008-08-26,9.845416667,"BareNorth","Cook","Bare",0.156884222815375,1.08809836315788,-0.180171091763324
"95",95,"BL2422",2012,8,"Before",0.013578728971722,0.870098344728027,0.0469826571476179,0,0.0143900882762541,0.0456947201230489,0,0.00925546075332967,59,2.47617,0.361041447,0.242664596,462,"SITE14",2012-08-29,9.817916667,"LaminariaEast","Cook","Laminaria",0.224821515026761,0.938488554470025,-0.31696135313722
"96",96,"BL0886",2010,8,"Before",0,0.0149484417675994,0.867405867688479,0,0.00288251227945599,0,0,0.114763178264465,61,2.4187,0.0868235,0.117002335,333,"SITE15",2010-08-23,10.42416667,"EelgrassSouth","Cook","Eelgrass",-0.816084373619006,0.426816584429945,0.631258921105132
"97",97,"BL2183",2018,8,"Between",0,0.862732566396819,0,0,0.076054537707712,0.0612128958954694,0,0,84,6.674,1.218160024,0.151334485,781,"SITE13",2018-08-21,10.16416667,"MiddleCove","Cook","Bare",0.374251353526519,0.988135974949456,-0.414525589674692
"98",98,"BL0543",2008,8,"Before",0,0.113779024523812,0.0258443262613171,0,0,0.86037664921487,0,0,81,3.5348,0.056580287,-0.372757716,220,"SITE12",2008-08-26,9.845416667,"BareNorth","Cook","Bare",-0.577320368569397,0.086947347133135,-0.974161934613297
"99",99,"BL0551",2008,8,"Before",0.00372598769784579,0.0499487028144943,0.083647237928369,0,0,0.860259505580761,0,0.00241856597852991,65,1.7033,0.041096695,-0.428335252,207,"SITE3",2008-08-23,9.508333333,"EelgrassPoint","ALB","Eelgrass",-0.669600337787217,-0.0391716274976319,-0.837313081330479
"100",100,"BL2415",2012,8,"Before",0,0.142191383595692,0,0.857808616404308,0,0,0,0,78,5.19379,1.122494363,0.127727116,461,"SITE9",2012-08-29,9.817916667,"EelgrassWest","Cook","Eelgrass",0.959232199495205,-0.486959213125879,-0.405626553575901
"101",101,"BL2414",2012,8,"Before",0,0.857455461525432,0,0,0,0.142544538474568,0,0,69,3.36854,0.194743123,0.070531204,461,"SITE9",2012-08-29,9.817916667,"EelgrassWest","Cook","Eelgrass",0.217794942904989,1.00512541888283,-0.51304513414431
"102",102,"BL0084",2009,8,"Before",0.0623281982573099,0.00128211767846775,0.00689387578984206,0,0,0.854576345641251,0.0739597114970288,0.000959751136100131,75,4.6804,1.014870524,0.143862411,294,"SITE14",2009-08-29,9.630833333,"LaminariaEast","Cook","Laminaria",-0.533647339711262,-0.231716122171635,-0.909936698880983
"103",103,"BL0114",2009,8,"Before",0.034510005844976,0,0.10524201066421,0,0.0062301942173187,0.854017789273496,0,0,64,2.9151,1.070289184,0.156523206,294,"SITE14",2009-08-29,9.630833333,"LaminariaEast","Cook","Laminaria",-0.828289737761117,-0.120410613120297,-0.824610915327835
"104",104,"BL2354",2019,8,"Heatwave",0,0.0540576077698039,0.0159172668709331,0.853540259887518,0,0,0.0764848654717454,0,104,14.8356,1.982393702,0.29551887,855,"SITE2",2019-08-24,13.21541667,"CobblePoint","ALB","Eelgrass",0.783329435676136,-0.630495428295887,-0.316283221979575
"105",105,"BL2169",2018,8,"Between",0,0.136481188293361,0,0.853400945657885,0,0,0,0.0101178660487533,123,23.8667,1.470668337,0.256669665,792,"SITE1",2018-08-23,10.34541667,"EelgrassPatches","ALB","Eelgrass",0.885669847274787,-0.50801679363544,-0.363239033818005
"106",106,"BL0140",2009,8,"Before",0,0,0.0301566141717857,0.852600400153095,0,0,0,0.11724298567512,62,2.5818,0.108451468,0.13241884,273,"SITE8",2009-08-23,9.260416667,"WhiteRock","ALB","Bare",0.658875242537997,-0.764103200406178,-0.0997281427203874
"107",107,"BL2218",2015,8,"Heatwave",0,0,0,0,0.851219803161348,0.120504026245154,0,0.0282761705934984,93,9.233,0.629264594,0.163925011,641,"SITE15",2015-08-26,12.72958333,"EelgrassSouth","Cook","Eelgrass",-0.386369672067209,-1.06332036429023,-0.537245253260029
"108",108,"BL2197",2018,8,"Between",0,0.0533237052577883,0.0965478547008983,0,0,0,0,0.850128440041313,67,3.1684,0.590203257,0.09943501,792,"SITE1",2018-08-23,10.34541667,"EelgrassPatches","ALB","Eelgrass",0.0325589623541648,-0.0190228926307861,0.986799072104472
"109",109,"BL0134",2009,8,"Before",0,0,0,0.849768280123584,0.150231719876416,0,0,0,68,2.2484,0.902864259,-0.288982583,273,"SITE8",2009-08-23,9.260416667,"WhiteRock","ALB","Bare",0.824589287336294,-0.874060564076239,-0.338592907130302
"110",110,"BL0136",2009,8,"Before",0,0,0.15134670365683,0,0,0,0,0.84865329634317,72,4.1236,0.567465322,0.142328891,273,"SITE8",2009-08-23,9.260416667,"WhiteRock","ALB","Bare",-0.0884866249611276,-0.069917824762631,1.01441113413919
"111",111,"BL0728",2007,8,"Before",0.842717603036863,0,0.129868270036806,0,0,0.0157342403582858,0,0.0116798865680445,65,1.7652,0.084976207,-0.392638799,122,"SITE3",2007-08-23,9.625833333,"EelgrassPoint","ALB","Eelgrass",-1.02063928735967,-0.726456673877076,0.472321413306214
"112",112,"BL0552",2008,8,"Before",0.0041538628753214,0.00637765376315842,0.123259202892847,0,0,0.843943478755698,0,0.0222658017129752,61,1.7938,0.039023302,-0.181891596,207,"SITE3",2008-08-23,9.508333333,"EelgrassPoint","ALB","Eelgrass",-0.75807243724576,-0.0644848054184874,-0.760900275962441
"113",113,"BL2371",2019,8,"Heatwave",0,0.0572563104241007,0,0.841633705134259,0.0123828285252069,0,0,0.0887271559164338,89,8.876,2.175529518,0.259243354,855,"SITE2",2019-08-24,13.21541667,"CobblePoint","ALB","Eelgrass",0.795395223082299,-0.660142825792536,-0.179447728968431
"114",114,"BL2091",2013,8,"Before",0,0.838246186564975,0,0,0,0,0,0.161753813435025,77,4.6546,NA,0.057669636,507,"SITE15",2013-08-28,9.385416667,"EelgrassSouth","Cook","Eelgrass",0.452036738519543,0.937341329384569,-0.0024532484016738
"115",115,"BL0885",2010,8,"Before",0,0.83687396815399,0.0376279086773828,0,0.0191678884256373,0,0,0.106330234742989,65,3.1669,0.129464145,0.191850394,333,"SITE15",2010-08-23,10.42416667,"EelgrassSouth","Cook","Eelgrass",0.359388074023794,0.926648449562614,-0.0900371782328759
"116",116,"BL0426",2006,8,"Before",0.0259886059246867,0,0.118996441098897,0,0,0.855014952976417,0,0,61,2.3512,0.046784621,0.088697966,65,"SITE10",2006-08-25,10.48958333,"EelgrassNorth","Cook","Eelgrass",-0.943877366879382,-0.0269532510838328,-0.836873417021374
"117",117,"BL0548",2008,8,"Before",0,0.0280807599492007,0,0,0.0822150482710828,0.825508979744362,0,0.0641952120353545,62,1.6029,0.155967309,-0.344253501,220,"SITE12",2008-08-26,9.845416667,"BareNorth","Cook","Bare",-0.501225869830365,-0.169364221247253,-0.87855761771496
"118",118,"BL2278",2017,8,"Between",0,0.817498545339316,0.182501454660684,0,0,0,0,0,84,5.5913,0.116252034,-0.025673077,730,"SITE14",2017-08-22,10.58541667,"LaminariaEast","Cook","Laminaria",0.0882251904966496,1.06829475958872,-0.136668123244252
"119",119,"BL0562",2008,8,"Before",0.00194258935003457,0.0962829693135539,0.0833213946610371,0,0,0.817152889160441,0,0.00130015751493307,65,1.5523,0.038652322,-0.521165096,207,"SITE3",2008-08-23,9.508333333,"EelgrassPoint","ALB","Eelgrass",-0.602803475686624,0.0387471485844587,-0.817907433765547
"120",120,"BL0524",2006,8,"Before",0,0,0.121894683194837,0,0,0.0643043404729909,0,0.813800976332172,59,2.0613,0.038810459,0.059288436,39,"SITE6",2006-08-19,10.35041667,"BackBayEelgrass","ALB","Eelgrass",-0.123311584547774,-0.15925445792608,0.88855629466316
"121",121,"BL0462",2006,8,"Before",0,0,0.813717478336534,0,0.186282521663466,0,0,0,68,3.6277,0.024809108,0.189397404,60,"SITE4",2006-08-21,10.3375,"LaminariaPoint","ALB","Laminaria",-1.01894698612148,0.601457414849169,0.52382613715133
"122",122,"BL0883",2010,8,"Before",0,0.807262508512256,0.0296509790474358,0,0.0477314330056208,0,0,0.115355079434687,75,4.6495,0.133347672,0.137238522,333,"SITE15",2010-08-23,10.42416667,"EelgrassSouth","Cook","Eelgrass",0.38518697042021,0.883868058909807,-0.0710445200766436
"123",123,"BL2113",2013,8,"Before",0,0,0.192753623188406,0,0,0.807246376811594,0,0,66,2.7282,0.322556997,-0.004057072,523,"SITE15",2013-08-30,9.54375,"EelgrassSouth","Cook","Eelgrass",-0.966884144566328,0.0736599303840336,-0.772669305608076
"124",124,"BL2429",2012,8,"Before",0.172783216350305,0,0.011274438598956,0,0,0.806290897052957,0,0.0096514479977816,58,1.66438,0.644083683,-0.102199589,453,"SITE3",2012-08-24,9.102916667,"EelgrassPoint","ALB","Eelgrass",-0.81518587239175,-0.391160287471468,-0.771658371032959
"125",125,"BL2259",2017,8,"Between",0,0.00519770149515101,0.189821872598556,0,0,0.804980425906292,0,0,79,5.094,0.176678445,0.069280426,710,"SITE6",2017-08-18,10.21708333,"BackBayEelgrass","ALB","Eelgrass",-0.861796077276654,0.0554097050862358,-0.76217380972084
"126",126,"BL0723",2007,8,"Before",0.804352157386063,0,0.14428931054385,0,0,0.0513585320700871,0,0,55,1.0904,0.064196625,-0.362320755,122,"SITE3",2007-08-23,9.625833333,"EelgrassPoint","ALB","Eelgrass",-1.18443636116016,-0.671314307192139,0.425189018179024
"127",127,"BL2428",2012,8,"Before",0.106033422098143,0.00482458499307904,0.0524606061308262,0,0,0.803891346483235,0,0.0327900402947165,52,1.38432,0.39947411,0.048263501,453,"SITE3",2012-08-24,9.102916667,"EelgrassPoint","ALB","Eelgrass",-0.751812345708834,-0.259000415681868,-0.74084237510123
"128",128,"BL2090",2013,8,"Before",0.096166774520871,0,0.0627349939978893,0,0,0.802980838709116,0,0.0381173927721239,64,2.4845,NA,-0.003309486,507,"SITE15",2013-08-28,9.385416667,"EelgrassSouth","Cook","Eelgrass",-0.792921233675666,-0.285533824964317,-0.72568460006601
"129",129,"BL2378",2019,8,"Heatwave",0,0,0.188873535285076,0.798845164891755,0,0,0,0.012281299823169,81,6.5551,1.711644369,0.244828936,863,"SITE2",2019-08-25,13.305,"CobblePoint","ALB","Eelgrass",0.489089230312428,-0.727909295266475,-0.246554794056892
"130",130,"BL2363",2019,8,"Heatwave",0,0.0302853438941038,0,0.793435296774922,0.160860995092582,0,0,0.0154183642383917,85,7.218,2.085065115,0.193419217,855,"SITE2",2019-08-24,13.21541667,"CobblePoint","ALB","Eelgrass",0.775774046583211,-0.708392078466266,-0.338401373037877
"131",131,"BL2352",2019,8,"Heatwave",0,0.0616579417255093,0,0.792244947650353,0,0,0,0.146097110624138,91,8.8802,2.130582645,0.191600296,855,"SITE2",2019-08-24,13.21541667,"CobblePoint","ALB","Eelgrass",0.788677617479057,-0.627235616775347,-0.0857467169331477
"132",132,"BL2437",2012,8,"Before",0,0,0,0,0,0,0,1,59,2.34719,0.258181059,0.189170453,454,"SITE5",2012-08-24,9.102916667,"Laminaria2","ALB","Laminaria",0.218739223540093,-0.230636453181403,1.27559256420646
"133",133,"BL0888",2010,8,"Before",0,0.144295768657737,0.0111892145681473,0,0,0,0,0.844515016774115,74,4.81,0.085239085,0.212318816,333,"SITE15",2010-08-23,10.42416667,"EelgrassSouth","Cook","Eelgrass",0.233788843302283,0.112058773912749,0.982400889089289
"134",134,"BL2357",2019,8,"Heatwave",0,0.133073622605605,0,0.784756655835413,0.0124469657528918,0,0.0294466485946299,0.0402761072114608,107,16.0571,1.639150282,0.287475181,855,"SITE2",2019-08-24,13.21541667,"CobblePoint","ALB","Eelgrass",0.845640355348194,-0.456902066238016,-0.292880271025788
"135",135,"BL2368",2019,8,"Heatwave",0,0.0792224414697883,0,0.780838355287718,0.0425577302543864,0,0,0.0973814729881073,83,5.666,2.303212143,0.024306726,863,"SITE2",2019-08-25,13.305,"CobblePoint","ALB","Eelgrass",0.783123291629033,-0.55268099267709,-0.180027880734104
"136",136,"BL2413",2008,8,"Before",0.0576679647788854,0,0.130361002895533,0,0,0.774718961908987,0,0.0372520704165946,77,3.7526,1.295102063,-0.157737408,233,"SITE11",2008-08-27,9.787083333,"LaminariaNorth","Cook","Laminaria",-0.810338353057843,-0.150190334534583,-0.662927271732437
"137",137,"BL2212",2018,8,"Between",0,0.773810660883515,0.187565616120085,0.0386237229963997,0,0,0,0,78,5.1038,1.371527097,0.110248795,781,"SITE13",2018-08-21,10.16416667,"MiddleCove","Cook","Bare",0.187893142177928,0.904696543161294,-0.171298340826176
"138",138,"BL2369",2019,8,"Heatwave",0,0.09485546796038,0,0.772732632571929,0,0,0,0.132411899467691,74,4.763,2.412345161,0.202499454,863,"SITE2",2019-08-25,13.305,"CobblePoint","ALB","Eelgrass",0.798560772876638,-0.521891271783942,-0.137800838499331
"139",139,"BL0884",2010,8,"Before",0,0.772514989273658,0.20579250293254,0,0,0,0,0.0216925077938014,59,3.743,0.06411969,0.655839014,333,"SITE15",2010-08-23,10.42416667,"EelgrassSouth","Cook","Eelgrass",0.0437159820157479,0.982585327649688,-0.0927734526551456
"140",140,"BL0720",2007,8,"Before",0.772337614004242,0,0.0295306062064836,0,0,0,0,0.198131779789274,50,0.723,0.096818811,-0.4810762,122,"SITE3",2007-08-23,9.625833333,"EelgrassPoint","ALB","Eelgrass",-0.688072580629841,-0.834685709663659,0.691972680338813
"141",141,"BL0099",2009,8,"Before",0,0,0.762135722060647,0,0,0.237864277939353,0,0,68,3.624,1.197571744,0.188376953,294,"SITE14",2009-08-29,9.630833333,"LaminariaEast","Cook","Laminaria",-1.22238715234049,0.549730049858397,0.0253098883967989
"142",142,"BL2373",2019,8,"Heatwave",0,0,0,0.753357989774829,0,0,0.246642010225171,0,72,5.675,2.764757709,0.461672886,855,"SITE2",2019-08-24,13.21541667,"CobblePoint","ALB","Eelgrass",1.24170979045131,-0.624120783184595,-0.0943087261313666
"143",143,"BL2101",2013,8,"Before",0,0.749011368944087,0,0,0,0.250988631055913,0,0,78,3.9715,0.163666121,-0.140592708,498,"SITE2",2013-08-27,9.402083333,"CobblePoint","ALB","Eelgrass",0.0698061145617856,0.874584151215975,-0.588925572482834
"144",144,"BL2432",2012,8,"Before",0,0.743476455453666,0.107419122753201,0,0,0.097711361835153,0,0.0513930599579798,76,4.83871,0.763219949,0.136529049,460,"SITE15",2012-08-29,9.817916667,"EelgrassSouth","Cook","Eelgrass",0.070648316179813,0.839156921426748,-0.261164058860439
"145",145,"BL2202",2015,8,"Heatwave",0,0,0.0137803351422184,0.741781979680956,0.00973551089266018,0.0575391581849472,0.177163016099218,0,79,4.834,0.440628879,0.016891332,645,"SITE13",2015-08-26,12.72958333,"MiddleCove","Cook","Bare",0.668407761674319,-0.687257221330621,-0.309785448551854
"146",146,"BL2279",2017,8,"Between",0,0.732234842937516,0,0,0,0,0,0.267765157062484,92,6.908,0.230167921,-0.093042315,730,"SITE14",2017-08-22,10.58541667,"LaminariaEast","Cook","Laminaria",0.447848205670577,0.844661814248169,0.154825242555871
"147",147,"BL2192",2018,8,"Between",0.00463309592030174,0.0153952610524005,0.126252760463486,0,0,0,0,0.853718882563812,77,4.9431,0.795047642,0.117806323,775,"SITE10",2018-08-21,10.16416667,"EelgrassNorth","Cook","Eelgrass",-0.0424105774684881,-0.0831744815378226,0.994841336105239
"148",148,"BL2220",2015,8,"Heatwave",0,0,0,0.72662257650816,0,0,0.27337742349184,0,99,10.629,0.995389971,0.113095969,645,"SITE13",2015-08-26,12.72958333,"MiddleCove","Cook","Bare",1.27788800735422,-0.593037987864572,-0.0640458397188814
"149",149,"BL0200",2009,8,"Before",0,0.0140252974134962,0,0.263735094332117,0,0,0,0.722239608254387,69,3.672,0.495642702,0.156788261,275,"SITE1",2009-08-24,9.311666667,"EelgrassPatches","ALB","Eelgrass",0.503929405051123,-0.454863201097517,0.782039076960754
"150",150,"BL2269",2017,8,"Between",0,0,0.718564784009236,0,0,0,0,0.281435215990764,90,6.524,0.415389332,-0.082867248,730,"SITE14",2017-08-22,10.58541667,"LaminariaEast","Cook","Laminaria",-0.679966951486526,0.324884142570357,0.764977266371284
"151",151,"BL0556",2008,8,"Before",0.00157097374631478,0,0.280718814785083,0,0,0.716652554413601,0,0.00105765705500159,61,1.6251,0.02461387,-0.280658518,207,"SITE3",2008-08-23,9.508333333,"EelgrassPoint","ALB","Eelgrass",-0.884343472809326,0.0656579542377809,-0.588407634393794
"152",152,"BL2350",2019,8,"Heatwave",0,0,0.0387713280534361,0.708125473866004,0,0,0,0.25310319808056,89,9.1822,2.472174424,0.293159176,863,"SITE2",2019-08-25,13.305,"CobblePoint","ALB","Eelgrass",0.606143297538008,-0.681858216127383,0.091025983847758
"153",153,"BL2190",2018,8,"Between",0,0.148629826352381,0,0.144283964730322,0,0,0.707086208917297,0,90,8.7569,1.370347954,0.211487029,775,"SITE10",2018-08-21,10.16416667,"EelgrassNorth","Cook","Eelgrass",1.31797599546487,0.431441887463017,0.208769516747452
"154",154,"BL0478",2006,8,"Before",0,0,0.703769289480842,0,0,0,0.231174241545731,0.0650564689734275,55,1.7339,0.017302036,0.101507851,55,"SITE6",2006-08-21,10.3375,"BackBayEelgrass","ALB","Eelgrass",-0.701060633240107,0.513503751783565,0.698264405022031
"155",155,"BL2222",2015,8,"Heatwave",0,0,0,0.69567311216893,0,0,0.199114322767226,0.105212565063844,95,9.966,1.763997592,0.175102938,645,"SITE13",2015-08-26,12.72958333,"MiddleCove","Cook","Bare",0.908186261235164,-0.648108263712655,0.0183205219962391
"156",156,"BL2216",2015,8,"Heatwave",0,0,0,0.693309051665992,0.306690948334008,0,0,0,98,10.486,1.646957849,0.13066892,641,"SITE15",2015-08-26,12.72958333,"EelgrassSouth","Cook","Eelgrass",0.668104910531186,-0.948148691506505,-0.287048300791081
"157",157,"BL2260",2017,8,"Between",0,0,0.692503497602913,0.0275419336684251,0.0897907194374506,0.180803733804604,0.00936011548660696,0,80,5.089,0.550206327,0.029743174,710,"SITE6",2017-08-18,10.21708333,"BackBayEelgrass","ALB","Eelgrass",-0.818480144689713,0.269829811918905,0.181545667054919
"158",158,"BL2353",2019,8,"Heatwave",0,0,0,0.691580758298123,0,0,0,0.308419241701877,108,17.3275,1.872168518,0.335106135,855,"SITE2",2019-08-24,13.21541667,"CobblePoint","ALB","Eelgrass",0.71724605997174,-0.723959685821799,0.196514502181477
"159",159,"BL0712",2007,8,"Before",0.690334849293619,0,0.257496284094839,0,0,0,0,0.0521688666115428,66,1.9964,0.055099179,-0.316353565,122,"SITE3",2007-08-23,9.625833333,"EelgrassPoint","ALB","Eelgrass",-1.01510101038305,-0.438189902035873,0.576878540110696
"160",160,"BL0343",2006,8,"Before",0,0.687749317775271,0.312250682224729,0,0,0,0,0,89,8.3639,0.013151759,0.199817175,79,"SITE13",2006-08-27,10.54583333,"MiddleCove","Cook","Bare",-0.103045477832529,1.02785470440228,-0.01418513510434
"161",161,"BL0260",2006,8,"Before",0,0.138221610596103,0.175092618896227,0,0,0.68668577050767,0,0,60,2.1824,NA,0.064861278,65,"SITE10",2006-08-25,10.48958333,"EelgrassNorth","Cook","Eelgrass",-0.648729127466423,0.229613764872846,-0.700700877246267
"162",162,"BL2172",2018,8,"Between",0,0,0,0.146946900532434,0.168747901443807,0,0,0.68430519802376,110,14.2979,1.107155596,0.086682032,792,"SITE1",2018-08-23,10.34541667,"EelgrassPatches","ALB","Eelgrass",0.389951302731216,-0.418646788929055,0.877114815022297
"163",163,"BL0144",2009,8,"Before",0,0.0377092208798127,0.680017113690366,0,0,0,0,0.282273665429821,78,4.8796,0.36273465,0.065326684,273,"SITE8",2009-08-23,9.260416667,"WhiteRock","ALB","Bare",-0.587309495496163,0.321206276748924,0.713171031412283
"164",164,"BL2268",2017,8,"Between",0,0.674323320490184,0,0,0,0,0.034296287732843,0.291380391776973,78,4.456,0.45556553,-0.025485062,730,"SITE14",2017-08-22,10.58541667,"LaminariaEast","Cook","Laminaria",0.44800998722289,0.810171278742414,0.21866331825238
"165",165,"BL2412",2008,8,"Before",0,0,0,0,0.167485252462254,0,0.665753553701827,0.166761193835919,87,5.6971,1.655228099,-0.11448602,233,"SITE11",2008-08-27,9.787083333,"LaminariaNorth","Cook","Laminaria",0.929542703095734,0.243106284854889,0.842043084271908
"166",166,"BL2175",2018,8,"Between",0,0,0,0.122481863306606,0.119660175639557,0,0,0.757857961053837,112,14.2195,0.797496396,0.025955103,792,"SITE1",2018-08-23,10.34541667,"EelgrassPatches","ALB","Eelgrass",0.369347070611302,-0.390012680504392,0.943344389325638
"167",167,"BL2226",2015,8,"Heatwave",0,0.196366123756039,0,0.657054598570545,0,0,0,0.146579277673416,95,9.045,0.56053068,0.078135757,645,"SITE13",2015-08-26,12.72958333,"MiddleCove","Cook","Bare",0.783950137550237,-0.312085429596462,-0.128908639998758
"168",168,"BL0199",2009,8,"Before",0,0,0,0.656729109001498,0,0.05684415148161,0,0.286426739516892,55,1.9321,0.750478754,0.209742138,275,"SITE1",2009-08-24,9.311666667,"EelgrassPatches","ALB","Eelgrass",0.542597846622381,-0.717295118438474,0.0873108036030638
"169",169,"BL0727",2007,8,"Before",0.655235265557713,0,0.344764734442286,0,0,0,0,0,58,1.1164,0.035829452,-0.501543048,122,"SITE3",2007-08-23,9.625833333,"EelgrassPoint","ALB","Eelgrass",-1.25267057458245,-0.290041114543818,0.596565696531531
"170",170,"BL2430",2012,8,"Before",0,0.646683607391098,0.343179284178493,0,0,0,0,0.0101371084304086,84,7.23201,0.435148735,0.23163211,460,"SITE15",2012-08-29,9.817916667,"EelgrassSouth","Cook","Eelgrass",-0.142342413554909,0.970616055700413,0.0255161570263009
"171",171,"BL2435",2012,8,"Before",0,0.645890598911256,0.0496833045966294,0,0.229598775098931,0.024259335234734,0,0.0505679861584502,66,3.00482,0.223307885,0.092518543,460,"SITE15",2012-08-29,9.817916667,"EelgrassSouth","Cook","Eelgrass",0.299349553636914,0.764382503454847,-0.211952948098525
"172",172,"BL2424",2012,8,"Before",0,0.644168296129378,0.179359173411569,0,0,0.176472530459053,0,0,54,1.48231,1.065229271,0.000978267,462,"SITE14",2012-08-29,9.817916667,"LaminariaEast","Cook","Laminaria",-0.138374064970131,0.833151225808695,-0.320787464269472
"173",173,"BL2282",2017,8,"Between",0,0.641107229369966,0.2755270842852,0,0.0833656863448335,0,0,0,53,1.4264,0.637969714,0.019823626,735,"SITE10",2017-08-23,10.64958333,"EelgrassNorth","Cook","Eelgrass",-0.0573384922713551,0.951490673446099,-0.0297437117804816
"174",174,"BL2124",2013,8,"Before",0,0.146505818768715,0.635145681581686,0,0,0,0,0.2183484996496,83,5.525,0.186425339,-0.000893428,523,"SITE15",2013-08-30,9.54375,"EelgrassSouth","Cook","Eelgrass",-0.501471127239301,0.464521255799924,0.569130062409625
"175",175,"BL0521",2006,8,"Before",0,0.0773755656108598,0,0.291402714932127,0.631221719457014,0,0,0,73,4.262,0.079774754,0.133062947,39,"SITE6",2006-08-19,10.35041667,"BackBayEelgrass","ALB","Eelgrass",0.852495543145589,-0.0889660333764205,-0.788791121084382
"176",176,"BL2265",2017,8,"Between",0,0.30254345342769,0,0,0.630542296881592,0,0.0144516122916203,0.0524626373990985,76,4.254,0.173953926,0.00774061,719,"SITE2",2017-08-19,10.4175,"CobblePoint","ALB","Eelgrass",0.614870027260306,0.528999660620488,-0.634685753499394
"177",177,"BL2213",2018,8,"Between",0,0.0211337535618686,0.629090752093947,0,0,0,0.295095414903722,0.0546800794404628,77,4.554,1.060606061,0.035819626,781,"SITE13",2018-08-21,10.16416667,"MiddleCove","Cook","Bare",-0.595658130720754,0.510511215603994,0.688878787324731
"178",178,"BL0296",2006,8,"Before",0,0,0,0.35237610725401,0.0193525320363393,0,0,0.62827136070965,94,9.8399,0.049797254,0.194804408,67,"SITE9",2006-08-25,10.48958333,"EelgrassWest","Cook","Eelgrass",0.539824351168286,-0.556195765320506,0.666602365996947
"179",179,"BL0729",2007,8,"Before",0.6280111942968,0,0.0336257057682269,0.0209984532012198,0,0,0,0.317364646733753,50,0.765,0.091503268,-0.424609588,122,"SITE3",2007-08-23,9.625833333,"EelgrassPoint","ALB","Eelgrass",-0.435639946218229,-0.762529341571906,0.743992377272807
"180",180,"BL0422",2006,8,"Before",0,0,0.359172364637924,0,0,0.6236047178465,0,0.0172229175155753,53,1.3455,0.014864363,-0.03856447,65,"SITE10",2006-08-25,10.48958333,"EelgrassNorth","Cook","Eelgrass",-0.926376716779668,0.142836222665538,-0.464304593016744
"181",181,"BL2200",2015,8,"Heatwave",0,0,0,0.380991221937388,0,0,0.619008778062612,0,99,12.0643,0.510597382,0.239760533,645,"SITE13",2015-08-26,12.72958333,"MiddleCove","Cook","Bare",1.5528329217198,-0.165321689023837,0.298717982819591
"182",182,"BL2230",2014,8,"Heatwave",0,0,0,0,0.383186636857406,0,0,0.616813363142594,112,14.412,1.572994727,0.039402034,565,"SITE5",2014-08-20,11.07583333,"Laminaria2","ALB","Laminaria",0.200289025584163,-0.327932654758216,1.06678079392469
"183",183,"BL0713",2007,8,"Before",0.616771270323928,0,0.35252573498288,0,0,0.0285594117878929,0,0.00214358290529935,58,1.2452,0.040154192,-0.392356111,122,"SITE3",2007-08-23,9.625833333,"EelgrassPoint","ALB","Eelgrass",-1.09994180096622,-0.30537971637112,0.510346019004603
"184",184,"BL0554",2008,8,"Before",0.0666296095560534,0.0567021780454019,0.196970786317666,0,0.0322940520736822,0.611979698631201,0,0.0354236753759958,67,1.7521,0.039952058,-0.49297665,207,"SITE3",2008-08-23,9.508333333,"EelgrassPoint","ALB","Eelgrass",-0.684880661501606,0.026859956748046,-0.516148542884777
"185",185,"BL2229",2014,8,"Heatwave",0,0,0,0,0,0,0.607411601915315,0.392588398084685,96,8.986,0.950367238,0.03949587,565,"SITE5",2014-08-20,11.07583333,"Laminaria2","ALB","Laminaria",0.717261093107957,0.121511307872591,1.01952368660127
"186",186,"BL2284",2017,8,"Between",0,0.270404478150957,0,0,0,0,0.125090285301553,0.60450523654749,83,5.925,0.511392405,0.069004012,735,"SITE10",2017-08-23,10.64958333,"EelgrassNorth","Cook","Eelgrass",0.423303486751178,0.346367625318238,0.778798387586742
"187",187,"BL2096",2013,8,"Before",0,0.601504568681326,0,0,0,0,0,0.398495431318674,65,2.5052,0.746447389,-0.042534226,507,"SITE15",2013-08-28,9.385416667,"EelgrassSouth","Cook","Eelgrass",0.434543689696441,0.70753231229808,0.392333270495334
"188",188,"BL2365",2019,8,"Heatwave",0,0.0169055685531588,0.0158509115875414,0.600078611114847,0.0294447133272434,0.0164538695415304,0,0.321266325875679,82,7.175,2.724738676,0.297579266,855,"SITE2",2019-08-24,13.21541667,"CobblePoint","ALB","Eelgrass",0.555950702150533,-0.603746952023137,0.185584221673115
"189",189,"BL2433",2012,8,"Before",0,0.59873257287706,0.29169835234474,0,0.1095690747782,0,0,0,69,3.60316,0.469032738,0.137863026,460,"SITE15",2012-08-29,9.817916667,"EelgrassSouth","Cook","Eelgrass",-0.0855665305615605,0.926158781665015,0.00561821629349179
"190",190,"BL2120",2013,8,"Before",0,0.595189003436426,0.323024054982818,0,0,0,0,0.081786941580756,76,4.4008,0.227231412,0.041667236,523,"SITE15",2013-08-30,9.54375,"EelgrassSouth","Cook","Eelgrass",-0.103969731543816,0.853786357316213,0.111084041684429
"191",191,"BL0252",2006,8,"Before",0,0,0.591808579670315,0,0,0.408191420329685,0,0,60,2.1019,0.366335221,0.027277787,65,"SITE10",2006-08-25,10.48958333,"EelgrassNorth","Cook","Eelgrass",-1.15886151971915,0.424434932489753,-0.234079563950662
"192",192,"BL2362",2019,8,"Heatwave",0,0,0,0.591282894736842,0,0,0.305921052631579,0.102796052631579,83,6.456,1.897459727,0.154833256,855,"SITE2",2019-08-24,13.21541667,"CobblePoint","ALB","Eelgrass",0.986651273729266,-0.486805451918961,0.11421190495221
"193",193,"BL0295",2006,8,"Before",0,0.124971264367816,0,0.0887068965517241,0,0,0,0.78632183908046,89,8.2814,0.056753689,0.189904385,67,"SITE9",2006-08-25,10.48958333,"EelgrassWest","Cook","Eelgrass",0.3937053015409,-0.0548615102715716,0.894654290528043
"194",194,"BL0204",2009,8,"Before",0,0,0,0,0.309030028252514,0,0,0.690969971747486,65,2.7489,0.065480738,0.050298034,3004,"SITE18",2009-08-25,9.427083333,"Piller","Offshore","Offshore",0.220532708827295,-0.284777588681348,1.08201584580662
"195",195,"BL2274",2017,8,"Between",0,0,0.211423444976077,0,0.579545454545455,0.209031100478469,0,0,88,6.5657,0.321367105,-0.007614258,724,"SITE8",2017-08-19,10.4175,"WhiteRock","ALB","Bare",-1.01253894960255,0.168298764615954,-0.0745276552664845
"196",196,"BL2280",2017,8,"Between",0,0,0.575138556776489,0,0.424861443223511,0,0,0,77,4.3565,0.03443131,-0.008517359,730,"SITE14",2017-08-22,10.58541667,"LaminariaEast","Cook","Laminaria",-0.983708942415974,0.516944593737595,0.503386643461115
"197",197,"BL2185",2018,8,"Between",0,0.426335692792358,0.573664307207642,0,0,0,0,0,65,2.8485,1.018079691,0.085889742,781,"SITE13",2018-08-21,10.16416667,"MiddleCove","Cook","Bare",-0.430008627119573,0.966533036031445,0.195358868232899
"198",198,"BL2436",2012,8,"Before",0,0,0.366398540017474,0,0,0.56590237926662,0.0412950488444691,0.0264040318714373,58,2.0735,1.070653484,0.11758573,454,"SITE5",2012-08-24,9.102916667,"Laminaria2","ALB","Laminaria",-0.80972297146507,0.15233284344783,-0.382679701034839
"199",199,"BL0375",2006,8,"Before",0,0.347362741041555,0.036709807870626,0,0,0,0.053147015869721,0.562780435218098,87,7.4837,0.014698612,0.158284029,65,"SITE10",2006-08-25,10.48958333,"EelgrassNorth","Cook","Eelgrass",0.325600344849659,0.419597971139913,0.657354733936518
"200",200,"BL2355",2019,8,"Heatwave",0,0,0,0.55982905982906,0,0,0,0.44017094017094,79,5.559,1.86364454,0.156635286,855,"SITE2",2019-08-24,13.21541667,"CobblePoint","ALB","Eelgrass",0.664862336255215,-0.657205586651104,0.397547341740414
"201",201,"BL2099",2013,8,"Before",0,0.444341181330029,0,0,0,0,0.555658818669971,0,74,3.9917,NA,0.025838937,498,"SITE2",2013-08-27,9.402083333,"CobblePoint","ALB","Eelgrass",0.951018111524364,0.92469255745818,0.185819764234961
"202",202,"BL0533",2006,8,"Before",0,0,0.257366976238094,0,0,0.601774799557609,0,0.140858224204297,58,1.7221,0.522617734,-0.068107795,39,"SITE6",2006-08-19,10.35041667,"BackBayEelgrass","ALB","Eelgrass",-0.727977962573615,-0.0172418321216793,-0.382421723296354
"203",203,"BL0126",2009,8,"Before",0,0,0,0.546056635600962,0,0,0,0.453943364399038,76,4.3411,1.29460275,0.028008665,269,"SITE1",2009-08-23,9.260416667,"EelgrassPatches","ALB","Eelgrass",0.661951114116356,-0.658454701254675,0.415606490084797
"204",204,"BL2201",2015,8,"Heatwave",0,0,0,0.533946251768034,0.146570014144272,0,0.319483734087694,0,101,10.7229,0.738606161,0.060587456,645,"SITE13",2015-08-26,12.72958333,"MiddleCove","Cook","Bare",1.21152981440975,-0.354466932084086,-0.0166613909953428
"205",205,"BL2276",2017,8,"Between",0,0.80980719309395,0.0076450049040763,0,0,0,0.146812826369311,0.035734975632662,75,5.056,0.644778481,0.221054492,730,"SITE14",2017-08-22,10.58541667,"LaminariaEast","Cook","Laminaria",0.496812461796709,0.93713033064532,-0.138278468317865
"206",206,"BL2125",2013,8,"Before",0,1,0,0,0,0,0,0,93,9.8656,0.075008109,0.230194947,523,"SITE15",2013-08-30,9.54375,"EelgrassSouth","Cook","Eelgrass",0.498266974033675,1.24712630902332,-0.300289906347478
"207",207,"BL2196",2018,8,"Between",0,0,0.46977988361008,0,0,0.53022011638992,0,0,69,2.7962,0.944138474,-0.115686859,775,"SITE10",2018-08-21,10.16416667,"EelgrassNorth","Cook","Eelgrass",-1.09804404651208,0.322568290568895,-0.404998257269865
"208",208,"BL2423",2012,8,"Before",0,0.523204667582125,0,0,0.0121007075541415,0.0384042275889683,0,0.426290397274765,56,1.97272,2.611622531,0.175319428,462,"SITE14",2012-08-29,9.817916667,"LaminariaEast","Cook","Laminaria",0.368132956137643,0.593987258006556,0.360509279438097
"209",209,"BL2271",2017,8,"Between",0,0,0.52053306445476,0,0,0.47946693554524,0,0,55,1.33,0.706766917,-0.163686414,730,"SITE14",2017-08-22,10.58541667,"LaminariaEast","Cook","Laminaria",-1.13324984818565,0.375372775267263,-0.323636662247383
"210",210,"BL2206",2015,8,"Heatwave",0,0,0,0.353565365025467,0,0,0,0.646434634974533,106,11.8575,1.393211048,0.013065132,645,"SITE13",2015-08-26,12.72958333,"MiddleCove","Cook","Bare",0.556110227842318,-0.577510030417292,0.701469330716605
"211",211,"BL2418",2012,8,"Before",0,0.250505928124651,0.0105544496134825,0,0,0.518063356663986,0,0.22087626559788,61,2.20674,0.407388274,0.025288443,461,"SITE9",2012-08-29,9.817916667,"EelgrassWest","Cook","Eelgrass",-0.207910809034207,0.197354236162766,-0.543625070501639
"212",212,"BL0384",2006,8,"Before",0,0,0,0,0,0,0.514295676429568,0.485704323570432,68,3.0275,0.003303055,0.008535762,65,"SITE10",2006-08-25,10.48958333,"EelgrassNorth","Cook","Eelgrass",0.666122713045458,0.0902570220058284,1.03668113905228
"213",213,"BL2181",2018,8,"Between",0,0.0825899615444452,0.404601622500058,0,0,0,0.512808415955497,0,82,6.4435,1.35640568,0.190048376,781,"SITE13",2018-08-21,10.16416667,"MiddleCove","Cook","Bare",-0.378152844391746,0.699606759957297,0.708963171561171
"214",214,"BL0293",2006,8,"Before",0,0.512570672440755,0,0,0,0,0.487429327559245,0,96,8.6291,0.018541911,-0.001031728,67,"SITE9",2006-08-25,10.48958333,"EelgrassWest","Cook","Eelgrass",0.903624723294269,0.950055133540104,0.135840364592221
"215",215,"BL2411",2008,8,"Before",0.0262337425754944,0.50769140091008,0,0,0.0143633914042997,0.451711465110126,0,0,79,5.2603,0.961922324,0.101405109,233,"SITE11",2008-08-27,9.787083333,"LaminariaNorth","Cook","Laminaria",-0.177278387914333,0.566847675208332,-0.697199474536362
"216",216,"BL2210",2018,8,"Between",0,0.507670964235089,0.492329035764911,0,0,0,0,0,92,7.8224,1.002249949,0.031268938,781,"SITE13",2018-08-21,10.16416667,"MiddleCove","Cook","Bare",-0.328932606672984,0.994841732579147,0.125719417484948
"217",217,"BL2231",2014,8,"Heatwave",0,0.0828879594214247,0.184106973271285,0,0.112723451295511,0,0,0.62028161601178,101,10.907,0.464839094,0.0776106,565,"SITE5",2014-08-20,11.07583333,"Laminaria2","ALB","Laminaria",-0.0131538586831376,0.058605143229528,0.77251658023233
"218",218,"BL2219",2015,8,"Heatwave",0,0,0,0.506257192174914,0.0313650747986191,0,0,0.462377733026467,90,7.54,1.76127321,0.06186725,645,"SITE13",2015-08-26,12.72958333,"MiddleCove","Cook","Bare",0.62026367939778,-0.626920252241149,0.429687972384806
"219",219,"BL2098",2013,8,"Before",0,0,0.494177243895444,0,0,0.505822756104556,0,0,74,3.8584,1.383993365,-0.008125678,500,"SITE3",2013-08-27,9.402083333,"EelgrassPoint","ALB","Eelgrass",-1.11481372685379,0.347630422697821,-0.376573327754451
"220",220,"BL2209",2015,8,"Heatwave",0,0,0,0.502753817792849,0.231724663738365,0,0.265521518468786,0,98,9.9421,0.406352783,0.077406152,645,"SITE13",2015-08-26,12.72958333,"MiddleCove","Cook","Bare",1.20026631457276,-0.299184856311781,-0.0772237667446441
"221",221,"BL0558",2008,8,"Before",0.200891882450548,0.49616283131741,0,0,0,0,0,0.302945286232042,57,1.6847,0.041550424,-0.036757337,207,"SITE3",2008-08-23,9.508333333,"EelgrassPoint","ALB","Eelgrass",0.271439558750646,0.595650257138689,0.424315077713134
"222",222,"BL2223",2015,8,"Heatwave",0,0,0,0.495958429561201,0.0722533817222039,0,0.431788188716595,0,102,12.626,1.148423887,0.193765723,645,"SITE13",2015-08-26,12.72958333,"MiddleCove","Cook","Bare",1.30379351474345,-0.288406296139139,0.0797303021726847
"223",223,"BL2434",2012,8,"Before",0,0.477805184222697,0.49541865791618,0,0,0,0,0.0267761578611227,65,3.9955,0.445501189,0.42426593,460,"SITE15",2012-08-29,9.817916667,"EelgrassSouth","Cook","Eelgrass",-0.336843310850607,0.908387318538368,0.163370208992622
"224",224,"BL2170",2018,8,"Between",0,0.49307689315857,0,0,0,0,0,0.50692310684143,130,22.1065,0.947232714,0.0104036,792,"SITE1",2018-08-23,10.34541667,"EelgrassPatches","ALB","Eelgrass",0.415372515150057,0.610248935986272,0.564511155696806
"225",225,"BL2102",2013,8,"Before",0,0.493025798462551,0,0,0,0.506974201537449,0,0,73,3.6158,2.013385696,-0.031362455,498,"SITE2",2013-08-27,9.402083333,"CobblePoint","ALB","Eelgrass",-0.205322801025037,0.598216055281118,-0.784089113850798
"226",226,"BL0476",2006,8,"Before",0,0,0.392448353828027,0,0,0,0.49220360033301,0.115348045838963,58,2.0603,0.038829297,0.111199332,55,"SITE6",2006-08-21,10.3375,"BackBayEelgrass","ALB","Eelgrass",-0.358938574191276,0.424143352035984,0.824827072942915
"227",227,"BL2224",2015,8,"Heatwave",0,0,0,0.307442298634008,0.20357983984927,0,0.488977861516722,0,95,10.147,1.442790973,0.193101734,645,"SITE13",2015-08-26,12.72958333,"MiddleCove","Cook","Bare",1.36198156175134,-0.0835554831212192,0.224940100944158
"228",228,"BL0374",2006,8,"Before",0,0,0.206876544392687,0,0.0452598609090924,0.222740014690508,0.488662583975768,0.036460996031944,66,3.1383,0.015932193,0.135982129,65,"SITE10",2006-08-25,10.48958333,"EelgrassNorth","Cook","Eelgrass",-0.420569657013318,-0.0388507189957296,-0.0402110966775286
"229",229,"BL2266",2017,8,"Between",0,0,0,0.486344935445105,0,0.353718570003659,0.159936494551236,0,82,5.206,0.145985401,-0.023211689,730,"SITE14",2017-08-22,10.58541667,"LaminariaEast","Cook","Laminaria",0.26332177369225,-0.556401576828238,-0.612741287466171
"230",230,"BL0286",2006,8,"Before",0,0,0.214433234965103,0,0.276247618991324,0.482650001699401,0,0.0266691443441716,64,2.4204,0.008263097,-0.029448103,82,"SITE15",2006-08-28,10.68708333,"EelgrassSouth","Cook","Eelgrass",-0.77293298420661,0.00284091259835818,-0.380973437166093
"231",231,"BL2375",2019,8,"Heatwave",0,0,0.0637558050182085,0.0490010357154789,0.393009755771608,0,0.0129222211085497,0.481311182386155,97,10.194,1.264469296,0.133864395,855,"SITE2",2019-08-24,13.21541667,"CobblePoint","ALB","Eelgrass",0.0898354073691531,-0.357103988805311,0.824443733115653
"232",232,"BL2108",2013,8,"Before",0,0.316226794125797,0.126974231088944,0,0,0,0,0.556798974785259,74,4.3732,1.189060642,0.117116739,523,"SITE15",2013-08-30,9.54375,"EelgrassSouth","Cook","Eelgrass",0.148710919887631,0.387687622872407,0.624401379377882
"233",233,"BL0714",2007,8,"Before",0.469344779230036,0,0.15824926724217,0,0,0.0469641558862907,0,0.325441797641503,56,1.0177,0.049130392,-0.486548694,122,"SITE3",2007-08-23,9.625833333,"EelgrassPoint","ALB","Eelgrass",-0.563480986644877,-0.424737609004856,0.629049827772441
"234",234,"BL2104",2013,8,"Before",0.330655523641189,0,0.465329235473273,0,0,0.204015240885538,0,0,73,2.6245,NA,-0.351785185,498,"SITE2",2013-08-27,9.402083333,"CobblePoint","ALB","Eelgrass",-1.22672283066501,0.0458567470492815,0.164276431135178
"235",235,"BL2093",2013,8,"Before",0,0.0986069147434161,0.231138790458392,0,0.458338388026667,0.211915906771525,0,0,69,2.7607,0.575940885,-0.128463941,507,"SITE15",2013-08-28,9.385416667,"EelgrassSouth","Cook","Eelgrass",-0.638014383331196,0.40161276222147,-0.215717919584161
"236",236,"BL2227",2015,8,"Heatwave",0,0,0.451305135379915,0.306758857482731,0.241936007137353,0,0,0,85,5.699,0.549219161,-0.042867969,645,"SITE13",2015-08-26,12.72958333,"MiddleCove","Cook","Bare",-0.0437550835340817,-0.528504439840501,0.0555748994096432
"237",237,"BL2221",2015,8,"Heatwave",0,0,0,0.427814787357342,0,0,0.0874468784914014,0.484738334151257,105,14.137,1.248496852,0.217953323,645,"SITE13",2015-08-26,12.72958333,"MiddleCove","Cook","Bare",0.674752645429065,-0.530631555702977,0.512536461216034
"238",238,"BL2367",2019,8,"Heatwave",0,0,0,0.439269348848118,0,0,0,0.560730651151882,133,34.736,1.528385537,0.392379266,863,"SITE2",2019-08-25,13.305,"CobblePoint","ALB","Eelgrass",0.612862888841962,-0.615061247187506,0.553495390907263
"239",239,"BL2416",2012,8,"Before",0,0.438384521492429,0.187697934879425,0,0,0,0.373917543628146,0,95,10.40589,0.71978466,0.21829563,461,"SITE9",2012-08-29,9.817916667,"EelgrassWest","Cook","Eelgrass",0.151958642567326,0.920398271847581,0.295417529090865
"240",240,"BL0890",2010,8,"Before",0,0.66354098120933,0,0,0,0,0,0.33645901879067,79,5.5883,0.075157024,0.161892176,333,"SITE15",2010-08-23,10.42416667,"EelgrassSouth","Cook","Eelgrass",0.441021261349069,0.777152365107549,0.28351198654375
"241",241,"BL2439",2012,8,"Before",0.185026623494234,0,0.14769518779923,0,0,0.437238982348672,0,0.230039206357864,48,1.19755,0.185378481,0.148671148,454,"SITE5",2012-08-24,9.102916667,"Laminaria2","ALB","Laminaria",-0.660318629830208,-0.286723192705682,-0.150073207419549
"242",242,"BL2417",2012,8,"Before",0,0.181333156923872,0.431762222555062,0,0,0.267530493939295,0,0.119374126581772,69,3.08583,1.449853038,-0.017127547,461,"SITE9",2012-08-29,9.817916667,"EelgrassWest","Cook","Eelgrass",-0.56765528505271,0.394497823948821,-0.0112663266711029
"243",243,"BL2208",2015,8,"Heatwave",0,0,0,0.426091424812957,0.119444216065116,0,0.428066677628874,0.0263976814930527,80,5.5916,0.268259532,0.123927298,645,"SITE13",2015-08-26,12.72958333,"MiddleCove","Cook","Bare",1.10994365693192,-0.264819073474535,0.0930061116738513
"244",244,"BL2262",2017,8,"Between",0,0,0.390073999332759,0.414951000490746,0,0,0.194975000176495,0,87,6.4395,0.163056138,0.008007604,719,"SITE2",2017-08-19,10.4175,"CobblePoint","ALB","Eelgrass",0.224274402563835,-0.503773221544821,-0.021578052290371
"245",245,"BL0256",2006,8,"Before",0.0459480227699432,0.154574449015795,0.32007110072579,0,0.0679502552013295,0,0.411456172287142,0,64,2.2904,NA,-0.084654444,65,"SITE10",2006-08-25,10.48958333,"EelgrassNorth","Cook","Eelgrass",-0.267759694044045,0.632418571392279,0.53180875995598
"246",246,"BL2264",2017,8,"Between",0,0,0.234290984480641,0,0.406893348056873,0.326777198886179,0,0.0320384685763067,77,4.599,0.454446619,0.045652547,719,"SITE2",2017-08-19,10.4175,"CobblePoint","ALB","Eelgrass",-0.806013606454014,0.0220410080492708,-0.198618062837617
"247",247,"BL0880",2010,8,"Before",0,0.369232089194607,0.405709226348965,0,0.156838291089058,0,0,0.0682203933673699,64,2.8347,0.126997566,0.128555193,333,"SITE15",2010-08-23,10.42416667,"EelgrassSouth","Cook","Eelgrass",-0.270322365687912,0.719321723986669,0.219565660719028
"248",248,"BL2122",2013,8,"Before",0,0,0.349886621315193,0.106349206349206,0.143310657596372,0,0,0.400453514739229,87,6.9203,0.322240365,0.080015828,523,"SITE15",2013-08-30,9.54375,"EelgrassSouth","Cook","Eelgrass",-0.106955801444349,-0.119724741288281,0.592743245792354
"249",249,"BL0339",2006,8,"Before",0,0.397285530320458,0.303095466871333,0,0,0,0.299619002808209,0,89,7.668,0.039123631,0.112948174,79,"SITE13",2006-08-27,10.54583333,"MiddleCove","Cook","Bare",-0.0587232207948372,0.882493091004566,0.288879091922534
"250",250,"BL0553",2008,8,"Before",0,0.0933076287408336,0.391813709844572,0,0,0.330102535347668,0,0.184776126066926,54,1.0251,0.048775729,-0.367833246,207,"SITE3",2008-08-23,9.508333333,"EelgrassPoint","ALB","Eelgrass",-0.597022369294627,0.213578511765281,-0.0238853108629692
"251",251,"BL2421",2012,8,"Before",0,0.381890423207265,0.0353229488717177,0,0,0,0.218614413703725,0.364172214217292,60,2.40519,0.940050474,0.162064992,462,"SITE14",2012-08-29,9.817916667,"LaminariaEast","Cook","Laminaria",0.4246874366921,0.501952725107517,0.492271275721263
"252",252,"BL2205",2015,8,"Heatwave",0,0,0,0.099945919737431,0,0,0.317838094882888,0.582215985379681,93,8.048,1.394135189,0.026564602,645,"SITE13",2015-08-26,12.72958333,"MiddleCove","Cook","Bare",0.612057071707062,-0.153866778955225,0.929807403831246
"253",253,"BL2277",2017,8,"Between",0,0.716661727419408,0,0,0,0,0,0.283338272580592,96,8.9207,0.209624805,0.032202478,730,"SITE14",2017-08-22,10.58541667,"LaminariaEast","Cook","Laminaria",0.443356390612236,0.844026453664483,0.172305412636186
"254",254,"BL2089",2013,8,"Before",0,0.365279910651961,0.27031271813486,0,0,0.364407371213179,0,0,67,2.9768,0.530771298,0.03705718,507,"SITE15",2013-08-28,9.385416667,"EelgrassSouth","Cook","Eelgrass",-0.447156332786172,0.594308160812148,-0.385269660881778
"255",255,"BL0259",2006,8,"Before",0,0.247923690039355,0.351460095675363,0,0,0,0.0946332788879256,0.305982935397356,60,2.0481,NA,0.001348624,65,"SITE10",2006-08-25,10.48958333,"EelgrassNorth","Cook","Eelgrass",-0.0970715758060156,0.446211702512365,0.511978537687204
"256",256,"BL2366",2019,8,"Heatwave",0,0.0702108726056525,0.0355261356148761,0.350649741516144,0.295403108065201,0.237725395220023,0,0.0104847469781036,72,4.263,1.843771992,0.17557546,855,"SITE2",2019-08-24,13.21541667,"CobblePoint","ALB","Eelgrass",0.193884943661337,-0.399884388947384,-0.549985617887704
"257",257,"BL0887",2010,8,"Before",0.016603914181057,0,0.32885852433281,0.0133647305075876,0.0390057561486133,0.214351941391941,0.0133647305075876,0.374450402930403,70,3.5078,0.114031587,0.066937932,333,"SITE15",2010-08-23,10.42416667,"EelgrassSouth","Cook","Eelgrass",-0.416224303164139,-0.0322724955020987,0.299201181747578
"258",258,"BL0129",2009,8,"Before",0,0.26958766808699,0.228574961263903,0,0.301387582314205,0,0,0.200449788334901,73,4.2042,1.800580372,0.119408439,273,"SITE8",2009-08-23,9.260416667,"WhiteRock","ALB","Bare",-0.0859928549215326,0.443066385287903,0.350838995907031
"259",259,"BL0145",2009,8,"Before",0.0614972916706789,0.0690791589142433,0,0,0.256120038213191,0.0792887623101317,0,0.534014748891755,74,4.9482,0.42439675,0.240645606,273,"SITE8",2009-08-23,9.260416667,"WhiteRock","ALB","Bare",0.0107267481840583,-0.234594499139382,0.694216689364938
