"","FISHID","Year","Month","StomachWW_g","ContentsWW_g","SL_mm","WholeBodyWW_g","Heatwave","StomachFullness","sqrtFullness"
"1","BL2289","2017","7",0.42584,0.38072,70,4.179,"Between",0.100234843139526,0.316598867874676
"2","BL2326","2017","7",0.27456,0.20551,64,3.017,"Between",0.0730964719774924,0.270363592181884
"3","BL2028","2018","7",0.33804,0.28613,78,4.961,"Between",0.0612059800593385,0.2473984237204
"4","BL2330","2017","7",0.07259,0.06081,47,1.204,"Between",0.0531932574637637,0.230636635129295
"5","BL2384","2019","7",0.17553,0.14424,63,2.8714,"Heatwave",0.0528901861276933,0.229978664505413
"6","BL2448","2012","7",0.13735,0.10281,56,2.06507,"Before",0.052393668525068,0.228896632839079
"7","BL2309","2015","7",0.03644,0.02846,47,0.59,"Heatwave",0.0506820529258824,0.225126748579289
"8","BL2454","2012","7",0.06354,0.04726,49,1.09027,"Before",0.0453111667193987,0.212864197833733
"9","BL2295","2017","7",0.09032,0.0779,58,1.822,"Between",0.0446648701335933,0.211340649505942
"10","BL2393","2019","7",0.06455,0.05258,47,1.2638,"Heatwave",0.0434107759118905,0.208352527970962
"11","BL2294","2017","7",0.1018,0.08156,58,2.0015,"Between",0.0424804941821099,0.20610796729411
"12","BL2404","2019","7",0.1377,0.09206,60,2.4155,"Heatwave",0.0396222841992907,0.199053470703956
"13","BL2406","2019","7",0.10509,0.0812,57,2.2227,"Heatwave",0.0379173476535139,0.194723772697413
"14","BL2453","2012","7",0.05809,0.03821,47,1.04952,"Before",0.0377826779128062,0.194377668246139
"15","BL2324","2017","7",0.02715,0.02167,40,0.597,"Between",0.0376653398918881,0.194075603546371
"16","BL2461","2012","7",0.0693,0.04781,52,1.35128,"Before",0.0366790183126577,0.191517671019302
"17","BL2443","2012","7",0.02732,0.02007,38,0.58094,"Before",0.0357836931909355,0.189165782294091
"18","BL2034","2018","7",0.12364,0.10549,67,3.0997,"Between",0.035231329799847,0.187700106019808
"19","BL2452","2012","7",0.02038,0.01294,36,0.39087,"Before",0.0342391448151774,0.185038225281095
"20","BL2444","2012","7",0.08576,0.05926,56,1.80906,"Before",0.0338667276260144,0.184029148848802
"21","BL2447","2012","7",0.02388,0.01677,34,0.52046,"Before",0.0332942881534277,0.182467224874572
"22","BL2332","2017","7",0.117,0.08589,62,2.71,"Between",0.0327310974006425,0.180917377276597
"23","BL2141","2014","7",0.06209,0.05152,56,1.6559,"Heatwave",0.0321120931450155,0.179198474170445
"24","BL2400","2019","7",0.04146,0.02968,46,0.9647,"Heatwave",0.0317426365211439,0.178164633193976
"25","BL0767","2007","7",0.01717,0.01323,40,0.4341,"Before",0.0314348848813173,0.177298857529645
"26","BL2134","2014","7",0.05632,0.03665,51,1.2243,"Heatwave",0.0308592598829622,0.175668038877202
"27","BL0760","2007","7",0.01598,0.01366,41,0.4597,"Before",0.0306250560487849,0.175000160139312
"28","BL2445","2012","7",0.09066,0.05961,55,2.01102,"Before",0.0305471428351807,0.174777409396011
"29","BL2460","2012","7",0.04811,0.02918,49,0.98845,"Before",0.0304189644208617,0.174410333469269
"30","BL0757","2007","7",0.02031,0.01601,46,0.5625,"Before",0.0292960529927355,0.171160897966608
"31","BL2441","2012","7",0.02265,0.01663,40,0.59564,"Before",0.0287214383171275,0.169474004841827
"32","BL2006","2018","7",0.23902,0.18741,86,6.8224,"Between",0.0282457094886352,0.168064599153526
"33","BL2458","2012","7",0.01962,0.01492,40,0.54667,"Before",0.0280582980724024,0.167506113537394
"34","BL2401","2019","7",0.06779,0.04089,51,1.5006,"Heatwave",0.0280124134245843,0.167369093397151
"35","BL0763","2007","7",0.01828,0.01167,40,0.4302,"Before",0.027883305856211,0.166982950795017
"36","BL2440","2012","7",0.03009,0.01891,40,0.70926,"Before",0.027391902658072,0.165504992849376
"37","BL2449","2012","7",0.06082,0.03741,50,1.41392,"Before",0.0271774269711081,0.164855776274622
"38","BL2456","2012","7",0.03102,0.01555,41,0.589,"Before",0.0271165751155288,0.164671111964208
"39","BL0773","2007","7",0.01883,0.01549,44,0.5901,"Before",0.0269574145942465,0.164187132852263
"40","BL2463","2012","7",0.0351,0.01891,42,0.72095,"Before",0.0269357871346362,0.164121257412427
"41","BL0764","2007","7",0.01434,0.01136,40,0.4351,"Before",0.0268088922452447,0.163734212201497
"42","BL2064","2013","7",0.04011,0.03134,48,1.2005,"Before",0.0268055698108043,0.163724066070949
"43","BL2455","2012","7",0.02322,0.01477,38,0.57778,"Before",0.0262339922914335,0.161969109065382
"44","BL2451","2012","7",0.01989,0.00938,35,0.37946,"Before",0.0253458711629918,0.159203866670982
"45","BL2457","2012","7",0.02221,0.01371,39,0.56384,"Before",0.0249213822187483,0.157865075994497
"46","BL2299","2016","7",0.07987,0.06745,65,2.859,"Heatwave",0.0241622037935914,0.155441962782227
"47","BL2329","2017","7",0.02794,0.02147,45,0.914,"Between",0.0240552138303474,0.155097433345454
"48","BL2383","2019","7",0.02778,0.01839,43,0.7979,"Heatwave",0.0235917435311927,0.153596040089557
"49","BL0769","2007","7",0.01541,0.01286,45,0.5643,"Before",0.0233207601914986,0.15271136235231
"50","BL2450","2012","7",0.02645,0.0131,36,0.57485,"Before",0.0233199821984869,0.152708815064772
"51","BL2399","2019","7",0.03768,0.02579,45,1.138,"Heatwave",0.0231880670017353,0.152276285093035
"52","BL2403","2019","7",0.08379,0.04687,56,2.0813,"Heatwave",0.0230383940464897,0.151784037522032
"53","BL2327","2017","7",0.09005,0.05739,64,2.558,"Between",0.022950400102375,0.151493894604288
"54","BL2387","2019","7",0.06432,0.03288,50,1.5055,"Heatwave",0.0223275522538061,0.149424068522464
"55","BL2143","2014","7",0.01977,0.01823,46,0.8545,"Heatwave",0.0217991796907697,0.147645452658623
"56","BL2158","2014","7",0.06841,0.0478,61,2.2528,"Heatwave",0.0216780045351474,0.147234522226098
"57","BL2139","2014","7",0.04164,0.03154,53,1.5043,"Heatwave",0.0214155734810831,0.146340607765183
"58","BL0768","2007","7",0.01474,0.01077,45,0.514,"Before",0.0214017447290503,0.146293351622862
"59","BL2335","2016","7",0.08965,0.06359,68,3.036,"Heatwave",0.0213934147711789,0.146264878802736
"60","BL2388","2019","7",0.06468,0.03684,54,1.7661,"Heatwave",0.0213039103431526,0.145958591193367
"61","BL2026","2018","7",0.17202,0.11751,82,5.7276,"Between",0.0209461880290691,0.144727979427162
"62","BL2165","2014","7",0.0283,0.02363,50,1.1525,"Heatwave",0.0209324368616404,0.144680464685597
"63","BL0772","2007","7",0.01604,0.01178,44,0.5762,"Before",0.0208709826016087,0.144467929318616
"64","BL0840","2010","7",0.02491,0.01841,45,0.9034,"Before",0.0208024949434457,0.144230700419313
"65","BL2325","2017","7",0.00947,0.00763,35,0.3748,"Between",0.0207805648609636,0.144154656050242
"66","BL2398","2019","7",0.02404,0.01574,42,0.7784,"Heatwave",0.0206382922927648,0.143660336532965
"67","BL0771","2007","7",0.01793,0.01204,48,0.5973,"Before",0.0205720534463315,0.143429611469639
"68","BL2442","2012","7",0.02427,0.01609,43,0.80869,"Before",0.0203002775674994,0.142479042555386
"69","BL2030","2018","7",0.13061,0.08613,75,4.3343,"Between",0.0202746123624996,0.142388947473108
"70","BL0062","2009","7",0.02097,0.01607,42,0.8157,"Before",0.02009679476758,0.141763164353721
"71","BL2007","2018","7",0.21151,0.14347,87,7.3014,"Between",0.0200435041974426,0.1415750832507
"72","BL2041","2018","7",0.04869,0.03975,58,2.0273,"Between",0.0199994968680033,0.141419577385889
"73","BL0765","2007","7",0.01346,0.00878,41,0.4488,"Before",0.0199536384709786,0.14125734837869
"74","BL0869","2010","7",0.02123,0.01703,44,0.8728,"Before",0.0199002068312748,0.14106809288877
"75","BL2245","2016","7",0.11047,0.07927,71,4.065,"Heatwave",0.019888452052698,0.141026423242944
"76","BL2386","2019","7",0.08281,0.04484,60,2.304,"Heatwave",0.019848085128986,0.140883232249214
"77","BL2154","2014","7",0.02893,0.02621,52,1.3521,"Heatwave",0.0197678540452074,0.140598200718243
"78","BL2144","2014","7",0.05283,0.04071,60,2.1194,"Heatwave",0.0195844498217627,0.139944452629473
"79","BL2147","2014","7",0.03994,0.03055,55,1.6153,"Heatwave",0.0192774885628648,0.138843395820128
"80","BL2446","2012","7",0.03657,0.01907,46,1.00923,"Before",0.0192595136139614,0.138778649705066
"81","BL2045","2018","7",0.1072,0.07225,70,3.8338,"Between",0.0192075075434329,0.138591152471696
"82","BL2068","2013","7",0.05813,0.03667,61,1.9713,"Before",0.0189545287729437,0.137675447240761
"83","BL2079","2013","7",0.03823,0.0298,55,1.6085,"Before",0.0188762906188636,0.137391013603014
"84","BL2058","2013","7",0.03751,0.02526,54,1.3697,"Before",0.018788491862783,0.137071119725429
"85","BL2238","2016","7",0.05806,0.04652,62,2.5306,"Heatwave",0.0187272551608644,0.136847561764411
"86","BL2316","2017","7",0.05712,0.04494,60,2.445,"Between",0.0187245318867028,0.136837611374588
"87","BL2031","2018","7",0.1947,0.10732,83,5.9426,"Between",0.0183915767538147,0.135615547610938
"88","BL2402","2019","7",0.04314,0.0244,49,1.3598,"Heatwave",0.0182716788977086,0.135172774247289
"89","BL2320","2017","7",0.05815,0.0384,64,2.183,"Between",0.0179054369113121,0.133811198751495
"90","BL2322","2017","7",0.07704,0.04971,65,2.835,"Between",0.0178473336708206,0.133593913300048
"91","BL2146","2014","7",0.03032,0.02273,50,1.2967,"Heatwave",0.0178418644081101,0.133573442001433
"92","BL2382","2019","7",0.03383,0.01401,43,0.8093,"Heatwave",0.0176162154685712,0.132726091890672
"93","BL2459","2012","7",0.01405,0.00658,35,0.3863,"Before",0.0173285578847572,0.131637980403671
"94","BL2307","2015","7",0.02408,0.0169,48,1.004,"Heatwave",0.0171208590821599,0.13084670069268
"95","BL0067","2009","7",0.01526,0.01286,42,0.7793,"Before",0.0167788737539794,0.129533292068022
"96","BL2306","2016","7",0.02673,0.02009,50,1.2247,"Heatwave",0.0166775968985813,0.129141770541453
"97","BL2054","2013","7",0.02107,0.01734,48,1.0588,"Before",0.0166497033011349,0.129033729315768
"98","BL2344","2016","7",0.05733,0.03756,62,2.302,"Heatwave",0.0165868824080126,0.128790071076976
"99","BL2292","2017","7",0.06603,0.03974,61,2.444,"Between",0.0165289943683295,0.128565136675265
"100","BL2395","2019","7",0.02975,0.01874,47,1.1572,"Heatwave",0.0164608330551798,0.128299778079231
"101","BL2462","2012","7",0.02372,0.01139,41,0.70391,"Before",0.0164471784208398,0.128246553251305
"102","BL0871","2010","7",0.02522,0.01661,46,1.0341,"Before",0.016324484761521,0.12776730709192
"103","BL0213","2009","7",0.01159,0.01026,40,0.6407,"Before",0.0162743480743608,0.127570953098112
"104","BL2138","2014","7",0.04071,0.02784,55,1.7441,"Heatwave",0.0162213184482538,0.127362939854001
"105","BL2080","2013","7",0.0486,0.04101,66,2.5744,"Before",0.0161877957993045,0.127231268952662
"106","BL0754","2007","7",0.02994,0.0094,45,0.5917,"Before",0.016142881676112,0.127054640513883
"107","BL0056","2009","7",0.01472,0.01085,40,0.6874,"Before",0.0160372478013451,0.126638255678705
"108","BL2049","2013","7",0.0141,0.01067,41,0.6868,"Before",0.0157809888630885,0.125622405895957
"109","BL2012","2018","7",0.01956,0.01272,44,0.822,"Between",0.015717674970344,0.125370151831862
"110","BL2314","2017","7",0.03113,0.02284,55,1.496,"Between",0.0155040864536099,0.124515406490964
"111","BL0831","2010","7",0.02611,0.0195,48,1.2807,"Before",0.0154614652711703,0.12434414047783
"112","BL2347","2016","7",0.06099,0.0463,67,3.046,"Heatwave",0.0154348768210154,0.124237179704851
"113","BL2156","2014","7",0.02186,0.01645,48,1.0833,"Heatwave",0.0154192248207339,0.12417417131084
"114","BL2235","2016","7",0.04793,0.03405,60,2.2458,"Heatwave",0.0153950491692099,0.124076787390752
"115","BL2130","2014","7",0.04066,0.02875,57,1.9004,"Heatwave",0.0153607779232228,0.123938605459408
"116","BL0063","2009","7",0.01374,0.01047,40,0.6926,"Before",0.0153489803996306,0.123891002093092
"117","BL2029","2018","7",0.23088,0.13559,95,9.2255,"Between",0.0149165393276721,0.122133285093262
"118","BL0759","2007","7",0.01707,0.00619,42,0.425,"Before",0.0147799718249325,0.121572907446242
"119","BL2061","2013","7",0.02226,0.01395,48,0.9591,"Before",0.0147595619742898,0.1214889376622
"120","BL2077","2013","7",0.02894,0.01809,50,1.2496,"Before",0.0146892838872604,0.121199355968835
"121","BL0770","2007","7",0.01192,0.00769,42,0.5319,"Before",0.0146696934434673,0.121118509912677
"122","BL0064","2009","7",0.01119,0.00989,40,0.6869,"Before",0.0146083514276008,0.120865013248668
"123","BL2331","2017","7",0.04445,0.02828,58,1.979,"Between",0.0144972112860892,0.120404365726867
"124","BL2407","2019","7",0.04381,0.02598,56,1.8473,"Heatwave",0.0142643796806712,0.119433578530793
"125","BL2015","2018","7",0.02465,0.01581,50,1.1251,"Between",0.0142523596174129,0.119383246803783
"126","BL2328","2017","7",0.01042,0.00742,38,0.531,"Between",0.014171664311089,0.119044799596996
"127","BL2048","2013","7",0.01262,0.01119,46,0.8044,"Before",0.014107235158407,0.118773882475934
"128","BL0774","2007","7",0.01044,0.00601,41,0.4361,"Before",0.0139738194331419,0.11821091080413
"129","BL2155","2014","7",0.00764,0.00566,35,0.4158,"Heatwave",0.0138001657970449,0.117474106921674
"130","BL2380","2019","7",0.04307,0.02091,53,1.5448,"Heatwave",0.013721462835244,0.117138647914529
"131","BL2016","2018","7",0.04888,0.02861,56,2.1241,"Between",0.0136531312485385,0.116846614193731
"132","BL2392","2019","7",0.02191,0.0125,45,0.9426,"Heatwave",0.0134394151166541,0.115928491392988
"133","BL2083","2013","7",0.02373,0.01797,53,1.3564,"Before",0.0134261784329401,0.115871387464465
"134","BL2025","2018","7",0.1189,0.07559,85,5.729,"Between",0.0133706913172758,0.11563170550189
"135","BL2464","2012","7",0.01343,0.00497,36,0.38005,"Before",0.0132505065586008,0.115110844661139
"136","BL0785","2010","7",0.02563,0.01945,50,1.4943,"Before",0.0131877818083195,0.114838067766397
"137","BL0243","2009","7",0.01146,0.01012,40,0.7776,"Before",0.0131860113618596,0.114830359060048
"138","BL2164","2014","7",0.02657,0.01714,53,1.3622,"Heatwave",0.0127429259661279,0.112884569211774
"139","BL2389","2019","7",0.05418,0.02285,56,1.8202,"Heatwave",0.0127131610426461,0.112752654259871
"140","BL0872","2010","7",0.0215,0.01354,46,1.08,"Before",0.0126962098906663,0.112677459550108
"141","BL2148","2014","7",0.03107,0.01906,55,1.5225,"Heatwave",0.0126775927206939,0.112594816580045
"142","BL0775","2007","7",0.01627,0.0058,43,0.4699,"Before",0.0124973066149537,0.111791353041967
"143","BL0854","2010","7",0.01351,0.00998,41,0.8203,"Before",0.0123161220258663,0.110978024968308
"144","BL0761","2007","7",0.00986,0.00535,44,0.4403,"Before",0.0123002643982067,0.110906557056861
"145","BL0838","2010","7",0.02302,0.01492,48,1.2295,"Before",0.01228408174019,0.11083357677252
"146","BL2167","2014","7",0.00775,0.00599,39,0.4964,"Heatwave",0.0122142696927061,0.11051818715807
"147","BL2060","2013","7",0.01299,0.0114,51,0.9474,"Before",0.0121794871794872,0.110360713931576
"148","BL2305","2016","7",0.02878,0.01904,54,1.5837,"Heatwave",0.0121687778814567,0.11031218373986
"149","BL2396","2019","7",0.02507,0.01438,48,1.2034,"Heatwave",0.0120939933726935,0.109972693759376
"150","BL2243","2016","7",0.0634,0.04324,70,3.623,"Heatwave",0.0120790220573446,0.109904604350066
"151","BL2150","2014","7",0.01707,0.01264,48,1.0616,"Heatwave",0.0120500305064063,0.109772630953286
"152","BL2166","2014","7",0.01689,0.01276,48,1.0789,"Heatwave",0.0119684094021423,0.109400225786523
"153","BL0848","2010","7",0.01729,0.01171,44,0.9981,"Before",0.0118715720962297,0.108956744152116
"154","BL2298","2016","7",0.04837,0.03,62,2.56,"Heatwave",0.0118577075098814,0.108893101296094
"155","BL2338","2016","7",0.02701,0.02153,61,1.838,"Heatwave",0.0118526592787109,0.108869919071849
"156","BL2038","2018","7",0.06627,0.03325,64,2.8464,"Between",0.0118194906066154,0.108717480685561
"157","BL2010","2018","7",0.06154,0.02894,62,2.5521,"Between",0.0114697442889076,0.107096892059983
"158","BL2252","2016","7",0.09331,0.05474,75,4.847,"Heatwave",0.011422585585924,0.106876496882729
"159","BL0755","2007","7",0.01074,0.00576,45,0.5224,"Before",0.0111489625270982,0.105588647718863
"160","BL2047","2013","7",0.01048,0.00869,43,0.7917,"Before",0.0110981979795916,0.105347985171011
"161","BL0758","2007","7",0.01231,0.00546,44,0.5157,"Before",0.0107008466603951,0.103444896734421
"162","BL2232","2016","7",0.05233,0.03194,70,3.044,"Heatwave",0.0106040384321693,0.102975911902587
"163","BL2346","2016","7",0.03827,0.02919,65,2.789,"Heatwave",0.0105768150706027,0.102843643802632
"164","BL0237","2009","7",0.00488,0.00391,33,0.3757,"Before",0.0105166895290352,0.102550911887877
"165","BL0799","2010","7",0.01957,0.01135,44,1.0962,"Before",0.0104622758906761,0.102285267222001
"166","BL0234","2009","7",0.01191,0.00862,43,0.8532,"Before",0.01020625636411,0.10102601825327
"167","BL0231","2009","7",0.00361,0.00292,30,0.2892,"Before",0.0101998043873131,0.100994080951871
"168","BL2042","2018","7",0.02095,0.01038,50,1.0296,"Between",0.0101842585506564,0.100917087505815
"169","BL0061","2009","7",0.00812,0.00523,37,0.5247,"Before",0.010067953876066,0.100339194117085
"170","BL2302","2016","7",0.02357,0.01816,57,1.822,"Heatwave",0.0100674117438354,0.100336492582885
"171","BL0873","2010","7",0.02005,0.01176,47,1.181,"Before",0.0100578153330368,0.100288660042085
"172","BL2017","2018","7",0.05992,0.027,65,2.7145,"Between",0.010046511627907,0.100232288350147
"173","BL2027","2018","7",0.03349,0.02041,60,2.0577,"Between",0.010018210465864,0.100091010914387
"174","BL0812","2010","7",0.01961,0.01257,48,1.2826,"Before",0.00989740399833075,0.0994856974561205
"175","BL2240","2016","7",0.03203,0.02365,63,2.4438,"Heatwave",0.00977212156271305,0.0988540417115712
"176","BL0072","2009","7",0.00854,0.00616,39,0.638,"Before",0.00974930362116992,0.0987385619764128
"177","BL0852","2010","7",0.01107,0.00819,42,0.8889,"Before",0.0092993153251354,0.096432957670785
"178","BL2394","2019","7",0.01422,0.00553,38,0.6063,"Heatwave",0.00920485377099389,0.095941929160268
"179","BL2286","2017","7",0.06121,0.03331,70,3.697,"Between",0.00909192644574186,0.0953515938290591
"180","BL0782","2010","7",0.02093,0.01223,49,1.3688,"Before",0.00901538438856823,0.0949493780314975
"181","BL2142","2014","7",0.00752,0.00661,45,0.7441,"Heatwave",0.00896283339435111,0.0946722419421401
"182","BL2308","2015","7",0.01661,0.01269,53,1.455,"Heatwave",0.00879838592258252,0.0937997117404021
"183","BL0839","2010","7",0.01873,0.00844,45,0.9678,"Before",0.00879753168779186,0.093795158125523
"184","BL2070","2013","7",0.01158,0.00968,49,1.1148,"Before",0.00875922976690314,0.0935907568454446
"185","BL0766","2007","7",0.02246,0.00573,47,0.6612,"Before",0.00874181884754451,0.0934976943434677
"186","BL2135","2014","7",0.00497,0.00497,37,0.5894,"Heatwave",0.00850401245658162,0.0922172026065724
"187","BL2301","2016","7",0.02037,0.01264,52,1.499,"Heatwave",0.00850399634005221,0.0922171152230008
"188","BL2337","2016","7",0.03386,0.01989,62,2.365,"Heatwave",0.00848147848075357,0.0920949427534084
"189","BL0066","2009","7",0.00955,0.00444,39,0.5301,"Before",0.00844652436936423,0.0919049746714737
"190","BL2236","2016","7",0.05085,0.03139,70,3.9249,"Heatwave",0.00806213416685716,0.0897893878298385
"191","BL0855","2010","7",0.0063,0.00453,36,0.5665,"Before",0.00806092851931598,0.0897826738258333
"192","BL0862","2010","7",0.00511,0.00334,32,0.42,"Before",0.00801612825805213,0.0895328334079299
"193","BL2129","2015","7",0.00619,0.00477,41,0.6125,"Heatwave",0.00784888025932569,0.0885939064457917
"194","BL2152","2014","7",0.01081,0.00772,48,1.005,"Heatwave",0.00774105567142628,0.0879832692699372
"195","BL2246","2016","7",0.07001,0.04154,80,5.553,"Heatwave",0.00753702285782715,0.0868160288070535
"196","BL0236","2009","7",0.0038,0.00295,34,0.3966,"Before",0.0074939667217071,0.0865677002218905
"197","BL2011","2018","7",0.02426,0.00899,50,1.2367,"Between",0.00732257617841347,0.0855720525546365
"198","BL0843","2010","7",0.01126,0.00729,45,1.0594,"Before",0.00692893328644343,0.0832402143584664
"199","BL2084","2013","7",0.01213,0.00726,54,1.0552,"Before",0.00692787755024143,0.0832338726135065
"200","BL2341","2016","7",0.04142,0.02255,70,3.283,"Heatwave",0.00691622322072107,0.0831638336100559
"201","BL0879","2010","7",0.02594,0.00989,50,1.4723,"Before",0.00676280933527533,0.0822363018093307
"202","BL0228","2009","7",0.00576,0.00421,37,0.6422,"Before",0.00659884951174783,0.0812333029720436
"203","BL2317","2017","7",0.09511,0.03769,85,5.753,"Between",0.00659456792369968,0.081206945045973
"204","BL2140","2014","7",0.0146,0.00953,55,1.486,"Heatwave",0.00645458424485428,0.080340427213541
"205","BL0833","2010","7",0.01658,0.00742,47,1.1626,"Before",0.00642324139960872,0.0801451271108152
"206","BL0245","2009","7",0.00819,0.00449,40,0.7048,"Before",0.00641144635946938,0.0800715077881601
"207","BL0779","2010","7",0.01828,0.00802,50,1.3156,"Before",0.00613346793312837,0.0783164601672495
"208","BL0216","2009","7",0.00334,0.00327,40,0.5445,"Before",0.00604179369214567,0.0777289758850949
"209","BL2253","2016","7",0.02542,0.01557,64,2.5966,"Heatwave",0.00603247540710492,0.0776690118844376
"210","BL2315","2017","7",0.04207,0.01619,63,2.712,"Between",0.00600561612279797,0.0774959103617602
"211","BL2408","2019","7",0.03123,0.00749,47,1.2722,"Heatwave",0.00592230629946786,0.0769565221372943
"212","BL2069","2013","7",0.01084,0.00576,48,0.9924,"Before",0.00583799562150328,0.0764067773270361
"213","BL2063","2013","7",0.01045,0.007,54,1.2271,"Before",0.0057372346528973,0.0757445354655853
"214","BL0225","2009","7",0.00319,0.00172,32,0.3282,"Before",0.00526831658907131,0.0725831701503269
"215","BL2287","2017","7",0.01222,0.00771,54,1.481,"Between",0.00523318559143142,0.0723407602353709
"216","BL0232","2009","7",0.00334,0.00239,36,0.4597,"Before",0.00522621416544576,0.0722925595441589
"217","BL0762","2007","7",0.01661,0.00207,41,0.4041,"Before",0.00514886948735169,0.0717556233848727
"218","BL2310","2015","7",0.011,0.00659,53,1.338,"Heatwave",0.00494963985549155,0.0703536769152227
"219","BL0844","2010","7",0.00648,0.00479,44,0.9804,"Before",0.00490974877256281,0.0700695994890995
"220","BL2323","2017","7",0.03773,0.00954,65,1.998,"Between",0.00479768262876799,0.0692653060974106
"221","BL2066","2013","7",0.00798,0.00451,49,0.9625,"Before",0.00470777356757377,0.0686132171492765
"222","BL0747","2007","7",0.01173,0.00305,48,0.6535,"Before",0.0046890614190176,0.0684767217309474
"223","BL0823","2010","7",0.00243,0.00134,30,0.2874,"Before",0.00468433195833042,0.0684421796725559
"224","BL2076","2013","7",0.00568,0.00389,44,0.871,"Before",0.00448616669165388,0.0669788525704486
"225","BL2290","2017","7",0.07032,0.01819,71,4.1499,"Between",0.0044025355119309,0.0663516051948323
"226","BL2250","2016","7",0.01804,0.01084,62,2.493,"Heatwave",0.00436716408289554,0.0660845222642605
"227","BL2001","2018","7",0.04026,0.0168,71,3.8704,"Between",0.00435955989204899,0.066026963371406
"228","BL0212","2009","7",0.00188,0.00166,35,0.4014,"Before",0.00415269925451543,0.0644414405062102
"229","BL2059","2013","7",0.00807,0.00375,51,0.9408,"Before",0.00400192092204258,0.0632607376027389
"230","BL0756","2007","7",0.0095,0.00196,43,0.4991,"Before",0.00394255139397353,0.0627897395596886
"231","BL2318","2017","7",0.11519,0.02596,87,6.731,"Between",0.00387171441184542,0.0622231019143647
"232","BL2073","2013","7",0.01836,0.00558,56,1.5073,"Before",0.00371573928561916,0.0609568641386608
"233","BL2311","2015","7",0.00645,0.00378,46,1.027,"Heatwave",0.00369422020679815,0.0607800971272517
"234","BL2128","2015","7",0.00854,0.00457,50,1.3465,"Heatwave",0.00340554276303533,0.0583570283944902
"235","BL2159","2014","7",0.02317,0.00615,58,1.8127,"Heatwave",0.00340427887409704,0.058346198454544
"236","BL2385","2019","7",0.02161,0.01004,44,3.1131,"Heatwave",0.00323551591010164,0.0568815955305549
"237","BL2293","2017","7",0.01822,0.00645,58,2.019,"Between",0.00320488931952001,0.0566117418873506
"238","BL0210","2009","7",0.00264,0.0021,43,0.7044,"Before",0.00299017513882956,0.054682493897312
"239","BL2312","2017","7",0.02623,0.00469,57,1.674,"Between",0.0028095440631159,0.0530051324223975
"240","BL2062","2013","7",0.01103,0.00252,48,0.9171,"Before",0.00275536311749656,0.0524915528203973
"241","BL0222","2009","7",0.00253,0.00116,36,0.4229,"Before",0.00275050979276331,0.052445302866542
"242","BL2234","2016","7",0.02052,0.00617,64,2.276,"Heatwave",0.00271826524453373,0.052136985380186
"243","BL2043","2018","7",0.01129,0.00439,56,1.6247,"Between",0.0027093580857984,0.0520514945587386
"244","BL2126","2015","7",0.00491,0.00213,45,0.8028,"Heatwave",0.00266027202218142,0.0515778249074292
"245","BL2050","2013","7",0.0079,0.00363,50,1.4668,"Before",0.00248091472624507,0.0498087816177536
"246","BL0208","2009","7",0.00079,6e-04,29,0.2472,"Before",0.0024330900243309,0.049326362366699
"247","BL0861","2010","7",0.00418,0.00125,38,0.5544,"Before",0.00225978486848052,0.0475371945794082
"248","BL2071","2013","7",0.00488,0.0017,47,0.7589,"Before",0.00224511357633386,0.0473826294788909
"249","BL2137","2014","7",0.00423,0.00152,43,0.7118,"Heatwave",0.00214000112631638,0.0462601461986058
"250","BL2021","2018","7",0.03253,0.00382,58,1.9071,"Between",0.00200706149384221,0.0448002398859896
"251","BL0876","2010","7",0.01728,1e-05,52,1.5677,"Before",6.37881213760374e-06,0.00252563103750404
"252","BL0209","2009","7",0.00057,0,39,0.2815,"Before",0,0
"253","BL0226","2009","7",0.00274,0,35,0.4643,"Before",0,0
"254","BL0230","2009","7",0.00071,0,32,0.3168,"Before",0,0
"255","BL0233","2009","7",0.00024,0,34,0.416,"Before",0,0
"256","BL2005","2018","7",NA,0,74,4.4322,"Between",0,0
"257","BL2019","2018","7",0.01478,0,54,1.615,"Between",0,0
"258","BL2067","2013","7",0.0047,0,50,0.9931,"Before",0,0
"259","BL2127","2015","7",0,0,46,0.9111,"Heatwave",0,0
"260","BL2168","2014","7",0.00593,0,40,0.675,"Heatwave",0,0
"261","BL0729","2007","8",0.12609,0.10259,50,0.765,"Before",0.154873869657765,0.393540175404958
"262","BL2190","2018","8",0.99666,0.82779,90,8.7569,"Between",0.104398854348092,0.323108115571386
"263","BL0560","2008","8",0.06066,0.05403,45,0.5973,"Before",0.0994533105085869,0.315362189408602
"264","BL2091","2013","8",0.3231,0.28998,77,4.6546,"Before",0.0664387735931192,0.257757198916188
"265","BL0375","2006","8",0.50928,0.45345,87,7.4837,"Before",0.0644998399772412,0.253968186939312
"266","BL2423","2012","8",0.15973,0.11154,56,1.97272,"Before",0.0599297220043198,0.24480547788871
"267","BL2430","2012","8",0.56753,0.40223,84,7.23201,"Before",0.0588935514760358,0.242679936286533
"268","BL0891","2010","8",0.57823,0.48564,89,8.9516,"Before",0.0573638429664208,0.23950750085628
"269","BL2096","2013","8",0.15877,0.13025,65,2.5052,"Before",0.0548432598581023,0.234186378464039
"270","BL2434","2012","8",0.28205,0.20713,65,3.9955,"Before",0.0546752297162104,0.233827350231341
"271","BL2125","2013","8",0.57018,0.48356,93,9.8656,"Before",0.0515410294562803,0.227026495053508
"272","BL0720","2007","8",0.04816,0.03403,50,0.723,"Before",0.0493925715198049,0.222244395924408
"273","BL2270","2017","8",0.38487,0.28036,82,6.146,"Between",0.0477970008387832,0.218625252061108
"274","BL2432","2012","8",0.33882,0.21255,76,4.83871,"Before",0.0459452331955661,0.214348392099325
"275","BL2421","2012","8",0.1396,0.10213,60,2.40519,"Before",0.0443453492310231,0.210583354591532
"276","BL2107","2013","8",0.3673,0.32315,87,7.6188,"Before",0.0442935173699396,0.210460251282611
"277","BL0885","2010","8",0.16749,0.13382,65,3.1669,"Before",0.0441201682777902,0.210048014220059
"278","BL2276","2017","8",0.24641,0.20833,75,5.056,"Between",0.042975285033841,0.207304811892636
"279","BL0546","2008","8",0.23282,0.15996,81,3.8896,"Before",0.0428888579058569,0.207096252756676
"280","BL2351","2019","8",0.27633,0.18491,74,4.5467,"Heatwave",0.0423931459332063,0.205895959001643
"281","BL0552","2008","8",0.08818,0.06899,61,1.7938,"Before",0.0399986085423902,0.199996521325722
"282","BL2181","2018","8",0.33809,0.24563,82,6.4435,"Between",0.0396313572243367,0.199076259821046
"283","BL2173","2018","8",0.91554,0.67254,116,17.7135,"Between",0.0394660864176666,0.198660731946871
"284","BL0718","2007","8",0.02932,0.02321,58,0.6135,"Before",0.0393196564400549,0.198291846630301
"285","BL0296","2006","8",0.48319,0.36902,94,9.8399,"Before",0.0389636443498387,0.197392108124511
"286","BL0554","2008","8",0.10218,0.06526,67,1.7521,"Before",0.0386877237912309,0.196691951516149
"287","BL2365","2019","8",0.38326,0.26384,82,7.175,"Heatwave",0.0381759357329305,0.19538663140791
"288","BL2192","2018","8",0.22335,0.18008,77,4.9431,"Between",0.0378079453791922,0.194442653189037
"289","BL2184","2018","8",0.51924,0.34832,90,9.7499,"Between",0.0370490917484082,0.192481406240728
"290","BL0562","2008","8",0.07546,0.05517,65,1.5523,"Before",0.0368505073039749,0.191964859555011
"291","BL0559","2008","8",0.07455,0.05271,61,1.4852,"Before",0.0367960683844215,0.191823013177308
"292","BL0716","2007","8",0.02891,0.02279,48,0.6519,"Before",0.0362257792754844,0.190330710279462
"293","BL2435","2012","8",0.16726,0.10489,66,3.00482,"Before",0.0361698385823106,0.190183696941432
"294","BL0194","2009","8",0.2226,0.18642,77,5.3939,"Before",0.0357985052270964,0.189204929182874
"295","BL0713","2007","8",0.05489,0.04302,58,1.2452,"Before",0.0357849906004093,0.189169211555182
"296","BL2180","2018","8",0.50903,0.3902,100,11.5262,"Between",0.0350395114942529,0.187188438463098
"297","BL0561","2008","8",0.04373,0.03207,52,0.9637,"Before",0.0344235372411794,0.185535811209533
"298","BL0889","2010","8",0.26985,0.18832,76,5.6717,"Before",0.0343437806608333,0.185320750756178
"299","BL2416","2012","8",0.58409,0.33907,95,10.40589,"Before",0.0336819372949948,0.183526394000958
"300","BL0556","2008","8",0.07503,0.05272,61,1.6251,"Before",0.0335287907503275,0.183108685622303
"301","BL0557","2008","8",0.06427,0.03688,56,1.1379,"Before",0.0334962126028592,0.183019705504241
"302","BL2431","2012","8",0.39746,0.23633,85,7.3316,"Before",0.0333081052588555,0.182505082830193
"303","BL0547","2008","8",0.06311,0.04883,59,1.5412,"Before",0.03271976788598,0.180886063271829
"304","BL2277","2017","8",0.3992,0.2814,96,8.9207,"Between",0.0325720833863855,0.180477376383816
"305","BL2116","2013","8",0.48675,0.39262,103,12.5569,"Before",0.0322764684798443,0.179656529187904
"306","BL0890","2010","8",0.25034,0.17402,79,5.5883,"Before",0.0321409310194523,0.179278919618153
"307","BL2110","2013","8",0.2626,0.2181,88,7.1072,"Before",0.0316587072331654,0.177928938717583
"308","BL0714","2007","8",0.04759,0.03075,56,1.0177,"Before",0.0311565935457723,0.176512304233366
"309","BL2214","2018","8",0.15416,0.1254,74,4.1738,"Between",0.0309752000790436,0.175997727482611
"310","BL2206","2015","8",0.4586,0.35358,106,11.8575,"Heatwave",0.0307356101224626,0.175315744080395
"311","BL0545","2008","8",0.2166,0.10545,80,3.5461,"Before",0.0306482786682749,0.175066497846604
"312","BL0553","2008","8",0.04505,0.03017,54,1.0251,"Before",0.0303237413687395,0.174137133801896
"313","BL0343","2006","8",0.32568,0.2399,89,8.3639,"Before",0.0295297882816347,0.171842335533578
"314","BL2221","2015","8",0.49327,0.40425,105,14.137,"Heatwave",0.0294369299666855,0.171571938167888
"315","BL0555","2008","8",0.06173,0.04178,60,1.4622,"Before",0.0294138353444756,0.171504621933275
"316","BL2099","2013","8",0.13332,0.11311,74,3.9917,"Before",0.0291626596263075,0.170770780950101
"317","BL0463","2006","8",0.16013,0.13669,75,4.9758,"Before",0.0282469297040158,0.168068229311836
"318","BL2422","2012","8",0.10047,0.0677,59,2.47617,"Before",0.0281091315233322,0.16765778098058
"319","BL2231","2014","8",0.38115,0.29807,101,10.907,"Heatwave",0.0280961416467071,0.167619037244303
"320","BL2429","2012","8",0.06834,0.04425,58,1.66438,"Before",0.0273126230611124,0.165265311124605
"321","BL0548","2008","8",0.05829,0.0423,62,1.6029,"Before",0.0271049596309112,0.164635839448497
"322","BL2424","2012","8",0.05833,0.03907,54,1.48231,"Before",0.0270710346165572,0.164532776724145
"323","BL0715","2007","8",0.04828,0.03682,62,1.401,"Before",0.0269905730915275,0.164288079578305
"324","BL0717","2007","8",0.03985,0.01909,50,0.7381,"Before",0.026550395682953,0.16294292154909
"325","BL2208","2015","8",0.21465,0.14383,80,5.5916,"Heatwave",0.0264016285562717,0.162485779550925
"326","BL2353","2019","8",0.65299,0.4447,108,17.3275,"Heatwave",0.0263404174662971,0.162297311950313
"327","BL2169","2018","8",1.02998,0.59827,123,23.8667,"Between",0.0257116616806549,0.160348563076365
"328","BL2378","2019","8",0.23914,0.16387,81,6.5551,"Heatwave",0.0256398220686785,0.160124395607535
"329","BL2177","2018","8",0.45922,0.3246,105,13.0661,"Between",0.0254758074010124,0.159611426285879
"330","BL0084","2009","8",0.14284,0.11559,75,4.6804,"Before",0.0253219739704391,0.159128796798188
"331","BL2222","2015","8",0.30729,0.24504,95,9.966,"Heatwave",0.0252073869247482,0.158768343585074
"332","BL2433","2012","8",0.16442,0.08761,69,3.60316,"Before",0.0249207094195787,0.157862945049111
"333","BL0883","2010","8",0.17751,0.11293,75,4.6495,"Before",0.0248932563588791,0.157775968889052
"334","BL0725","2007","8",0.02247,0.01349,45,0.5561,"Before",0.0248613184423435,0.157674723536601
"335","BL2175","2018","8",0.49422,0.34374,112,14.2195,"Between",0.0247726971351479,0.157393446925683
"336","BL0127","2009","8",0.12959,0.10519,72,4.3989,"Before",0.0244986270614457,0.156520372672204
"337","BL2266","2017","8",0.16302,0.12389,82,5.206,"Between",0.024377669904823,0.156133500264431
"338","BL2176","2018","8",0.73026,0.47079,119,19.813,"Between",0.0243400314648636,0.156012920826653
"339","BL2411","2008","8",0.17535,0.12486,79,5.2603,"Before",0.0243133986571745,0.155927542971646
"340","BL0731","2007","8",0.02899,0.01666,49,0.7153,"Before",0.0238463300125959,0.154422569634739
"341","BL0881","2010","8",0.14571,0.1201,77,5.2236,"Before",0.0235328695992946,0.153404268517192
"342","BL2104","2013","8",0.07066,0.06016,73,2.6245,"Before",0.0234602275829258,0.153167318912769
"343","BL2412","2008","8",0.23969,0.12827,87,5.6971,"Before",0.0230335636031267,0.151768124463362
"344","BL2171","2018","8",0.65476,0.44026,123,19.5949,"Between",0.0229845092364043,0.151606428743653
"345","BL2102","2013","8",0.10376,0.08104,73,3.6158,"Before",0.0229265919044009,0.15141529613748
"346","BL2418","2012","8",0.08132,0.04814,61,2.20674,"Before",0.0223014917075883,0.149336839753586
"347","BL0384","2006","8",0.07919,0.06518,68,3.0275,"Before",0.0220030246563504,0.148334165505963
"348","BL2414","2012","8",0.12688,0.07138,69,3.36854,"Before",0.0216489342343107,0.14713576803181
"349","BL0727","2007","8",0.02909,0.02356,58,1.1164,"Before",0.0215585081073167,0.14682815842786
"350","BL2420","2012","8",0.30202,0.16309,92,7.91829,"Before",0.0210297606767072,0.145016415197409
"351","BL2265","2017","8",0.12021,0.08724,76,4.254,"Between",0.0209371310082654,0.144696686238025
"352","BL0884","2010","8",0.10942,0.07579,59,3.743,"Before",0.0206669375356197,0.143759999776084
"353","BL0459","2006","8",0.08274,0.06385,67,3.1607,"Before",0.0206177244619533,0.143588733757051
"354","BL2264","2017","8",0.11483,0.09166,77,4.599,"Between",0.0203357190715588,0.142603362763852
"355","BL0538","2008","8",0.14591,0.07801,85,3.9843,"Before",0.0199703555035596,0.14131650824854
"356","BL2212","2018","8",0.16965,0.09893,78,5.1038,"Between",0.0197667471882387,0.140594264421557
"357","BL2363","2019","8",0.25582,0.139,85,7.218,"Heatwave",0.0196355417431841,0.140126877304763
"358","BL2355","2019","8",0.22427,0.10545,79,5.559,"Heatwave",0.0193360288252606,0.139054050013873
"359","BL2419","2012","8",0.24551,0.13518,86,7.1277,"Before",0.019332086286489,0.139039873009468
"360","BL0134","2009","8",0.06492,0.04179,68,2.2484,"Before",0.0189385528027155,0.137617414605549
"361","BL0711","2007","8",0.04822,0.02539,65,1.3834,"Before",0.0186964749891385,0.136735053988136
"362","BL2437","2012","8",0.08375,0.04291,59,2.34719,"Before",0.0186218688701026,0.136461968585033
"363","BL0195","2009","8",0.05811,0.045,59,2.4704,"Before",0.018553640636596,0.136211749260466
"364","BL2361","2019","8",0.41284,0.21423,99,11.846,"Heatwave",0.018417661284568,0.135711684406937
"365","BL2170","2018","8",0.70956,0.39224,130,22.1065,"Between",0.0180637056017566,0.134401285714671
"366","BL2372","2019","8",0.22374,0.12779,86,7.268,"Heatwave",0.017897232714444,0.13378053937118
"367","BL2367","2019","8",0.99287,0.61057,133,34.736,"Heatwave",0.0178919357206634,0.133760740580573
"368","BL0422","2006","8",0.03057,0.02362,53,1.3455,"Before",0.0178684903319515,0.13367307257616
"369","BL2425","2012","8",0.0512,0.02597,54,1.48035,"Before",0.0178564061662014,0.13362786448268
"370","BL2373","2019","8",0.20534,0.09928,72,5.675,"Heatwave",0.0178057721693342,0.133438271006987
"371","BL2428","2012","8",0.04246,0.02406,52,1.38432,"Before",0.0176877949803714,0.132995469773866
"372","BL0200","2009","8",0.08043,0.06381,69,3.672,"Before",0.017684767154723,0.132984086095754
"373","BL2369","2019","8",0.16101,0.08253,74,4.763,"Heatwave",0.0176328445647553,0.132788721526925
"374","BL0722","2007","8",0.02661,0.01144,52,0.6612,"Before",0.0176065008618567,0.132689490397155
"375","BL0550","2008","8",0.05241,0.0238,60,1.3757,"Before",0.0176048524299135,0.132683278637187
"376","BL2203","2015","8",0.14823,0.10884,85,6.341,"Heatwave",0.0174642499550718,0.132152374004676
"377","BL0543","2008","8",0.11982,0.05883,81,3.5348,"Before",0.0169247720780099,0.13009524233426
"378","BL2282","2017","8",0.03573,0.02362,53,1.4264,"Between",0.0168379931279317,0.129761292872457
"379","BL2119","2013","8",0.24126,0.15235,92,9.2426,"Before",0.0167597150793433,0.129459318240686
"380","BL2427","2012","8",0.04579,0.02509,55,1.524,"Before",0.0167388302166241,0.129378631221018
"381","BL2185","2018","8",0.08308,0.04685,65,2.8485,"Between",0.0167222886513305,0.129314688459318
"382","BL2108","2013","8",0.12447,0.0717,74,4.3732,"Before",0.0166686039753574,0.12910694781985
"383","BL2178","2018","8",0.35824,0.20902,103,12.9459,"Between",0.0164106123320625,0.128103912243391
"384","BL2262","2017","8",0.1638,0.1034,87,6.4395,"Between",0.0163191868815202,0.127746572875832
"385","BL2215","2015","8",0.14277,0.10439,86,6.721,"Heatwave",0.0157769613140264,0.125606374495988
"386","BL0723","2007","8",0.02742,0.0169,55,1.0904,"Before",0.015742897065673,0.125470702021121
"387","BL2115","2013","8",0.09957,0.07679,79,4.9591,"Before",0.0157282106216115,0.12541216297318
"388","BL0542","2008","8",0.1806,0.06455,85,4.1761,"Before",0.0156996753049337,0.125298345180348
"389","BL2357","2019","8",0.49689,0.24803,107,16.0571,"Heatwave",0.0156890949309479,0.125256117339425
"390","BL2366","2019","8",0.13626,0.06534,72,4.263,"Heatwave",0.0155658152399194,0.124763036352597
"391","BL2284","2017","8",0.16553,0.09064,83,5.925,"Between",0.0155355514572292,0.12464169229126
"392","BL0293","2006","8",0.22065,0.13133,96,8.6291,"Before",0.0154546428062892,0.124316703649547
"393","BL2259","2017","8",0.10678,0.07602,79,5.094,"Between",0.0151495223177454,0.1230833957841
"394","BL0712","2007","8",0.07867,0.02968,66,1.9964,"Before",0.0150911161731207,0.122845904177228
"395","BL2439","2012","8",0.03382,0.01779,48,1.19755,"Before",0.0150793381704754,0.122797956703177
"396","BL2228","2015","8",0.21774,0.1482,95,10.186,"Heatwave",0.0147641913566718,0.121507988859465
"397","BL0256","2006","8",0.03884,0.03317,64,2.2904,"Before",0.0146950022815575,0.121222944534265
"398","BL2352","2019","8",0.26691,0.12815,91,8.8802,"Heatwave",0.0146422838077936,0.121005304874595
"399","BL2179","2018","8",0.30502,0.18572,108,12.9072,"Between",0.0145989303131397,0.120826033259144
"400","BL0888","2010","8",0.16502,0.06909,74,4.81,"Before",0.0145731515679479,0.120719309010398
"401","BL0724","2007","8",0.02885,0.00912,48,0.6364,"Before",0.0145389618671088,0.120577617604217
"402","BL2205","2015","8",0.17566,0.11384,93,8.048,"Heatwave",0.0143480847373887,0.119783491088667
"403","BL0551","2008","8",0.05349,0.02403,65,1.7033,"Before",0.0143097893727632,0.11962353185207
"404","BL2362","2019","8",0.20117,0.08829,83,6.456,"Heatwave",0.0138652671054429,0.117750868809716
"405","BL2417","2012","8",0.08486,0.04183,69,3.08583,"Before",0.0137417871222076,0.117225368936112
"406","BL0199","2009","8",0.03647,0.0258,55,1.9321,"Before",0.0135340712374757,0.116336027254998
"407","BL2375","2019","8",0.32619,0.13453,97,10.194,"Heatwave",0.0133734679858879,0.115643711397931
"408","BL2356","2019","8",0.17286,0.07632,84,5.8302,"Heatwave",0.0132640930989176,0.115169844572777
"409","BL0462","2006","8",0.08377,0.04724,68,3.6277,"Before",0.0131938354289672,0.114864421945906
"410","BL0487","2006","8",0.03989,0.02954,59,2.2693,"Before",0.0131889130978319,0.114842993246571
"411","BL0260","2006","8",0.03796,0.02811,60,2.1824,"Before",0.013048382529743,0.11422951689359
"412","BL2415","2012","8",0.21662,0.06616,78,5.19379,"Before",0.0129026470318646,0.113589819226305
"413","BL2350","2019","8",0.21566,0.11367,89,9.1822,"Heatwave",0.0125345563172863,0.111957832764333
"414","BL0114","2009","8",0.04961,0.03572,64,2.9151,"Before",0.0124054483951406,0.11137974858627
"415","BL0137","2009","8",0.06167,0.04175,68,3.4126,"Before",0.0123856000711987,0.11129061088519
"416","BL2268","2017","8",0.10856,0.05446,78,4.456,"Between",0.0123729421975036,0.1112337277875
"417","BL2172","2018","8",0.39595,0.17467,110,14.2979,"Between",0.012367567475712,0.111209565576492
"418","BL2370","2019","8",0.22843,0.09849,87,8.143,"Heatwave",0.0122431322728171,0.110648688527326
"419","BL2426","2012","8",0.04705,0.02495,58,2.06413,"Before",0.0122353102717759,0.110613336771729
"420","BL0730","2007","8",0.0275,0.01454,58,1.2087,"Before",0.0121759228244121,0.110344564090906
"421","BL0549","2008","8",0.08151,0.02884,72,2.4021,"Before",0.0121520608782856,0.110236386362605
"422","BL0721","2007","8",0.0214,0.01425,59,1.1922,"Before",0.0120972876607666,0.109987670494318
"423","BL2202","2015","8",0.0862,0.0574,79,4.834,"Heatwave",0.0120169157978478,0.10962169401103
"424","BL2089","2013","8",0.0746,0.03487,67,2.9768,"Before",0.0118527633220369,0.108870396904011
"425","BL0140","2009","8",0.03921,0.03013,62,2.5818,"Before",0.0118079532227914,0.10866440642083
"426","BL2436","2012","8",0.04632,0.02384,58,2.0735,"Before",0.0116311973693198,0.107848029046987
"427","BL2368","2019","8",0.13185,0.06477,83,5.666,"Heatwave",0.0115635315814562,0.107533862487387
"428","BL2258","2017","8",0.09139,0.05156,75,4.561,"Between",0.0114337922225376,0.106928912004834
"429","BL0259","2006","8",0.03157,0.02306,60,2.0481,"Before",0.0113874293841109,0.106711898980905
"430","BL2200","2015","8",0.22362,0.13196,99,12.0643,"Heatwave",0.011059021114048,0.105161880517838
"431","BL2101","2013","8",0.06541,0.04332,78,3.9715,"Before",0.0110280078815126,0.105014322268501
"432","BL2204","2015","8",0.13438,0.07911,90,7.3084,"Heatwave",0.0109429833358463,0.104608715391435
"433","BL0488","2006","8",0.03499,0.02362,60,2.2092,"Before",0.0108071999194722,0.103957683311394
"434","BL2218","2015","8",0.16433,0.09871,93,9.233,"Heatwave",0.0108065323084772,0.103954472287041
"435","BL2182","2018","8",0.07925,0.03736,70,3.5549,"Between",0.010621059035576,0.103058522382072
"436","BL0099","2009","8",0.05855,0.03711,68,3.624,"Before",0.0103460100532774,0.101715338338312
"437","BL2098","2013","8",0.05123,0.03929,74,3.8584,"Before",0.0102877371953151,0.101428483155942
"438","BL0476","2006","8",0.03096,0.02096,58,2.0603,"Before",0.0102778349858287,0.101379657652947
"439","BL0204","2009","8",0.03938,0.02754,65,2.7489,"Before",0.010119940029985,0.100597912652227
"440","BL2174","2018","8",0.24443,0.11897,113,11.8967,"Between",0.0101012673919338,0.100505061523954
"441","BL2113","2013","8",0.04394,0.02725,66,2.7282,"Before",0.0100890427442196,0.100444227032815
"442","BL2090","2013","8",0.03948,0.02477,64,2.4845,"Before",0.0100702109581133,0.100350440746981
"443","BL2224","2015","8",0.15649,0.0993,95,10.147,"Heatwave",0.00988285876369716,0.0994125684392932
"444","BL0478","2006","8",0.02385,0.01683,55,1.7339,"Before",0.00980158059950963,0.0990029322773302
"445","BL0295","2006","8",0.17115,0.07945,89,8.2814,"Before",0.00968672084077567,0.0984211402127392
"446","BL2260","2017","8",0.06615,0.0479,80,5.089,"Between",0.00950189442780345,0.0974776611732322
"447","BL0886","2010","8",0.04146,0.02272,61,2.4187,"Before",0.0094825499378125,0.0973783853727946
"448","BL2358","2019","8",0.22114,0.09941,95,10.608,"Heatwave",0.00945987996486684,0.0972619142566443
"449","BL2088","2013","8",0.15152,0.07475,92,8.0242,"Before",0.00940316625678506,0.0969699244961295
"450","BL0719","2007","8",0.01642,0.00989,57,1.0693,"Before",0.00933538478964707,0.0966197950196908
"451","BL0521","2006","8",0.06054,0.03922,73,4.262,"Before",0.00928772041167193,0.0963728198802543
"452","BL0083","2009","8",0.03116,0.02149,61,2.337,"Before",0.00928089276228563,0.0963373902609243
"453","BL2093","2013","8",0.04774,0.02531,69,2.7607,"Before",0.00925279393432015,0.0961914441846059
"454","BL2261","2017","8",0.06666,0.05026,83,5.5568,"Between",0.00912732859472554,0.0955370535170807
"455","BL2371","2019","8",0.22508,0.07933,89,8.876,"Heatwave",0.00901818529057018,0.0949641263350018
"456","BL2097","2013","8",0.04963,0.03763,78,4.2278,"Before",0.00898054255555264,0.0947657245820061
"457","BL2279","2017","8",0.12414,0.06094,92,6.908,"Between",0.00890017029206696,0.0943407138623986
"458","BL0095","2009","8",0.0163,0.01114,49,1.2804,"Before",0.00877676756535304,0.0936844040668085
"459","BL2376","2019","8",0.20926,0.07232,91,8.3895,"Heatwave",0.00869525488206339,0.0932483505594785
"460","BL0339","2006","8",0.12706,0.06572,89,7.668,"Before",0.00864477498855606,0.0929772821099653
"461","BL0880","2010","8",0.06173,0.02412,64,2.8347,"Before",0.00858185854876929,0.0926383211676965
"462","BL2220","2015","8",0.1574,0.08966,99,10.629,"Heatwave",0.00850717407351884,0.0922343432432781
"463","BL0136","2009","8",0.05815,0.03452,72,4.1236,"Before",0.0084419967327614,0.091880339206826
"464","BL0126","2009","8",0.06948,0.03631,76,4.3411,"Before",0.00843479008267535,0.0918411132482362
"465","BL0558","2008","8",0.0255,0.01357,57,1.6847,"Before",0.0081202539598954,0.0901124517472219
"466","BL0374","2006","8",0.039,0.02517,66,3.1383,"Before",0.00808511048366114,0.0899172424157966
"467","BL2360","2019","8",0.18024,0.08558,96,10.838,"Heatwave",0.00795913850091421,0.0892140039506927
"468","BL2183","2018","8",0.12644,0.05173,84,6.674,"Between",0.00781152082292024,0.0883828084127238
"469","BL2226","2015","8",0.13261,0.06971,95,9.045,"Heatwave",0.007766879955968,0.08812990386905
"470","BL2120","2013","8",0.05351,0.03353,76,4.4008,"Before",0.00767756516084419,0.0876217162628317
"471","BL0098","2009","8",0.03434,0.02016,63,2.6724,"Before",0.00760112207040087,0.0871844141484065
"472","BL0524","2006","8",0.02835,0.01522,59,2.0613,"Before",0.00743861432593056,0.0862474018503199
"473","BL0081","2009","8",0.02548,0.0169,63,2.3096,"Before",0.00737122170366816,0.0858558192766697
"474","BL0726","2007","8",0.01509,0.0051,49,0.713,"Before",0.00720440740217545,0.084878780635536
"475","BL2410","2008","8",0.10848,0.04703,87,6.6451,"Before",0.00712784192953394,0.0844265475400596
"476","BL2354","2019","8",0.29969,0.1024,104,14.8356,"Heatwave",0.00695028914288817,0.0833683941484312
"477","BL0287","2006","8",0.02417,0.01657,61,2.4045,"Before",0.00693906437793403,0.0833010466797028
"478","BL2413","2008","8",0.08354,0.02547,77,3.7526,"Before",0.00683367631394666,0.0826660529718618
"479","BL0426","2006","8",0.02708,0.01589,61,2.3512,"Before",0.00680423584020965,0.0824877920677336
"480","BL2223","2015","8",0.15431,0.08499,102,12.626,"Heatwave",0.00677696612952226,0.0823223306856789
"481","BL2269","2017","8",0.11333,0.04269,90,6.524,"Between",0.00658663140630521,0.0811580643331592
"482","BL0887","2010","8",0.03328,0.02274,70,3.5078,"Before",0.00652499526550475,0.0807774428012224
"483","BL2122","2013","8",0.1016,0.04356,87,6.9203,"Before",0.00633439682174984,0.0795889239891446
"484","BL0129","2009","8",0.05946,0.02531,73,4.2042,"Before",0.00605663226359153,0.0778243680577718
"485","BL2219","2015","8",0.08387,0.04523,90,7.54,"Heatwave",0.00603487498615701,0.0776844578159429
"486","BL0144","2009","8",0.04769,0.02897,78,4.8796,"Before",0.00597242007739201,0.0772814342348278
"487","BL2274","2017","8",0.08402,0.03831,88,6.5657,"Between",0.00586911460782947,0.0766101468986287
"488","BL0533","2006","8",0.01546,0.00997,58,1.7221,"Before",0.0058231559519429,0.0763096058956073
"489","BL0728","2007","8",0.02294,0.00989,65,1.7652,"Before",0.00563433239712643,0.0750621901967058
"490","BL0145","2009","8",0.05113,0.02703,74,4.9482,"Before",0.00549259627283756,0.074112052142938
"491","BL2197","2018","8",0.08933,0.01706,67,3.1684,"Between",0.00541357010033827,0.0735769671863299
"492","BL0207","2009","8",0.00722,0.00412,46,0.8034,"Before",0.00515463917525773,0.0717958158617738
"493","BL2278","2017","8",0.07887,0.02853,84,5.5913,"Between",0.00512873981847173,0.0716152205782523
"494","BL2201","2015","8",0.0833,0.05213,101,10.7229,"Heatwave",0.00488530818300835,0.069894979669561
"495","BL0258","2006","8",0.013,0.00843,59,1.8169,"Before",0.00466139886202149,0.0682744378374622
"496","BL0097","2009","8",0.02628,0.01185,61,2.5789,"Before",0.00461619368535868,0.06794257638152
"497","BL2364","2019","8",0.26686,0.07009,108,15.705,"Heatwave",0.00448291675487739,0.0669545872579123
"498","BL2280","2017","8",0.06317,0.01884,77,4.3565,"Between",0.00434335563414376,0.0659041397344943
"499","BL2283","2017","8",0.01363,0.00489,52,1.1365,"Between",0.00432127676496319,0.0657364188632389
"500","BL2124","2013","8",0.06424,0.02358,83,5.525,"Before",0.00428616611711158,0.0654688178991463
"501","BL2207","2015","8",0.1075,0.03217,90,7.7425,"Heatwave",0.00417232466055279,0.0645935342008222
"502","BL2227","2015","8",0.05072,0.02225,85,5.699,"Heatwave",0.00391949619060202,0.0626058798404912
"503","BL2216","2015","8",0.10561,0.04059,98,10.486,"Heatwave",0.00388591735508707,0.0623371266187901
"504","BL2256","2017","8",0.07771,0.0259,92,6.839,"Between",0.00380150005137162,0.0616563058524562
"505","BL0203","2009","8",0.01204,0.00396,45,1.0478,"Before",0.00379368485591662,0.0615928961481486
"506","BL2196","2018","8",0.03254,0.00997,69,2.7962,"Between",0.00357831191251261,0.0598189929078767
"507","BL2210","2018","8",0.07178,0.02734,92,7.8224,"Between",0.00350734952649499,0.0592228800928744
"508","BL2267","2017","8",0.03735,0.01162,74,3.364,"Between",0.00346619416653243,0.0588743931309057
"509","BL2230","2014","8",0.13581,0.04936,112,14.412,"Heatwave",0.00343669408966597,0.0586233237684965
"510","BL2229","2014","8",0.08351,0.02929,96,8.986,"Heatwave",0.00327017398129447,0.0571854350450748
"511","BL2118","2013","8",0.02717,0.01054,70,3.26,"Before",0.0032436158623279,0.0569527511392373
"512","BL0544","2008","8",0.04892,0.00677,71,2.1647,"Before",0.00313726580565635,0.0560113006959876
"513","BL0085","2009","8",0.03647,0.00747,61,2.4797,"Before",0.00302156352766531,0.0549687504648351
"514","BL0882","2010","8",0.0235,0.00554,57,1.865,"Before",0.00297935959902337,0.0545835103215557
"515","BL0252","2006","8",0.01305,0.00607,60,2.1019,"Before",0.00289622727034158,0.0538166077557995
"516","BL2271","2017","8",0.00727,0.00373,55,1.33,"Between",0.00281239868201799,0.0530320533452929
"517","BL2275","2017","8",0.06685,0.02285,100,9.6855,"Between",0.00236477570852716,0.0486289595665707
"518","BL2272","2017","8",0.07493,0.01693,91,7.4966,"Between",0.00226346884287676,0.0475759271362814
"519","BL2111","2013","8",0.04547,0.01345,85,6.3384,"Before",0.0021264990237077,0.0461139786150327
"520","BL2213","2018","8",0.0938,0.00879,77,4.554,"Between",0.00193390404403757,0.0439761758687311
"521","BL2217","2015","8",0.0527,0.0105,91,7.488,"Heatwave",0.00140421263791374,0.0374728253260111
"522","BL2225","2015","8",0.16331,0.01036,103,11.601,"Heatwave",0.000893824672321804,0.0298969007143183
"523","BL0286","2006","8",NA,0,64,2.4204,"Before",0,0
"524","BL0141","2009","8",0.03218,0,77,5.326,"Before",0,0
"525","BL2209","2015","8",0.04953,0,98,9.9421,"Heatwave",0,0
