FISHID,Year,Month,SL_mm,TL_mm,WholeBodyWW_g,TOTAL_Liver_WW_g
BL0215,2009,7,41,44,0.413,NA
BL0222,2009,7,36,40,0.4229,NA
BL0223,2009,7,39,43,0.6681,NA
BL0224,2009,7,39,43,0.5264,NA
BL0225,2009,7,32,35,0.3282,NA
BL0226,2009,7,35,39,0.4643,NA
BL0227,2009,7,39,43,0.655,NA
BL0228,2009,7,37,41,0.6422,NA
BL0229,2009,7,35,39,0.4798,NA
BL0230,2009,7,32,35,0.3168,NA
BL0231,2009,7,30,33,0.2892,NA
BL0232,2009,7,36,40,0.4597,NA
BL0233,2009,7,34,38,0.416,NA
BL0234,2009,7,43,46,0.8532,NA
BL0235,2009,7,39,42,0.6722,NA
BL0236,2009,7,34,38,0.3966,NA
BL0237,2009,7,33,37,0.3757,NA
BL0238,2009,7,31,33,0.3315,NA
BL0239,2009,7,40,43,0.6845,NA
BL0256,2006,8,64,69,2.2904,NA
BL0257,2006,8,64,69,2.8903,NA
BL0258,2006,8,59,64,1.8169,NA
BL0259,2006,8,60,65,2.0481,NA
BL0260,2006,8,60,65,2.1824,NA
BL0261,2006,8,61,66,2.3941,NA
BL0262,2006,8,61,66,2.2891,NA
BL0263,2006,8,60,65,1.9404,NA
BL0264,2006,8,58,63,1.8909,NA
BL0265,2006,8,72,84,5.5025,NA
BL0269,2006,8,69,75,3.6874,NA
BL0279,2006,8,81,87,5.794,NA
BL0363,2006,8,58,64,1.9371,NA
BL0821,2010,7,32,NA,0.3497,NA
BL0822,2010,7,38,41,0.6487,NA
BL0823,2010,7,30,33,0.2874,NA
BL0824,2010,7,30,33,0.2929,NA
BL0825,2010,7,33,37,0.3877,NA
BL0826,2010,7,34,38,0.4289,NA
BL0827,2010,7,37,41,0.5129,NA
BL0971,2012,7,37.02,40.08,0.4775,NA
BL2047,2013,7,43,47,0.7917,NA
BL2048,2013,7,46,51,0.8044,NA
BL2050,2013,7,50,55,1.4668,NA
BL2056,2013,7,41,44,0.5344,NA
BL2066,2013,7,49,54,0.9625,NA
BL2069,2013,7,48,53,0.9924,NA
BL2070,2013,7,49,54,1.1148,NA
BL2082,2013,7,50,54,0.7086,NA
BL2085,2013,7,45,49,0.5277,NA
BL2086,2013,7,48,52,0.4913,NA
BL2090,2013,8,64,69,2.4845,NA
BL2091,2013,8,77,83,4.6546,NA
BL2094,2013,8,67,71,3.0719,NA
BL2097,2013,8,78,85,4.2278,NA
BL2099,2013,8,74,80,3.9917,NA
BL2104,2013,8,73,78,2.6245,NA
BL2109,2013,8,80,85,4.568,NA
BL2115,2013,8,79,85,4.9591,NA
BL2128,2015,7,50,55,1.3465,NA
BL2132,2014,7,55,60,1.555,NA
BL2136,2014,7,78,83,2.0295,NA
BL2153,2014,7,55,60,1.604,NA
BL2155,2014,7,35,39,0.4158,NA
BL2157,2014,7,58,64,1.9216,NA
BL2161,2014,7,45,50,0.8655,NA
BL2162,2014,7,50,55,1.1983,NA
BL2167,2014,7,39,43,0.4964,NA
BL2447,2012,7,34,39,0.52046,NA
BL2450,2012,7,36,40,0.57485,NA
BL2452,2012,7,36,39,0.39087,NA
BL2453,2012,7,47,51,1.04952,NA
BL2464,2012,7,36,39,0.38005,NA
BL0208,2009,7,29,NA,0.2472,NA
BL0209,2009,7,39,42,0.2815,NA
BL2186,2018,8,70,75,2.8493,0.5367
BL2394,2019,7,38,41,0.6063,0.0624
BL2391,2019,7,36,39,0.537,0.046
BL2383,2019,7,43,47,0.7979,0.0668
BL2392,2019,7,45,48,0.9426,0.0691
BL2390,2019,7,45,49,0.8491,0.0606
BL2382,2019,7,43,46,0.8093,0.0469
BL2398,2019,7,42,45,0.7784,0.0431
BL2395,2019,7,47,51,1.1572,0.0575
BL2095,2013,8,68,73,2.965,0.1327
BL2419,2012,8,86,95,7.1277,0.31466
BL2399,2019,7,45,49,1.138,0.0482
BL2400,2019,7,46,50,0.9647,0.0407
BL2408,2019,7,47,51,1.2722,0.0537
BL2381,2019,7,55,59,1.8066,0.0737
BL2379,2019,7,47,50,1.135,0.0453
BL2380,2019,7,53,57,1.5448,0.0602
BL2397,2019,7,45,47,1.0045,0.0387
BL2409,2019,7,48,51,1.2497,0.0469
BL2405,2019,7,55,59,1.8065,0.0656
BL2402,2019,7,49,54,1.3598,0.0487
BL2387,2019,7,50,55,1.5055,0.0524
BL2401,2019,7,51,55,1.5006,0.0484
BL2396,2019,7,48,52,1.2034,0.0364
BL2234,2016,7,64,69,2.276,0.0666
BL0917,2012,8,61.08,65.54,2.2147,0.0648
BL2373,2019,8,72,79,5.675,0.1569
BL2370,2019,8,87,94,8.143,0.2232
BL2365,2019,8,82,88,7.175,0.1955
BL2389,2019,7,56,61,1.8202,0.0482
BL0105,2009,8,64,70,2.6719,0.0705
BL2423,2012,8,56,62,1.97272,0.05152
BL0901,2012,8,60,65.7,2.1543,0.0543
BL2403,2019,7,56,60,2.0813,0.0521
BL2350,2019,8,89,96,9.1822,0.227
BL2253,2016,7,64,68,2.5966,0.063
BL2369,2019,8,74,81,4.763,0.1149
BL0002,2009,8,80,85,5.6371,0.1356
BL2376,2019,8,91,98,8.3895,0.1959
BL2368,2019,8,83,89,5.666,0.1305
BL2088,2013,8,92,99,8.0242,0.1846
BL2393,2019,7,47,51,1.2638,0.029
BL2372,2019,8,86,93,7.268,0.1661
BL0906,2012,8,60.92,65.65,2.1432,0.0488
BL2388,2019,7,54,58,1.7661,0.0401
BL2252,2016,7,75,82,4.847,0.1091
BL0916,2012,8,65.31,70.27,2.1824,0.0491
BL2358,2019,8,95,NA,10.608,0.2323
BL2371,2019,8,89,96,8.876,0.1931
BL0905,2012,8,68.35,74.9,3.4103,0.0735
BL2317,2017,7,85,92,5.753,0.1237
BL0034,2009,8,78,84,5.5629,0.1196
BL2351,2019,8,74,79,4.5467,0.0974
BL2245,2016,7,71,76,4.065,0.087
BL2352,2019,8,91,98,8.8802,0.1892
BL2356,2019,8,84,87,5.8302,0.1241
BL2065,2013,7,46,51,0.8028,0.0168
BL2363,2019,8,85,92,7.218,0.1505
BL0101,2009,8,69,75,3.1646,0.0655
BL1008,2012,7,35.38,38.13,0.4158,0.0085
BL2374,2019,8,91,97,7.8179,0.1597
BL2079,2013,7,55,59,1.6085,0.0329
BL2248,2016,7,73,78,4.108,0.0833
BL2235,2016,7,60,65,2.2458,0.0453
BL2102,2013,8,73,78,3.6158,0.0728
BL2180,2018,8,100,108,11.5262,0.2301
BL0907,2012,8,56.78,61.11,1.7356,0.0346
BL0078,2009,7,76,82,4.9014,0.0977
BL2354,2019,8,104,111,14.8356,0.2941
BL0079,2009,8,65,71,2.5524,0.0503
BL2225,2015,8,103,111,11.601,0.2254
BL2171,2018,8,123,132,19.5949,0.3738
BL2362,2019,8,83,89,6.456,0.1225
BL2460,2012,7,49,53,0.98845,0.01855
BL2353,2019,8,108,116,17.3275,0.3244
BL2246,2016,7,80,86,5.553,0.1038
BL2355,2019,8,79,85,5.559,0.1036
BL2406,2019,7,57,62,2.2227,0.0414
BL2297,2016,7,69,74,3.2519,0.0605
BL0902,2012,8,64.8,70,2.726,0.0507
BL2444,2012,7,56,61,1.80906,0.03348
BL2359,2019,8,95,102,10.736,0.1981
BL2366,2019,8,72,78,4.263,0.0786
BL2360,2019,8,96,103,10.838,0.1993
BL2240,2016,7,63,68,2.4438,0.044
BL0129,2009,8,73,79,4.2042,0.0757
BL2301,2016,7,52,57,1.499,0.0269
BL0903,2012,8,65.8,71.1,2.7746,0.0498
BL2241,2016,7,68,74,3.1913,0.057
BL2005,2018,7,74,80,4.4322,0.0791
BL2222,2015,8,95,104,9.966,0.1758
BL2219,2015,8,90,98,7.54,0.1328
BL2449,2012,7,50,57,1.41392,0.0248
BL0980,2012,7,54.89,60.24,1.4823,0.026
BL2386,2019,7,60,65,2.304,0.0402
BL0908,2012,8,58.57,63.57,1.8876,0.0328
BL2289,2017,7,70,75,4.179,0.0727
BL0037,2009,8,79,85,5.3996,0.0937
BL2451,2012,7,35,39,0.37946,0.00657
BL2237,2016,7,58,63,1.81,0.0313
BL0978,2012,7,52.87,57.68,1.3384,0.0231
BL0081,2009,8,63,67,2.3096,0.0398
BL0995,2012,7,40.57,44.73,0.6945,0.012
BL2378,2019,8,81,87,6.5551,0.1122
BL2385,2019,7,44,48,3.1131,0.0529
BL0188,2009,8,72,77,4.0349,0.0683
BL0094,2009,8,69,73,3.1841,0.0537
BL2286,2017,7,70,75,3.697,0.0621
BL2255,2016,7,70,75,3.5575,0.0595
BL2345,2016,7,57,62,1.8977,0.0317
BL0086,2009,8,62,68,2.614,0.0436
BL0988,2012,7,40.92,43.75,0.7942,0.0132
BL0934,2012,8,84.85,91.66,6.5154,0.1084
BL2412,2008,8,87,92,5.6971,0.0943
BL0997,2012,7,43.27,46.88,0.8322,0.0138
BL0933,2012,8,66.4,72.62,2.8827,0.0475
BL2216,2015,8,98,107,10.486,0.1727
BL0904,2012,8,64.9,70.3,2.4927,0.041
BL2357,2019,8,107,115,16.0571,0.2632
BL2211,2018,8,88,95,7.6357,0.125
BL2233,2016,7,72,78,3.7,0.0605
BL2249,2016,7,63,68,2.595,0.0423
BL0151,2009,9,90,97,8.284,0.1341
BL2176,2018,8,119,129,19.813,0.3205
BL2203,2015,8,85,92,6.341,0.1026
BL2364,2019,8,108,119,15.705,0.2537
BL2407,2019,7,56,61,1.8473,0.0298
BL0915,2012,8,59.33,65.32,2.1306,0.0341
BL2320,2017,7,64,69,2.183,0.0346
BL2230,2014,8,112,120,14.412,0.2267
BL0941,2012,8,64.31,70.08,2.7081,0.0423
BL0148,2009,9,83,90,6.4323,0.0997
BL2298,2016,7,62,67,2.56,0.0393
BL2367,2019,8,133,154,34.736,0.5309
BL0088,2009,8,59,64,2.2355,0.0338
BL2336,2016,7,60,65,1.8817,0.0284
BL2254,2016,7,63,67,2.5542,0.0384
BL0964,2012,8,61.88,67.56,2.4389,0.0367
BL0918,2012,8,69.61,74.59,3.6199,0.0541
BL0944,2012,8,63.66,69.49,2.6052,0.0389
BL0113,2009,8,59,64,2.2461,0.0335
BL2243,2016,7,70,75,3.623,0.0537
BL2247,2016,7,72,78,4.1824,0.062
BL2431,2012,8,85,92,7.3316,0.1083
BL2169,2018,8,123,135,23.8667,0.351
BL2361,2019,8,99,105,11.846,0.1739
BL0029,2009,8,74,80,4.3075,0.0629
BL2347,2016,7,67,72,3.046,0.0444
BL2417,2012,8,69,75,3.08583,0.04474
BL2224,2015,8,95,107,10.147,0.1464
BL2017,2018,7,65,69,2.7145,0.0391
BL0103,2009,8,61,66,2.4087,0.0346
BL2318,2017,7,87,93,6.731,0.0965
BL1010,2012,7,41.92,46.38,0.6909,0.0099
BL2384,2019,7,63,67,2.8714,0.0406
BL0006,2009,8,57,63,2.0884,0.0295
BL1011,2012,7,43.37,47.35,0.8731,0.0122
BL2205,2015,8,93,100,8.048,0.1122
BL2206,2015,8,106,114,11.8575,0.1652
BL2214,2018,8,74,80,4.1738,0.0581
BL0149,2009,9,92,100,8.7481,0.1217
BL2098,2013,8,74,80,3.8584,0.0534
BL2291,2017,7,64,69,2.555,0.0353
BL0108,2009,8,78,84,5.3009,0.0733
BL2007,2018,7,87,94,7.3014,0.1009
BL2242,2016,7,52,57,1.402,0.0193
BL0170,2009,9,87,94,6.5871,0.0906
BL2212,2018,8,78,84,5.1038,0.07
BL2190,2018,8,90,96,8.7569,0.12
BL2181,2018,8,82,89,6.4435,0.0874
BL2302,2016,7,57,63,1.822,0.0247
BL2019,2018,7,54,60,1.615,0.0219
BL2427,2012,8,55,59,1.524,0.02065
BL2029,2018,7,95,103,9.2255,0.1248
BL2335,2016,7,68,73,3.036,0.041
BL2244,2016,7,65,70,3.054,0.0411
BL0952,2012,8,66.45,71.45,2.9491,0.0393
BL2000,2018,7,64,69,2.6393,0.0351
BL0153,2009,9,87,95,7.1952,0.0956
BL0083,2009,8,61,66,2.337,0.031
BL2045,2018,7,70,74,3.8338,0.0509
BL0080,2009,8,65,70,3.0644,0.0405
BL0107,2009,8,62,68,2.5579,0.0338
BL0095,2009,8,49,54,1.2804,0.0169
BL2305,2016,7,54,59,1.5837,0.0209
BL0031,2009,8,72,NA,4.7181,0.0619
BL0174,2009,9,62,67,2.5209,0.033
BL0950,2012,8,62.42,66.66,2.2847,0.0299
BL2313,2017,7,57,62,1.523,0.0199
BL0127,2009,8,72,78,4.3989,0.0574
BL0983,2012,7,42.53,46.56,0.6641,0.0087
BL2028,2018,7,78,84,4.961,0.0646
BL2413,2008,8,77,79,3.7526,0.0486
BL0126,2009,8,76,81,4.3411,0.0562
BL2346,2016,7,65,70,2.789,0.0357
BL2306,2016,7,50,54,1.2247,0.0157
BL0958,2012,7,45.87,49.9,0.9941,0.0127
BL2002,2018,7,61,66,2.4815,0.0317
BL2270,2017,8,82,88,6.146,0.0785
BL2404,2019,7,60,64,2.4155,0.0307
BL0154,2009,9,78,84,4.6764,0.0593
BL2014,2018,7,50,55,1.2373,0.0157
BL2375,2019,8,97,104,10.194,0.1289
BL2250,2016,7,62,67,2.493,0.0315
BL0109,2009,8,61,66,2.5828,0.0326
BL0014,2009,8,82,89,6.3889,0.0804
BL2004,2018,7,63,68,2.5774,0.0323
BL2221,2015,8,105,114,14.137,0.1765
BL2139,2014,7,53,57,1.5043,0.0187
BL0020,2009,8,70,NA,3.613,0.0449
BL0909,2012,8,67.23,73.45,2.9867,0.0369
BL0110,2009,8,63,68,2.8295,0.0349
BL0937,2012,8,58.44,64.26,2.0266,0.025
BL2442,2012,7,43,51,0.80869,0.00996
BL0160,2009,9,88,95,7.39,0.0908
BL2293,2017,7,58,64,2.019,0.0248
BL0953,2012,8,63.19,68.68,2.5587,0.0313
BL0035,2009,8,71,78,4.1294,0.0504
BL2183,2018,8,84,91,6.674,0.0813
BL0162,2009,9,85,92,7.2993,0.0887
BL0945,2012,8,75.76,82.04,4.3193,0.0524
BL0155,2009,9,61,66,2.5479,0.0306
BL0099,2009,8,68,73,3.624,0.0434
BL0164,2009,9,82,90,6.6719,0.0797
BL0940,2012,8,72.95,79.57,3.9803,0.0474
BL0947,2012,8,82.64,89.81,5.6175,0.0668
BL2108,2013,8,74,80,4.3732,0.052
BL2112,2013,8,60,65,2.1458,0.0255
BL0977,2012,7,38.03,41.98,0.4924,0.0058
BL0173,2009,9,81,89,6.0406,0.0717
BL0159,2009,9,93,102,8.6958,0.103
BL2323,2017,7,65,69,1.998,0.0236
BL2135,2014,7,37,42,0.5894,0.0069
BL2457,2012,7,39,43,0.56384,0.00661
BL0156,2009,9,79,74,5.4216,0.0635
BL0150,2009,9,93,100,9.321,0.1091
BL0122,2009,8,69,74,3.7421,0.0438
BL0082,2009,8,63,68,2.5242,0.0295
BL0104,2009,8,76,83,4.8718,0.0569
BL0004,2009,8,64,78,4.0544,0.0469
BL0106,2009,8,72,78,4.2299,0.0488
BL2463,2012,7,42,45,0.72095,0.00831
BL0951,2012,8,76.82,83.24,4.6684,0.0538
BL2223,2015,8,102,109,12.626,0.145
BL2137,2014,7,43,47,0.7118,0.0081
BL2030,2018,7,75,80,4.3343,0.0493
BL0973,2012,7,39.91,43.93,0.5381,0.0061
BL2258,2017,8,75,82,4.561,0.0518
BL0963,2012,8,76.7,85.33,5.206,0.0591
BL2025,2018,7,85,90,5.729,0.0649
BL0925,2012,8,61.35,67.55,2.3687,0.0268
BL0923,2012,8,73.77,80.3,4.1373,0.0468
BL2316,2017,7,60,65,2.445,0.0276
BL0032,2009,8,68,75,3.9128,0.0441
BL2043,2018,7,56,60,1.6247,0.0182
BL2415,2012,8,78,83,5.19379,0.0583
BL0959,2012,7,38.37,41.29,0.5616,0.0063
BL0167,2009,9,87,95,7.7031,0.0863
BL0191,2009,8,68,73,3.4115,0.0382
BL0187,2009,9,77,83,4.909,0.0549
BL0152,2009,9,81,87,5.4191,0.0603
BL0021,2009,8,70,75,3.7352,0.0414
BL2172,2018,8,110,118,14.2979,0.1583
BL0177,2009,9,71,77,3.9755,0.0437
BL0976,2012,7,39.18,43.66,0.5369,0.0059
BL0161,2009,9,83,91,6.3869,0.0696
BL2295,2017,7,58,63,1.822,0.0198
BL2290,2017,7,71,77,4.1499,0.045
BL0093,2009,8,62,67,2.6324,0.0285
BL0938,2012,8,62.83,67.81,2.4814,0.0268
BL2436,2012,8,58,63,2.0735,0.0222
BL0114,2009,8,64,69,2.9151,0.0312
BL2424,2012,8,54,57,1.48231,0.01579
BL2267,2017,8,74,80,3.364,0.0358
BL2410,2008,8,87,93,6.6451,0.0707
BL0946,2012,8,69.02,74.93,3.2998,0.0351
BL2322,2017,7,65,70,2.835,0.0301
BL2213,2018,8,77,82,4.554,0.0483
BL0046,2009,9,58,64,2.1837,0.023
BL2026,2018,7,82,87,5.7276,0.0603
BL2031,2018,7,83,89,5.9426,0.0625
BL2315,2017,7,63,68,2.712,0.0284
BL0190,2009,8,70,75,3.5603,0.0373
BL1007,2012,7,37.19,41.15,0.4396,0.0046
BL0996,2012,7,39.44,43.35,0.6616,0.0069
BL0111,2009,8,69,74,3.8478,0.04
BL0001,2009,8,77,82,4.1641,0.0432
BL0924,2012,8,63.86,69.16,2.7774,0.0288
BL0920,2012,8,51.49,55.95,1.3649,0.0141
BL0929,2012,8,69.54,75.56,3.7682,0.039
BL2443,2012,7,38,44,0.58094,0.006
BL2003,2018,7,64,69,2.5353,0.0261
BL0175,2009,9,78,85,5.0608,0.0519
BL2333,2016,7,64,73,2.664,0.0273
BL0102,2009,8,68,74,3.4119,0.0349
BL0157,2009,9,92,100,8.4596,0.0865
BL2199,2018,8,64,70,2.5847,0.0264
BL0956,2012,8,62.94,68.78,2.5383,0.0259
BL2185,2018,8,65,70,2.8485,0.029
BL0926,2012,8,69.57,75.93,3.2973,0.0335
BL0084,2009,8,75,82,4.6804,0.0475
BL0954,2012,8,67.52,74.45,3.3207,0.0337
BL2292,2017,7,61,66,2.444,0.0247
BL2027,2018,7,60,65,2.0577,0.0207
BL2210,2018,8,92,98,7.8224,0.0784
BL0198,2009,8,60,65,2.4986,0.025
BL2220,2015,8,99,107,10.629,0.1058
BL2326,2017,7,64,68,3.017,0.03
BL0943,2012,8,71.87,78.15,3.6905,0.0366
BL2238,2016,7,62,67,2.5306,0.0249
BL0974,2012,7,43.67,47.4,0.831,0.0082
BL0935,2012,8,82.34,88.56,5.6842,0.0559
BL0038,2009,8,67,73,3.2975,0.0324
BL2039,2018,7,41,45,0.5365,0.0053
BL2191,2018,8,87,95,8.377,0.0816
BL0178,2009,9,85,92,6.6156,0.0644
BL1001,2012,7,48.69,53.06,1.0839,0.0105
BL2158,2014,7,61,66,2.2528,0.0218
BL2173,2018,8,116,124,17.7135,0.1709
BL2296,2017,7,57,62,1.868,0.018
BL0961,2012,8,73.27,78.48,4.0421,0.0389
BL2411,2008,8,79,86,5.2603,0.0506
BL0193,2009,8,67,73,3.3795,0.0325
BL2148,2014,7,55,60,1.5225,0.0146
BL0939,2012,8,65.98,69.38,2.9127,0.0278
BL2328,2017,7,38,41,0.531,0.0051
BL0069,2009,7,33,36,0.3675,0.0035
BL2229,2014,8,96,104,8.986,0.0854
BL2314,2017,7,55,60,1.496,0.0142
BL2170,2018,8,130,139,22.1065,0.2094
BL2294,2017,7,58,63,2.0015,0.0189
BL0030,2009,8,65,70,2.6537,0.0251
BL2196,2018,8,69,75,2.7962,0.0264
BL0166,2009,9,75,81,4.337,0.0409
BL2042,2018,7,50,55,1.0296,0.0097
BL0116,2009,8,66,72,3.1886,0.03
BL2421,2012,8,60,65,2.40519,0.02261
BL2340,2016,7,68,73,3.114,0.0292
BL0948,2012,8,61.95,66.34,2.3895,0.0224
BL0100,2009,8,70,76,3.988,0.0372
BL0957,2012,8,65.65,71.09,2.9209,0.0272
BL2215,2015,8,86,92,6.721,0.0625
BL0009,2009,8,52,NA,1.8785,0.0174
BL0085,2009,8,61,66,2.4797,0.0229
BL2034,2018,7,67,73,3.0997,0.0286
BL2151,2014,7,42,47,0.7133,0.0065
BL0005,2009,8,52,56,1.2153,0.0111
BL0117,2009,8,70,76,3.7285,0.0338
BL0192,2009,8,59,65,2.284,0.0207
BL0134,2009,8,68,73,2.2484,0.0203
BL0112,2009,8,63,68,2.6487,0.0239
BL2299,2016,7,65,70,2.859,0.0257
BL2116,2013,8,103,112,12.5569,0.112
BL0928,2012,8,60.08,65.91,2.2276,0.0197
BL0970,2012,8,69.1,75.51,3.5962,0.0317
BL0027,2009,8,67,NA,3.0681,0.027
BL0171,2009,9,72,84,4.7861,0.0421
BL0115,2009,8,69,75,3.6856,0.0324
BL2337,2016,7,62,67,2.365,0.0207
BL2057,2013,7,51,56,1.2017,0.0105
BL2239,2016,7,68,74,3.419,0.0299
BL0097,2009,8,61,66,2.5789,0.0225
BL2033,2018,7,74,80,4.2301,0.0369
BL0181,2009,9,87,95,7.1296,0.062
BL2454,2012,7,49,55,1.09027,0.00942
BL2134,2014,7,51,56,1.2243,0.0106
BL2038,2018,7,64,69,2.8464,0.0245
BL0013,2009,8,78,85,5.1431,0.0442
BL0185,2009,9,90,97,7.9781,0.0685
BL0092,2009,8,60,65,2.3813,0.0204
BL1000,2012,7,40.74,44.7,0.7451,0.0063
BL0067,2009,7,42,NA,0.7793,0.0066
BL0969,2012,8,65.63,71.86,2.8973,0.0245
BL0040,2009,8,70,75,3.496,0.0294
BL2023,2018,7,72,86,3.3645,0.0283
BL0936,2012,8,80.4,86.27,4.814,0.0404
BL0179,2009,9,80,86,5.2372,0.0438
BL2032,2018,7,61,66,2.2955,0.0191
BL0024,2009,8,63,68,2.9333,0.0243
BL2138,2014,7,55,60,1.7441,0.0144
BL2011,2018,7,50,55,1.2367,0.0102
BL2310,2015,7,53,58,1.338,0.011
BL0962,2012,8,63.23,69.7,2.5094,0.0206
BL2080,2013,7,66,72,2.5744,0.021
BL2189,2018,8,57,62,1.9021,0.0155
BL0163,2009,9,78,85,5.07,0.0413
BL2041,2018,7,58,63,2.0273,0.0164
BL1012,2012,7,35.96,39.51,0.4301,0.0035
BL0018,2009,8,72,78,4.3821,0.0354
BL2131,2014,7,45,49,0.8343,0.0067
BL2377,2019,8,92,100,9.0355,0.0723
BL2175,2018,8,112,120,14.2195,0.1134
BL2036,2018,7,61,66,2.1277,0.0169
BL2192,2018,8,77,83,4.9431,0.0393
BL2342,2016,7,60,65,1.812,0.0143
BL0007,2009,8,57,61,1.8135,0.0143
BL2149,2014,7,50,55,1.0911,0.0086
BL2022,2018,7,54,68,1.5272,0.012
BL2037,2018,7,62,67,2.3225,0.0182
BL0993,2012,7,41.55,46.33,0.6461,0.005
BL2021,2018,7,58,63,1.9071,0.0148
BL0025,2009,8,66,71,3.0612,0.0238
BL0118,2009,8,65,70,3.1258,0.0242
BL2309,2015,7,47,52,0.59,0.0046
BL2188,2018,8,57,63,1.7083,0.0132
BL2432,2012,8,76,82,4.83871,0.03693
BL2217,2015,8,91,98,7.488,0.0571
BL0059,2009,7,42,45,0.7368,0.0056
BL2339,2016,7,62,67,2.335,0.0177
BL2448,2012,7,56,60,2.06507,0.0156
BL0044,2009,9,72,78,4.1436,0.0313
BL2288,2017,7,67,73,3.354,0.0253
BL2008,2018,7,96,103,9.5194,0.0718
BL2184,2018,8,90,98,9.7499,0.0734
BL0003,2009,8,58,62,2.1426,0.0161
BL0199,2009,8,55,60,1.9321,0.0145
BL0176,2009,9,92,100,8.5733,0.064
BL0966,2012,8,58.58,64.34,2.2047,0.0164
BL0023,2009,8,75,82,4.718,0.0352
BL2096,2013,8,65,70,2.5052,0.0187
BL0967,2012,8,63.76,66.82,2.5836,0.0191
BL2064,2013,7,48,53,1.2005,0.0089
BL0033,2009,8,69,73,2.9918,0.0221
BL2201,2015,8,101,111,10.7229,0.0792
BL0972,2012,7,43.97,47.52,0.8292,0.0061
BL0096,2009,8,75,80,4.2777,0.0314
BL0955,2012,8,58.76,64.03,1.9556,0.0144
BL0146,2009,8,81,89,6.4048,0.0467
BL2159,2014,7,58,63,1.8127,0.0131
BL0043,2009,9,60,66,2.5687,0.0186
BL2193,2018,8,73,78,4.8877,0.0354
BL0039,2009,8,61,65,2.3642,0.0171
BL0196,2009,8,82,NA,6.3918,0.0462
BL0158,2009,9,96,104,9.0153,0.065
BL2416,2012,8,95,103,10.40589,0.0749
BL2207,2015,8,90,97,7.7425,0.0557
BL2146,2014,7,50,55,1.2967,0.0093
BL0960,2012,7,38.7,42.67,0.6211,0.0044
BL0168,2009,9,74,80,4.2414,0.0302
BL2061,2013,7,48,53,0.9591,0.0068
BL1002,2012,7,37.93,41.67,0.5695,0.004
BL0942,2012,8,56.76,61.12,1.8576,0.0131
BL0036,2009,8,70,75,3.729,0.0263
BL0061,2009,7,37,40,0.5247,0.0037
BL2271,2017,8,55,60,1.33,0.0094
BL2166,2014,7,48,53,1.0789,0.0076
BL2327,2017,7,64,69,2.558,0.0179
BL2016,2018,7,56,62,2.1241,0.0148
BL0968,2012,8,67.15,73.59,3.491,0.0243
BL2044,2018,7,55,61,1.6174,0.0113
BL2251,2016,7,57,62,1.728,0.012
BL2195,2018,8,67,72,3.1176,0.0215
BL0017,2009,8,78,85,4.7041,0.0324
BL0927,2012,8,63.3,68.64,2.3611,0.0162
BL2073,2013,7,56,61,1.5073,0.0104
BL2236,2016,7,70,75,3.9249,0.0269
BL0994,2012,7,35.15,39.25,0.3904,0.0027
BL2024,2018,7,54,59,1.7206,0.0118
BL0131,2009,8,77,84,4.7587,0.0324
BL2163,2014,7,47,51,0.9717,0.0065
BL0982,2012,7,33.4,36.34,0.3481,0.0023
BL2083,2013,7,53,58,1.3564,0.0091
BL2304,2016,7,54,59,1.437,0.0096
BL0135,2009,8,76,80,4.7918,0.032
BL2330,2017,7,47,51,1.204,0.008
BL0123,2009,8,79,85,5.4417,0.0362
BL0028,2009,8,71,78,3.8937,0.0259
BL0975,2012,7,33.8,37.25,0.382,0.0025
BL0194,2009,8,77,83,5.3939,0.0357
BL2257,2017,8,76,82,4.444,0.0293
BL0197,2009,8,74,NA,4.5083,0.0296
BL0049,2009,8,52,57,1.3875,0.0091
BL2204,2015,8,90,98,7.3084,0.0478
BL2287,2017,7,54,59,1.481,0.0097
BL2058,2013,7,54,59,1.3697,0.0089
BL0949,2012,8,66.48,72.22,2.9943,0.0195
BL0010,2009,8,48,53,1.1427,0.0074
BL2177,2018,8,105,114,13.0661,0.0845
BL2276,2017,8,75,82,5.056,0.0326
BL2429,2012,8,58,62,1.66438,0.01072
BL0066,2009,7,39,NA,0.5301,0.0034
BL0119,2009,8,69,74,3.4418,0.022
BL0182,2009,9,87,94,7.4665,0.0477
BL2009,2018,7,85,91,6.3258,0.0402
BL2282,2017,8,53,58,1.4264,0.0091
BL2332,2017,7,62,67,2.71,0.0171
BL2218,2015,8,93,100,9.233,0.0581
BL2438,2012,8,69,75,3.12921,0.01968
BL2075,2013,7,50,55,0.8237,0.0052
BL0132,2009,8,63,68,2.485,0.0155
BL0065,2009,7,45,49,0.9621,0.006
BL2187,2018,8,65,70,2.8792,0.0179
BL0125,2009,8,63,68,2.6789,0.0166
BL2107,2013,8,87,94,7.6188,0.0466
BL0121,2009,8,59,64,2.1355,0.0129
BL0087,2009,8,71,77,3.7645,0.0227
BL2111,2013,8,85,92,6.3384,0.0381
BL2035,2018,7,40,44,0.5715,0.0034
BL2001,2018,7,71,77,3.8704,0.0232
BL0089,2009,8,63,69,2.831,0.0169
BL2072,2013,7,53,58,1.3721,0.0082
BL0180,2009,9,77,83,5.0963,0.0302
BL2197,2018,8,67,73,3.1684,0.0187
BL2319,2017,7,60,65,2.226,0.0131
BL2420,2012,8,92,99,7.91829,0.0464
BL0068,2009,7,41,45,0.7705,0.0045
BL0992,2012,7,40.29,44.67,0.645,0.0038
BL0931,2012,8,65.84,72.36,2.796,0.0163
BL0186,2009,9,88,90,6.221,0.0362
BL2141,2014,7,56,61,1.6559,0.0096
BL2078,2013,7,44,48,0.7812,0.0045
BL2093,2013,8,69,74,2.7607,0.0159
BL2300,2016,7,57,62,1.8775,0.0108
BL2105,2013,8,62,66,2.184,0.0124
BL0136,2009,8,72,78,4.1236,0.0234
BL0056,2009,7,40,45,0.6874,0.0039
BL2118,2013,8,70,75,3.26,0.0185
BL0120,2009,8,70,75,3.6398,0.0206
BL2015,2018,7,50,55,1.1251,0.0063
BL2226,2015,8,95,103,9.045,0.0507
BL0051,2009,8,52,55,1.394,0.0078
BL2182,2018,8,70,78,3.5549,0.0198
BL0022,2009,8,66,72,3.2406,0.018
BL2049,2013,7,41,46,0.6868,0.0038
BL0128,2009,8,56,63,1.949,0.0108
BL2260,2017,8,80,85,5.089,0.028
BL2227,2015,8,85,92,5.699,0.0313
BL0015,2009,8,68,73,3.2327,0.0176
BL1005,2012,7,34.5,37.53,0.4386,0.0024
BL0202,2009,8,47,NA,1.0937,0.0059
BL2426,2012,8,58,64,2.06413,0.01112
BL2100,2013,8,76,82,3.6736,0.0198
BL2174,2018,8,113,121,11.8967,0.0639
BL2312,2017,7,57,62,1.674,0.009
BL1003,2012,7,41.59,45.82,0.7655,0.0041
BL2040,2018,7,49,53,0.9309,0.0049
BL2089,2013,8,67,72,2.9768,0.0158
BL0991,2012,7,41.8,46.59,0.7541,0.004
BL2459,2012,7,35,38,0.3863,0.00203
BL2303,2016,7,58,64,2.082,0.0109
BL2283,2017,8,52,56,1.1365,0.006
BL0533,2006,8,58,64,1.7221,0.009
BL2445,2012,7,55,62,2.01102,0.01038
BL2281,2017,8,96,103,9.895,0.051
BL0172,2009,9,83,91,5.5412,0.0285
BL2284,2017,8,83,90,5.925,0.0303
BL0990,2012,7,36.52,40.27,0.4373,0.0022
BL2200,2015,8,99,107,12.0643,0.0616
BL2440,2012,7,40,45,0.70926,0.00361
BL2308,2015,7,53,57,1.455,0.0074
BL2006,2018,7,86,92,6.8224,0.0346
BL2143,2014,7,46,51,0.8545,0.0043
BL2456,2012,7,41,44,0.589,0.00298
BL1013,2012,7,36.06,39.72,0.4495,0.0023
BL0050,2009,8,58,63,1.9197,0.0096
BL2329,2017,7,45,49,0.914,0.0046
BL2068,2013,7,61,66,1.9713,0.0098
BL0200,2009,8,69,75,3.672,0.0182
BL1006,2012,7,45.24,48.99,0.9674,0.0048
BL2103,2013,8,71,76,3.3855,0.0166
BL0169,2009,9,79,85,4.9266,0.0241
BL2074,2013,7,51,56,1.0754,0.0052
BL0913,2012,8,51.64,56.42,1.4156,0.0068
BL2321,2017,7,59,64,1.978,0.0095
BL0091,2009,8,62,67,1.5389,0.0074
BL1009,2012,7,38.87,42.74,0.5824,0.0028
BL0060,2009,7,43,46,0.7522,0.0036
BL2010,2018,7,62,68,2.5521,0.0122
BL0143,2009,8,77,83,5.6387,0.0269
BL0984,2012,7,39.59,42.88,0.738,0.0035
BL0090,2009,8,67,72,3.28,0.0155
BL2054,2013,7,48,52,1.0588,0.005
BL2433,2012,8,69,75,3.60316,0.0169
BL0921,2012,8,55.53,60.63,1.687,0.0078
BL2231,2014,8,101,109,10.907,0.0507
BL2020,2018,7,59,64,2.0578,0.0095
BL0137,2009,8,68,72,3.4126,0.0158
BL2110,2013,8,88,95,7.1072,0.0329
BL0130,2009,8,73,80,4.1325,0.019
BL0981,2012,7,33.67,37.71,0.3613,0.0017
BL1004,2012,7,38.77,43.1,0.5595,0.0026
BL0922,2012,8,65.37,71.19,2.9901,0.0136
BL2268,2017,8,78,85,4.456,0.0203
BL2264,2017,8,77,83,4.599,0.0209
BL2144,2014,7,60,65,2.1194,0.0096
BL0919,2012,8,62.64,67.23,2.3075,0.0104
BL0026,2009,8,57,62,2.1988,0.0099
BL0277,2006,8,60,65,2.3203,0.0104
BL2434,2012,8,65,70,3.9955,0.0178
BL2178,2018,8,103,112,12.9459,0.0576
BL0184,2009,9,81,88,5.7394,0.0254
BL2202,2015,8,79,86,4.834,0.0213
BL0072,2009,7,39,43,0.638,0.0028
BL2430,2012,8,84,90,7.23201,0.03147
BL2461,2012,7,52,56,1.35128,0.00581
BL0189,2009,8,59,NA,2.0708,0.0089
BL2198,2018,8,57,62,1.9111,0.0082
BL0145,2009,8,74,80,4.9482,0.021
BL2071,2013,7,47,51,0.7589,0.0032
BL0985,2012,7,38.06,42.16,0.5079,0.0021
BL0047,2009,9,64,68,2.7358,0.0114
BL2269,2017,8,90,95,6.524,0.0271
BL0147,2009,8,80,86,6.0117,0.0249
BL0133,2009,8,60,65,2.1359,0.0088
BL2121,2013,8,78,84,5.0188,0.0206
BL2018,2018,7,73,78,4.3255,0.0177
BL2418,2012,8,61,65,2.20674,0.00899
BL2209,2015,8,98,105,9.9421,0.0404
BL0048,2009,9,58,63,2.1669,0.0088
BL2341,2016,7,70,75,3.283,0.0133
BL2275,2017,8,100,109,9.6855,0.039
BL2428,2012,8,52,57,1.38432,0.00553
BL0979,2012,7,45.72,50.32,0.8436,0.0034
BL0012,2009,8,76,81,4.5477,0.0178
BL2307,2015,7,48,53,1.004,0.0039
BL0011,2009,8,54,59,1.6512,0.0063
BL0989,2012,7,38.58,42.41,0.5533,0.0021
BL2462,2012,7,41,45,0.70391,0.00268
BL0008,2009,8,86,93,6.2877,0.0239
BL0052,2009,8,73,80,4.2616,0.0161
BL0053,2009,8,80,86,5.228,0.0195
BL2228,2015,8,95,102,10.186,0.0379
BL0057,2009,7,45,49,0.8875,0.0033
BL2147,2014,7,55,60,1.6153,0.006
BL2152,2014,7,48,53,1.005,0.0037
BL2052,2013,7,44,48,0.7498,0.0028
BL0271,2006,8,64,69,2.494,0.0092
BL0195,2009,8,59,65,2.4704,0.0091
BL0252,2006,8,60,65,2.1019,0.0077
BL2334,2016,7,60,64,2.084,0.0076
BL2263,2017,8,76,83,4.3542,0.0159
BL0144,2009,8,78,84,4.8796,0.0177
BL2422,2012,8,59,64,2.47617,0.00894
BL0063,2009,7,40,NA,0.6926,0.0025
BL2164,2014,7,53,57,1.3622,0.0049
BL2123,2013,8,78,84,4.6737,0.0166
BL2232,2016,7,70,75,3.044,0.0106
BL2012,2018,7,44,49,0.822,0.0029
BL2013,2018,7,52,56,1.174,0.0041
BL0930,2012,8,65.69,71.12,2.7811,0.0094
BL2338,2016,7,61,65,1.838,0.0062
BL0070,2009,7,41,45,0.7399,0.0025
BL0251,2006,8,69,74,2.8196,0.0095
BL2140,2014,7,55,59,1.486,0.0049
BL2130,2014,7,57,61,1.9004,0.0063
BL0076,2009,7,39,43,0.6686,0.0022
BL2126,2015,7,45,49,0.8028,0.0026
BL0075,2009,7,45,49,0.943,0.0031
BL2331,2017,7,58,62,1.979,0.0065
BL2113,2013,8,66,72,2.7282,0.0088
BL2261,2017,8,83,90,5.5568,0.0179
BL0142,2009,8,62,68,2.6037,0.0084
BL2122,2013,8,87,95,6.9203,0.0223
BL2274,2017,8,88,95,6.5657,0.0211
BL2063,2013,7,54,59,1.2271,0.0039
BL0054,2009,7,43,48,0.7838,0.0025
BL0911,2012,8,64.87,70.69,3.0282,0.0092
BL2168,2014,7,40,44,0.675,0.002
BL2194,2018,8,74,82,3.8704,0.0116
BL2344,2016,7,62,67,2.302,0.0069
BL0912,2012,8,57.22,62.81,1.8535,0.0055
BL0016,2009,8,66,72,3.3997,0.0101
BL2129,2015,7,41,46,0.6125,0.0018
BL0280,2006,8,63,69,2.4193,0.0071
BL2114,2013,8,88,95,7.3518,0.0215
BL0183,2009,9,75,82,4.9438,0.0143
BL2053,2013,7,50,55,1.3037,0.0038
BL2154,2014,7,52,57,1.3521,0.0039
BL2343,2016,7,56,60,1.612,0.0046
BL0124,2009,8,61,67,2.2751,0.0065
BL0986,2012,7,39.79,43.32,0.5631,0.0016
BL0138,2009,8,52,57,1.554,0.0043
BL0207,2009,8,46,50,0.8034,0.0022
BL0998,2012,7,33.47,36.04,0.379,0.001
BL2208,2015,8,80,87,5.5916,0.015
BL2145,2014,7,55,60,1.3428,0.0036
BL0393,2006,8,67,73,3.0062,0.008
BL0987,2012,7,39.09,42.53,0.639,0.0017
BL2437,2012,8,59,64,2.34719,0.00606
BL2160,2014,7,45,49,0.7884,0.002
BL0055,2009,7,42,NA,1.0057,0.0025
BL0071,2009,7,41,45,0.684,0.0017
BL0203,2009,8,45,50,1.0478,0.0026
BL0253,2006,8,57,62,1.9447,0.0048
BL2060,2013,7,51,56,0.9474,0.0023
BL2106,2013,8,82,87,5.9524,0.0143
BL0828,2010,7,42,46,0.3808,0.0009
BL2179,2018,8,108,115,12.9072,0.0305
BL0270,2006,8,64,70,2.7994,0.0066
BL2425,2012,8,54,57,1.48035,0.00347
BL2117,2013,8,63,68,2.4082,0.0056
BL2092,2013,8,55,60,1.6729,0.0039
BL0242,2009,7,41,44,0.7325,0.0017
BL2279,2017,8,92,100,6.908,0.0159
BL2458,2012,7,40,44,0.54667,0.00125
BL0098,2009,8,63,68,2.6724,0.0061
BL2120,2013,8,76,82,4.4008,0.01
BL0276,2006,8,92,99,8.411,0.019
BL2435,2012,8,66,71,3.00482,0.00671
BL2256,2017,8,92,100,6.839,0.0152
BL2055,2013,7,46,51,1.0763,0.0024
BL0778,2010,7,53,58,1.6295,0.0036
BL0064,2009,7,40,44,0.6869,0.0015
BL2081,2013,7,52,56,1.3802,0.0029
BL2277,2017,8,96,104,8.9207,0.0187
BL0874,2010,7,49,53,1.294,0.0027
BL0062,2009,7,42,45,0.8157,0.0017
BL0505,2006,8,59,64,1.9247,0.004
BL2446,2012,7,46,49,1.00923,0.00209
BL0077,2009,7,41,46,0.7729,0.0016
BL2133,2014,7,55,60,1.7064,0.0034
BL0041,2009,8,74,81,3.7962,0.0075
BL0820,2010,7,50,55,1.5787,0.0031
BL2414,2012,8,69,74,3.36854,0.00656
BL0781,2010,7,48,53,1.3367,0.0026
BL0999,2012,7,35.08,38.07,0.3781,0.0007
BL0882,2010,8,57,63,1.865,0.0035
BL2124,2013,8,83,89,5.525,0.0103
BL0201,2009,8,49,NA,1.1777,0.0022
BL0206,2009,8,48,51,0.7514,0.0014
BL2439,2012,8,48,53,1.19755,0.00222
BL0019,2009,8,71,78,4.5254,0.0083
BL0910,2012,8,72.07,78.48,3.0573,0.0055
BL0254,2006,8,64,70,2.6127,0.0047
BL2325,2017,7,35,39,0.3748,0.0007
BL2046,2013,7,42,46,0.777,0.0014
BL2259,2017,8,79,85,5.094,0.009
BL0506,2006,8,77,85,4.5898,0.008
BL2311,2015,7,46,50,1.027,0.0018
BL2265,2017,8,76,81,4.254,0.0074
BL0255,2006,8,60,65,2.2539,0.0038
BL2272,2017,8,91,98,7.4966,0.0124
BL2101,2013,8,78,84,3.9715,0.0065
BL2262,2017,8,87,95,6.4395,0.0105
BL0881,2010,8,77,84,5.2236,0.0083
BL0268,2006,8,67,72,3.3591,0.0053
BL0548,2008,8,62,67,1.6029,0.0025
BL0670,2008,8,70,76,2.3132,0.0036
BL0539,2008,8,70,77,2.3854,0.0037
BL0840,2010,7,45,50,0.9034,0.0014
BL0045,2009,9,67,72,2.7794,0.0043
BL0932,2012,8,55.07,60.16,1.4934,0.0023
BL0666,2008,8,68,74,2.1481,0.0032
BL0272,2006,8,61,67,2.8566,0.0042
BL0965,2012,8,55.06,60.61,1.6804,0.0025
BL2266,2017,8,82,88,5.206,0.0076
BL0058,2009,7,43,47,0.7645,0.0011
BL2067,2013,7,50,54,0.9931,0.0014
BL2062,2013,7,48,53,0.9171,0.0013
BL0643,2008,8,71,78,2.6762,0.0038
BL0724,2007,8,48,52,0.6364,0.0009
BL2441,2012,7,40,43,0.59564,0.00083
BL2051,2013,7,48,53,1.319,0.0018
BL0588,2008,8,50,54,0.7201,0.001
BL0883,2010,8,75,82,4.6495,0.0062
BL0663,2008,8,70,76,2.0442,0.0027
BL0139,2009,8,56,61,1.9068,0.0025
BL0885,2010,8,65,NA,3.1669,0.0041
BL0165,2009,9,80,87,5.5725,0.0072
BL0875,2010,7,50,54,1.402,0.0018
BL0245,2009,7,40,44,0.7048,0.0009
BL0880,2010,8,64,71,2.8347,0.0036
BL2142,2014,7,45,49,0.7441,0.0009
BL2285,2017,8,76,83,4.106,0.0051
BL2119,2013,8,92,99,9.2426,0.0113
BL0247,2009,7,39,43,0.6556,0.0008
BL0722,2007,8,52,55,0.6612,0.0008
BL0073,2009,7,40,NA,0.5057,0.0006
BL0074,2009,7,32,39,0.4319,0.0005
BL2278,2017,8,84,91,5.5913,0.0065
BL0278,2006,8,65,71,2.7814,0.0032
BL2127,2015,7,46,51,0.9111,0.001
BL0887,2010,8,70,NA,3.5078,0.004
BL0642,2008,8,79,87,3.4427,0.0039
BL0540,2008,8,90,98,4.6832,0.0052
BL0274,2006,8,74,81,4.9042,0.0054
BL0837,2010,7,46,51,1.1824,0.0013
BL0140,2009,8,62,68,2.5818,0.0028
BL2076,2013,7,44,49,0.871,0.0009
BL0838,2010,7,48,53,1.2295,0.0013
BL0668,2008,8,73,79,2.4697,0.0026
BL0549,2008,8,72,78,2.4021,0.0025
BL0736,2007,8,42,45,0.594,0.0006
BL0859,2010,7,40,44,0.6952,0.0007
BL0538,2008,8,85,92,3.9843,0.004
BL0661,2008,8,76,84,2.7026,0.0027
BL0779,2010,7,50,55,1.3156,0.0013
BL0783,2010,7,48,53,1.2252,0.0012
BL0720,2007,8,50,55,0.723,0.0007
BL0871,2010,7,46,51,1.0341,0.001
BL0380,2006,8,72,78,3.9537,0.0038
BL0851,2010,7,41,45,0.8325,0.0008
BL0648,2008,8,77,84,3.0421,0.0029
BL2084,2013,7,54,58,1.0552,0.001
BL0729,2007,8,50,55,0.765,0.0007
BL0867,2010,7,40,44,0.6572,0.0006
BL0450,2006,8,58,64,2.104,0.0019
BL0141,2009,8,77,82,5.326,0.0048
BL0725,2007,8,45,50,0.5561,0.0005
BL0784,2010,7,46,50,1.1176,0.001
BL0802,2010,7,45,49,1.0096,0.0009
BL0835,2010,7,48,53,1.2422,0.0011
BL0664,2008,8,66,72,1.8216,0.0016
BL2165,2014,7,50,54,1.1525,0.001
BL2150,2014,7,48,52,1.0616,0.0009
BL0545,2008,8,80,87,3.5461,0.0031
BL0597,2008,8,78,85,3.4461,0.003
BL0886,2010,8,61,66,2.4187,0.0021
BL0635,2008,8,86,94,4.3906,0.0038
BL0586,2008,8,45,49,0.578,0.0005
BL2273,2017,8,80,85,5.7639,0.005
BL0888,2010,8,74,81,4.81,0.0041
BL0728,2007,8,65,71,1.7652,0.0015
BL0818,2010,7,44,NA,0.9454,0.0008
BL0219,2009,7,44,47,0.8297,0.0007
BL0547,2008,8,59,64,1.5412,0.0013
BL0876,2010,7,52,57,1.5677,0.0013
BL0655,2008,8,77,84,2.6714,0.0022
BL0706,2008,8,75,82,2.4289,0.002
BL0246,2009,7,44,47,0.8516,0.0007
BL0214,2009,7,44,NA,0.7313,0.0006
BL0718,2007,8,58,62,0.6135,0.0005
BL2077,2013,7,50,54,1.2496,0.001
BL0340,2006,8,108,117,14.9817,0.0121
BL0667,2008,8,68,74,1.9812,0.0016
BL0785,2010,7,50,55,1.4943,0.0012
BL0857,2010,7,43,47,0.8759,0.0007
BL0345,2006,8,82,90,6.3915,0.0051
BL0609,2008,8,70,76,2.3812,0.0019
BL0521,2006,8,73,80,4.262,0.0034
BL2455,2012,7,38,41,0.57778,0.00046
BL0889,2010,8,76,83,5.6717,0.0045
BL0816,2010,7,54,59,1.7765,0.0014
BL0221,2009,7,33,36,0.2545,0.0002
BL0657,2008,8,65,71,1.7839,0.0014
BL0614,2008,8,72,78,2.0399,0.0016
BL0856,2010,7,43,47,0.8943,0.0007
BL0213,2009,7,40,44,0.6407,0.0005
BL0522,2006,8,73,81,3.7349,0.0029
BL0626,2008,8,95,104,5.3021,0.0041
BL0546,2008,8,81,88,3.8896,0.003
BL0834,2010,7,54,59,1.8393,0.0014
BL0847,2010,7,43,47,0.921,0.0007
BL0843,2010,7,45,50,1.0594,0.0008
BL0890,2010,8,79,86,5.5883,0.0042
BL2125,2013,8,93,102,9.8656,0.0074
BL0388,2006,8,66,72,2.9489,0.0022
BL0541,2008,8,82,88,3.7562,0.0028
BL0366,2006,8,62,68,2.5786,0.0019
BL2156,2014,7,48,53,1.0833,0.0008
BL0575,2008,8,60,65,1.3576,0.001
BL0595,2008,8,78,85,3.1623,0.0023
BL0673,2008,8,65,70,1.6502,0.0012
BL0646,2008,8,75,81,2.6143,0.0019
BL0323,2006,8,87,94,8.2834,0.006
BL0839,2010,7,45,50,0.9678,0.0007
BL0711,2007,8,65,71,1.3834,0.001
BL0656,2008,8,64,69,1.5241,0.0011
BL0594,2008,8,76,83,3.0551,0.0022
BL0458,2006,8,68,74,3.4788,0.0025
BL0542,2008,8,85,92,4.1761,0.003
BL0650,2008,8,63,69,1.5343,0.0011
BL0739,2007,8,48,53,0.5585,0.0004
BL0891,2010,8,89,97,8.9516,0.0064
BL0649,2008,8,80,88,3.7812,0.0027
BL0849,2010,7,45,49,0.983,0.0007
BL0638,2008,8,83,90,3.7953,0.0027
BL0846,2010,7,44,49,0.9898,0.0007
BL0831,2010,7,48,53,1.2807,0.0009
BL0848,2010,7,44,49,0.9981,0.0007
BL0731,2007,8,49,53,0.7153,0.0005
BL0653,2008,8,85,94,3.7234,0.0026
BL0836,2010,7,46,50,1.006,0.0007
BL0623,2008,8,66,72,1.5839,0.0011
BL0413,2006,8,61,66,2.3068,0.0016
BL0708,2007,8,63,68,1.4429,0.001
BL0789,2010,7,40,44,0.7233,0.0005
BL0833,2010,7,47,52,1.1626,0.0008
BL0877,2010,7,50,54,1.457,0.001
BL0865,2010,7,55,60,1.7645,0.0012
BL0773,2007,7,44,48,0.5901,0.0004
BL0852,2010,7,42,45,0.8889,0.0006
BL0369,2006,8,71,78,4.0062,0.0027
BL0805,2010,7,43,48,0.8939,0.0006
BL0850,2010,7,40,43,0.7487,0.0005
BL0470,2006,8,65,70,3.1678,0.0021
BL0671,2008,8,67,72,1.8191,0.0012
BL0423,2006,8,66,72,2.8934,0.0019
BL0669,2008,8,63,69,1.6753,0.0011
BL0204,2009,8,65,71,2.7489,0.0018
BL0544,2008,8,71,77,2.1647,0.0014
BL2087,2013,8,80,86,5.5189,0.0036
BL0631,2008,8,69,75,2.0146,0.0013
BL0243,2009,7,40,44,0.7776,0.0005
BL0829,2010,7,41,45,0.7777,0.0005
BL0723,2007,8,55,60,1.0904,0.0007
BL0884,2010,8,59,63,3.743,0.0024
BL0662,2008,8,76,82,2.4973,0.0016
BL0244,2009,7,42,45,0.7845,0.0005
BL0593,2008,8,71,78,2.1994,0.0014
BL0860,2010,7,41,45,0.7882,0.0005
BL0590,2008,8,85,92,3.9516,0.0025
BL0475,2006,8,67,73,3.6443,0.0023
BL0685,2008,8,57,63,1.2778,0.0008
BL0639,2008,8,66,72,1.9285,0.0012
BL2059,2013,7,51,56,0.9408,0.0006
BL0461,2006,8,65,71,2.917,0.0018
BL0607,2008,8,77,85,2.604,0.0016
BL0801,2010,7,48,53,1.1398,0.0007
BL0431,2006,8,67,73,3.0947,0.0019
BL0679,2008,8,71,78,2.4446,0.0015
BL0878,2010,7,50,55,1.469,0.0009
BL0844,2010,7,44,49,0.9804,0.0006
BL0211,2009,7,32,40,0.4911,0.0003
BL0632,2008,8,88,95,4.7532,0.0029
BL0830,2010,7,52,57,1.4753,0.0009
BL0645,2008,8,73,79,2.3058,0.0014
BL0866,2010,7,44,49,0.833,0.0005
BL0618,2008,8,73,79,2.3348,0.0014
BL0433,2006,8,55,60,1.8391,0.0011
BL0703,2008,8,76,82,2.3423,0.0014
BL0455,2006,8,77,84,5.5551,0.0033
BL0873,2010,7,47,52,1.181,0.0007
BL0629,2008,8,69,75,1.8581,0.0011
BL0220,2009,7,33,35,0.3383,0.0002
BL0536,2008,8,78,80,3.387,0.002
BL0721,2007,8,59,64,1.1922,0.0007
BL0841,2010,7,52,56,1.535,0.0009
BL0750,2007,7,47,51,0.6876,0.0004
BL0318,2006,8,63,68,2.7638,0.0016
BL0598,2008,8,73,79,2.4469,0.0014
BL0715,2007,8,62,68,1.401,0.0008
BL0572,2008,8,65,71,2.1077,0.0012
BL0295,2006,8,89,96,8.2814,0.0047
BL0543,2008,8,81,87,3.5348,0.002
BL0301,2006,8,74,81,4.2459,0.0024
BL0795,2010,7,46,50,1.2417,0.0007
BL0438,2006,8,56,61,1.9564,0.0011
BL0341,2006,8,88,95,8.7519,0.0049
BL0652,2008,8,54,69,0.8947,0.0005
BL0625,2008,8,74,81,2.5154,0.0014
BL0872,2010,7,46,51,1.08,0.0006
BL0447,2006,8,67,74,3.0698,0.0017
BL0712,2007,8,66,72,1.9964,0.0011
BL0704,2008,8,66,72,1.6375,0.0009
BL0610,2008,8,83,90,3.3031,0.0018
BL0644,2008,8,85,92,4.0564,0.0022
BL0430,2006,8,59,64,1.8459,0.001
BL0710,2007,8,56,61,1.1086,0.0006
BL0861,2010,7,38,41,0.5544,0.0003
BL0603,2008,8,84,91,4.109,0.0022
BL0672,2008,8,61,67,1.3172,0.0007
BL0855,2010,7,36,40,0.5665,0.0003
BL0322,2006,8,84,92,6.2409,0.0033
BL0411,2006,8,70,77,3.6029,0.0019
BL0537,2008,8,88,95,5.1438,0.0027
BL0641,2008,8,69,74,1.9102,0.001
BL0636,2008,8,77,83,3.2564,0.0017
BL0480,2006,8,60,65,2.9071,0.0015
BL0842,2010,7,49,54,1.3575,0.0007
BL0806,2010,7,38,NA,0.5853,0.0003
BL0647,2008,8,71,77,2.1512,0.0011
BL0616,2008,8,75,80,2.5514,0.0013
BL0218,2009,7,39,43,0.5923,0.0003
BL0514,2006,8,60,66,2.1769,0.0011
BL0810,2010,7,50,55,1.3882,0.0007
BL0361,2006,8,97,105,10.7196,0.0054
BL0633,2008,8,94,101,5.5721,0.0028
BL0398,2006,8,64,70,2.7926,0.0014
BL0333,2006,8,67,73,3.3935,0.0017
BL0709,2007,8,64,69,1.2008,0.0006
BL0273,2006,8,60,65,2.4097,0.0012
BL0296,2006,8,94,102,9.8399,0.0049
BL0414,2006,8,58,63,2.0117,0.001
BL0730,2007,8,58,63,1.2087,0.0006
BL0814,2010,7,53,57,1.6117,0.0008
BL0399,2006,8,63,69,2.6252,0.0013
BL0397,2006,8,62,68,2.4308,0.0012
BL0452,2006,8,61,67,2.638,0.0013
BL0714,2007,8,56,61,1.0177,0.0005
BL0654,2008,8,83,91,3.476,0.0017
BL0553,2008,8,54,60,1.0251,0.0005
BL0582,2008,8,51,55,0.829,0.0004
BL0676,2008,8,58,63,1.2435,0.0006
BL0429,2006,8,56,62,1.6613,0.0008
BL0684,2008,8,57,61,1.0433,0.0005
BL0752,2007,7,48,52,0.6288,0.0003
BL0862,2010,7,32,36,0.42,0.0002
BL0791,2010,7,52,58,1.895,0.0009
BL0436,2006,8,61,66,2.3278,0.0011
BL0759,2007,7,42,46,0.425,0.0002
BL0426,2006,8,61,67,2.3512,0.0011
BL0812,2010,7,48,53,1.2826,0.0006
BL0719,2007,8,57,62,1.0693,0.0005
BL0659,2008,8,79,86,2.7828,0.0013
BL0813,2010,7,48,53,1.2904,0.0006
BL0763,2007,7,40,44,0.4302,0.0002
BL0776,2010,7,52,57,1.5068,0.0007
BL0764,2007,7,40,44,0.4351,0.0002
BL0513,2006,8,61,66,2.1761,0.001
BL0336,2006,8,82,88,5.8855,0.0027
BL0386,2006,8,60,65,2.1809,0.001
BL0869,2010,7,44,48,0.8728,0.0004
BL0417,2006,8,58,64,1.9731,0.0009
BL0571,2008,8,65,71,1.7569,0.0008
BL0248,2009,7,39,42,0.6628,0.0003
BL0583,2008,8,62,66,1.3371,0.0006
BL0686,2008,8,66,72,1.7904,0.0008
BL0683,2008,8,71,76,1.8023,0.0008
BL0459,2006,8,67,74,3.1607,0.0014
BL0608,2008,8,80,86,3.1658,0.0014
BL0407,2006,8,56,61,1.8093,0.0008
BL0463,2006,8,75,82,4.9758,0.0022
BL0490,2006,8,59,64,2.0483,0.0009
BL0392,2006,8,61,66,2.2792,0.001
BL0628,2008,8,73,80,2.0534,0.0009
BL0570,2008,8,59,64,1.3711,0.0006
BL0677,2008,8,59,64,1.3716,0.0006
BL0796,2010,7,47,52,1.3748,0.0006
BL0809,2010,7,48,52,1.1467,0.0005
BL0446,2006,8,74,80,4.3805,0.0019
BL0682,2008,8,60,65,1.154,0.0005
BL0527,2006,8,68,75,3.0184,0.0013
BL0705,2008,8,71,78,2.0901,0.0009
BL0474,2006,8,84,91,7.6643,0.0033
BL0465,2006,8,69,75,3.4979,0.0015
BL0404,2006,8,59,64,2.3354,0.001
BL0210,2009,7,43,47,0.7044,0.0003
BL0525,2006,8,62,68,2.3614,0.001
BL0385,2006,8,70,76,4.0181,0.0017
BL0707,2007,8,68,74,1.8912,0.0008
BL0602,2008,8,76,83,2.8506,0.0012
BL0617,2008,8,67,73,1.9041,0.0008
BL0529,2006,8,62,68,2.144,0.0009
BL0454,2006,8,90,98,8.3723,0.0035
BL0630,2008,8,71,78,2.3951,0.001
BL0674,2008,8,58,63,1.2013,0.0005
BL0832,2010,7,48,53,1.2032,0.0005
BL0558,2008,8,57,62,1.6847,0.0007
BL0205,2009,8,40,44,0.4865,0.0002
BL0551,2008,8,65,70,1.7033,0.0007
BL0737,2007,8,55,60,0.9757,0.0004
BL0815,2010,7,43,47,0.9785,0.0004
BL0735,2007,8,53,58,0.7366,0.0003
BL0717,2007,8,50,55,0.7381,0.0003
BL0456,2006,8,77,84,4.936,0.002
BL0373,2006,8,62,67,2.4696,0.001
BL0599,2008,8,76,82,2.7194,0.0011
BL0573,2008,8,63,68,1.4843,0.0006
BL0559,2008,8,61,66,1.4852,0.0006
BL0563,2008,8,57,63,1.2379,0.0005
BL0713,2007,8,58,62,1.2452,0.0005
BL0756,2007,7,43,447,0.4991,0.0002
BL0554,2008,8,67,73,1.7521,0.0007
BL0619,2008,8,77,84,3.0121,0.0012
BL0585,2008,8,48,52,0.7544,0.0003
BL0487,2006,8,59,64,2.2693,0.0009
BL0853,2010,7,41,45,0.7577,0.0003
BL0519,2006,8,64,70,2.5286,0.001
BL0362,2006,8,92,100,9.6184,0.0038
BL0579,2008,8,61,66,1.2656,0.0005
BL0613,2008,8,75,80,2.7851,0.0011
BL0615,2008,8,79,86,3.3034,0.0013
BL0444,2006,8,46,50,1.0174,0.0004
BL0359,2006,8,74,79,4.5856,0.0018
BL0339,2006,8,89,96,7.668,0.003
BL0596,2008,8,86,94,4.6017,0.0018
BL0552,2008,8,61,66,1.7938,0.0007
BL0637,2008,8,78,85,4.1012,0.0016
BL0476,2006,8,58,64,2.0603,0.0008
BL0524,2006,8,59,64,2.0613,0.0008
BL0758,2007,7,44,48,0.5157,0.0002
BL0562,2008,8,65,70,1.5523,0.0006
BL0622,2008,8,69,75,1.8141,0.0007
BL0808,2010,7,42,NA,0.7859,0.0003
BL0378,2006,8,67,72,2.8837,0.0011
BL0858,2010,7,41,45,0.7874,0.0003
BL0342,2006,8,93,100,10.0285,0.0038
BL0794,2010,7,48,52,1.3235,0.0005
BL0745,2007,7,49,53,0.7952,0.0003
BL0370,2006,8,69,76,3.7185,0.0014
BL0294,2006,8,77,84,5.048,0.0019
BL0770,2007,7,42,46,0.5319,0.0002
BL0914,2012,8,57.34,62.75,1.8068,0.0007
BL0811,2010,7,48,53,1.3448,0.0005
BL0803,2010,7,42,46,0.8071,0.0003
BL0365,2006,8,72,78,3.7854,0.0014
BL0788,2010,7,46,51,1.0827,0.0004
BL0681,2008,8,55,60,1.0865,0.0004
BL0800,2010,7,58,63,1.9036,0.0007
BL0241,2009,7,41,45,0.8165,0.0003
BL0854,2010,7,41,45,0.8203,0.0003
BL0383,2006,8,67,73,3.2826,0.0012
BL0782,2010,7,49,54,1.3688,0.0005
BL0658,2008,8,81,88,3.5603,0.0013
BL0267,2006,8,66,71,3.2874,0.0012
BL0799,2010,7,44,45,1.0962,0.0004
BL0600,2008,8,68,74,1.6447,0.0006
BL0497,2006,8,89,96,7.136,0.0026
BL0634,2008,8,72,85,3.0428,0.0011
BL0483,2006,8,57,62,2.2176,0.0008
BL0503,2006,8,65,71,2.7812,0.001
BL0469,2006,8,62,68,2.2251,0.0008
BL0311,2006,8,92,100,7.8025,0.0028
BL0727,2007,8,58,63,1.1164,0.0004
BL0319,2006,8,72,78,3.9139,0.0014
BL0807,2010,7,47,52,1.1193,0.0004
BL0526,2006,8,54,60,1.6803,0.0006
BL0382,2006,8,58,63,1.9634,0.0007
BL0535,2006,8,68,74,3.0877,0.0011
BL0744,2007,8,45,50,0.5641,0.0002
BL0769,2007,7,45,49,0.5643,0.0002
BL2280,2017,8,77,84,4.3565,0.0015
BL0376,2006,8,62,68,2.5524,0.0009
BL0424,2006,8,75,82,4.2609,0.0015
BL0352,2006,8,75,82,4.5807,0.0016
BL0355,2006,8,66,72,2.865,0.001
BL0486,2006,8,69,76,3.7414,0.0013
BL0266,2006,8,70,77,3.7699,0.0013
BL0738,2007,8,52,58,0.8709,0.0003
BL0432,2006,8,50,55,1.1642,0.0004
BL0425,2006,8,53,58,1.4565,0.0005
BL0740,2007,8,46,51,0.5828,0.0002
BL0298,2006,8,81,89,5.2766,0.0018
BL0303,2006,8,84,91,5.5907,0.0019
BL0879,2010,7,50,55,1.4723,0.0005
BL0845,2010,7,44,48,0.8865,0.0003
BL0754,2007,7,45,50,0.5917,0.0002
BL0864,2010,7,49,54,1.1858,0.0004
BL0611,2008,8,73,80,2.6709,0.0009
BL0798,2010,7,45,50,1.1989,0.0004
BL0368,2006,8,66,71,3.0039,0.001
BL0515,2006,8,58,64,2.1045,0.0007
BL0620,2008,8,65,71,1.8084,0.0006
BL0817,2010,7,50,54,1.5072,0.0005
BL0310,2006,8,98,106,9.9674,0.0033
BL0777,2010,7,52,57,1.524,0.0005
BL0464,2006,8,77,85,4.5845,0.0015
BL0467,2006,8,60,66,2.1548,0.0007
BL0217,2009,7,35,38,0.3087,0.0001
BL0472,2006,8,58,63,2.1623,0.0007
BL0592,2008,8,77,83,2.7894,0.0009
BL0743,2007,8,52,57,0.9306,0.0003
BL0601,2008,8,72,78,2.1751,0.0007
BL0387,2006,8,62,68,2.1911,0.0007
BL0574,2008,8,60,65,1.2531,0.0004
BL0790,2010,7,43,48,0.94,0.0003
BL0457,2006,8,62,68,2.8329,0.0009
BL0591,2008,8,70,76,2.2051,0.0007
BL0437,2006,8,59,64,2.2136,0.0007
BL0678,2008,8,54,59,0.9502,0.0003
BL0523,2006,8,57,63,1.9028,0.0006
BL0351,2006,8,69,75,3.5235,0.0011
BL0733,2007,8,53,58,0.9639,0.0003
BL0531,2006,8,66,72,2.8952,0.0009
BL0428,2006,8,59,65,2.2655,0.0007
BL0528,2006,8,58,64,1.945,0.0006
BL0716,2007,8,48,53,0.6519,0.0002
BL0747,2007,7,48,52,0.6535,0.0002
BL0534,2006,8,60,66,2.3076,0.0007
BL0766,2007,7,47,51,0.6612,0.0002
BL0367,2006,8,65,70,2.9768,0.0009
BL0605,2008,8,77,84,2.9816,0.0009
BL0331,2006,8,67,74,3.3143,0.001
BL0448,2006,8,64,70,2.6685,0.0008
BL0732,2007,8,50,55,0.6678,0.0002
BL0285,2006,8,61,66,2.3375,0.0007
BL0453,2006,8,64,70,2.6731,0.0008
BL0804,2010,7,40,44,0.6694,0.0002
BL0695,2008,8,60,65,1.3412,0.0004
BL0580,2008,8,61,66,1.3454,0.0004
BL0449,2006,8,72,79,3.7045,0.0011
BL0734,2007,8,49,53,0.6756,0.0002
BL0793,2010,7,48,52,1.3662,0.0004
BL0439,2006,8,62,68,2.7329,0.0008
BL0289,2006,8,63,69,2.7428,0.0008
BL0550,2008,8,60,65,1.3757,0.0004
BL0379,2006,8,67,73,2.7546,0.0008
BL0612,2008,8,70,77,2.0705,0.0006
BL0441,2006,8,55,60,1.7297,0.0005
BL0494,2006,8,68,72,3.4824,0.001
BL0496,2006,8,72,79,3.4919,0.001
BL0442,2006,8,58,64,2.0982,0.0006
BL0371,2006,8,73,80,3.8553,0.0011
BL0354,2006,8,62,68,2.4636,0.0007
BL0473,2006,8,61,66,2.4749,0.0007
BL0640,2008,8,76,84,3.1832,0.0009
BL0471,2006,8,61,72,3.1849,0.0009
BL0863,2010,7,32,36,0.355,0.0001
BL0726,2007,8,49,51,0.713,0.0002
BL0687,2008,8,68,73,1.0743,0.0003
BL0364,2006,8,70,75,3.9929,0.0011
BL0240,2009,7,47,51,1.0917,0.0003
BL0353,2006,8,63,69,2.5515,0.0007
BL0394,2006,8,63,69,2.1872,0.0006
BL0434,2006,8,59,65,2.1875,0.0006
BL0589,2008,8,82,89,3.6482,0.001
BL0381,2006,8,73,80,4.3791,0.0012
BL0555,2008,8,60,65,1.4622,0.0004
BL0400,2006,8,63,69,2.5612,0.0007
BL0787,2010,7,50,55,1.4643,0.0004
BL0568,2008,8,55,60,1.099,0.0003
BL0488,2006,8,60,65,2.2092,0.0006
BL0409,2006,8,65,72,2.59,0.0007
BL0460,2006,8,63,68,2.5978,0.0007
BL0440,2006,8,68,74,3.3891,0.0009
BL0499,2006,8,77,84,4.1551,0.0011
BL0557,2008,8,56,61,1.1379,0.0003
BL0415,2006,8,58,63,1.9115,0.0005
BL0504,2006,8,76,83,4.6023,0.0012
BL0606,2008,8,78,83,2.3107,0.0006
BL0516,2006,8,61,67,2.3115,0.0006
BL0675,2008,8,58,62,1.1646,0.0003
BL0566,2008,8,63,58,1.1743,0.0003
BL0870,2010,7,42,46,0.7912,0.0002
BL0660,2008,8,75,83,2.3984,0.0006
BL0313,2006,8,76,82,3.9986,0.001
BL0491,2006,8,73,80,4.0075,0.001
BL0212,2009,7,35,NA,0.4014,0.0001
BL0462,2006,8,68,74,3.6277,0.0009
BL0360,2006,8,89,96,9.2892,0.0023
BL0479,2006,8,61,66,2.4249,0.0006
BL0651,2008,8,64,70,1.6214,0.0004
BL0556,2008,8,61,66,1.6251,0.0004
BL0786,2010,7,48,53,1.2205,0.0003
BL0349,2006,8,79,85,5.2988,0.0013
BL0337,2006,8,83,90,6.5467,0.0016
BL0338,2006,8,84,90,6.5479,0.0016
BL0576,2008,8,51,56,0.8195,0.0002
BL0665,2008,8,71,76,2.888,0.0007
BL0408,2006,8,70,76,2.9192,0.0007
BL0484,2006,8,56,61,1.6763,0.0004
BL0410,2006,8,63,68,2.5165,0.0006
BL0344,2006,8,93,100,8.9492,0.0021
BL0402,2006,8,63,69,2.5593,0.0006
BL0680,2008,8,60,65,1.2814,0.0003
BL0288,2006,8,63,69,2.5675,0.0006
BL0507,2006,8,65,71,2.5688,0.0006
BL0435,2006,8,62,68,2.5788,0.0006
BL0587,2008,8,54,58,0.8642,0.0002
BL0767,2007,7,40,44,0.4341,0.0001
BL0482,2006,8,64,70,2.6096,0.0006
BL0348,2006,8,82,88,6.0924,0.0014
BL0774,2007,7,41,45,0.4361,0.0001
BL0334,2006,8,58,64,1.7507,0.0004
BL0761,2007,7,44,48,0.4403,0.0001
BL0427,2006,8,57,62,1.7675,0.0004
BL0315,2006,8,71,77,3.5545,0.0008
BL0868,2010,7,43,47,0.8937,0.0002
BL0765,2007,7,41,45,0.4488,0.0001
BL0578,2008,8,54,59,0.9021,0.0002
BL0520,2006,8,64,70,2.7166,0.0006
BL0819,2010,7,50,55,1.3586,0.0003
BL0485,2006,8,61,68,2.2771,0.0005
BL0406,2006,8,66,71,2.7352,0.0006
BL0760,2007,7,41,44,0.4597,0.0001
BL0780,2010,7,50,55,1.3793,0.0003
BL0249,2009,7,36,39,0.4628,0.0001
BL0346,2006,8,72,78,4.1675,0.0009
BL0775,2007,7,43,47,0.4699,0.0001
BL0328,2006,8,63,69,2.8266,0.0006
BL0696,2008,8,56,61,0.9438,0.0002
BL0532,2006,8,76,83,4.726,0.001
BL0372,2006,8,88,95,7.5814,0.0016
BL0335,2006,8,71,77,3.8172,0.0008
BL0689,2008,8,61,67,1.4406,0.0003
BL0401,2006,8,61,67,2.4025,0.0005
BL0492,2006,8,72,79,3.8448,0.0008
BL0445,2006,8,55,60,1.9245,0.0004
BL0561,2008,8,52,58,0.9637,0.0002
BL0389,2006,8,62,68,2.4211,0.0005
BL0420,2006,8,63,69,2.4275,0.0005
BL0468,2006,8,62,68,2.4416,0.0005
BL0282,2006,8,68,74,2.9604,0.0006
BL0312,2006,8,73,79,3.9633,0.0008
BL0466,2006,8,77,85,5.4729,0.0011
BL0510,2006,8,73,81,4.0019,0.0008
BL0627,2008,8,81,86,3.0267,0.0006
BL0324,2006,8,99,107,12.1924,0.0024
BL0581,2008,8,58,63,1.0222,0.0002
BL0356,2006,8,62,68,2.5576,0.0005
BL0500,2006,8,86,94,6.1458,0.0012
BL0768,2007,7,45,49,0.514,0.0001
BL0250,2009,7,36,39,0.5178,0.0001
BL0577,2008,8,54,58,1.0548,0.0002
BL0797,2010,7,45,50,1.0604,0.0002
BL0501,2006,8,67,73,3.1932,0.0006
BL0477,2006,8,57,63,2.1351,0.0004
BL0569,2008,8,54,59,1.0705,0.0002
BL0293,2006,8,96,105,8.6291,0.0016
BL0511,2006,8,65,70,2.7203,0.0005
BL0216,2009,7,40,NA,0.5445,0.0001
BL0565,2008,8,62,67,1.6341,0.0003
BL0297,2006,8,86,94,7.6404,0.0014
BL0749,2007,7,45,48,0.5548,0.0001
BL0443,2006,8,55,60,1.6721,0.0003
BL0757,2007,7,46,51,0.5625,0.0001
BL0741,2007,8,46,51,0.5651,0.0001
BL0275,2006,8,82,89,5.699,0.001
BL0518,2006,8,66,72,2.8501,0.0005
BL0299,2006,8,66,71,2.8602,0.0005
BL0347,2006,8,69,75,3.4468,0.0006
BL0772,2007,7,44,48,0.5762,0.0001
BL0478,2006,8,55,60,1.7339,0.0003
BL0325,2006,8,83,90,6.3812,0.0011
BL0451,2006,8,62,69,2.3222,0.0004
BL0502,2006,8,66,71,2.9063,0.0005
BL0508,2006,8,66,73,2.9184,0.0005
BL0792,2010,7,45,50,1.1754,0.0002
BL0746,2007,7,46,50,0.5911,0.0001
BL0421,2006,8,56,61,1.7735,0.0003
BL0495,2006,8,70,76,3.5497,0.0006
BL0314,2006,8,68,73,2.9661,0.0005
BL0358,2006,8,79,86,4.7591,0.0008
BL0396,2006,8,66,72,2.984,0.0005
BL0560,2008,8,45,49,0.5973,0.0001
BL0771,2007,7,48,53,0.5973,0.0001
BL0320,2006,8,65,70,3.0005,0.0005
BL0621,2008,8,68,73,1.8126,0.0003
BL0419,2006,8,57,62,1.8514,0.0003
BL0357,2006,8,73,79,4.3432,0.0007
BL0374,2006,8,66,72,3.1383,0.0005
BL0742,2007,8,49,54,0.6286,0.0001
BL0509,2006,8,64,70,2.5984,0.0004
BL0697,2008,8,63,69,1.3158,0.0002
BL0498,2006,8,73,79,3.9829,0.0006
BL0530,2006,8,60,66,2.0164,0.0003
BL0422,2006,8,53,58,1.3455,0.0002
BL0350,2006,8,64,70,2.6942,0.0004
BL0375,2006,8,87,95,7.4837,0.0011
BL0316,2006,8,68,74,3.4039,0.0005
BL0306,2006,8,71,76,2.7732,0.0004
BL0517,2006,8,66,72,2.7785,0.0004
BL0698,2008,8,60,65,1.3971,0.0002
BL0564,2008,8,59,64,1.4213,0.0002
BL0390,2006,8,62,67,2.1388,0.0003
BL0418,2006,8,59,65,2.1407,0.0003
BL0624,2008,8,51,56,0.7192,0.0001
BL0690,2008,8,51,55,0.7324,0.0001
BL0292,2006,8,71,77,3.7148,0.0005
BL0604,2008,8,70,76,2.2332,0.0003
BL0412,2006,8,63,68,2.2471,0.0003
BL0343,2006,8,89,96,8.3639,0.0011
BL0305,2006,8,75,82,3.8473,0.0005
BL0416,2006,8,62,67,2.3167,0.0003
BL0300,2006,8,74,80,3.9609,0.0005
BL0493,2006,8,102,112,11.9681,0.0015
BL0287,2006,8,61,67,2.4045,0.0003
BL0691,2008,8,63,69,1.6473,0.0002
BL0481,2006,8,62,68,2.488,0.0003
BL0693,2008,8,54,60,0.8372,0.0001
BL0699,2008,8,46,50,0.845,0.0001
BL0584,2008,8,52,56,0.8546,0.0001
BL0748,2007,7,44,49,0.5142,0.0001
BL0700,2008,8,53,58,0.9067,0.0001
BL0694,2008,8,46,50,0.57,0.0001
BL0567,2008,8,53,58,0.9664,0.0001
BL0405,2006,8,58,63,1.9644,0.0002
BL0512,2006,8,59,64,1.9785,0.0002
BL0332,2006,8,59,NA,2.0062,0.0002
BL0284,2006,8,73,80,4.0163,0.0004
BL0762,2007,7,41,45,0.4041,0
BL0304,2006,8,68,75,3.0335,0.0003
BL0403,2006,8,68,74,3.0558,0.0003
BL0308,2006,8,71,77,3.3603,0.0003
BL0329,2006,8,63,69,2.3048,0.0002
BL0283,2006,8,69,75,3.5894,0.0003
BL0377,2006,8,62,69,2.3967,0.0002
BL0286,2006,8,64,69,2.4204,0.0002
BL0307,2006,8,72,78,3.6904,0.0003
BL0330,2006,8,63,69,2.5082,0.0002
BL0751,2007,7,40,44,0.3786,0
BL0290,2006,8,64,70,2.5396,0.0002
BL0702,2008,8,41,45,0.4046,0
BL0302,2006,8,67,73,2.9353,0.0002
BL0327,2006,8,91,98,8.8303,0.0006
BL0317,2006,8,65,70,3.0385,0.0002
BL0489,2006,8,50,55,1.5437,0.0001
BL0753,2007,7,43,47,0.4993,0
BL0755,2007,7,45,50,0.5224,0
BL0395,2006,8,63,68,1.9635,0.0001
BL0291,2006,8,70,76,4.1574,0.0002
BL0391,2006,8,61,67,2.3249,0.0001
BL0309,2006,8,66,71,2.3769,0.0001
BL0688,2008,8,52,57,0.9578,0
BL0321,2006,8,78,85,4.9738,0.0002
BL0692,2008,8,53,59,0.9956,0
BL0281,2006,8,62,68,2.6153,0.0001
BL0326,2006,8,91,100,7.9915,0.0003
BL0384,2006,8,68,74,3.0275,0.0001
BL0701,2008,8,54,59,0.8678,0
BL2324,2017,7,40,44,0.597,0